,player_id,name,birth_date,height,current_international,main_position,foot,current_club,goals_scored,goals_assisted,goals_conceded,clean_sheets,total_appearence,agent
0,108390,Thibaut Courtois,"['May', '11', '1992']",200.0,Belgium,Goalkeeper,left,Real Madrid,-,1,542,239,580,Christophe Henrotay
1,404839,Andriy Lunin,"['Feb', '11', '1999']",191.0,Ukraine,Goalkeeper,right,Real Madrid,-,-,124,34,107,Relatives
2,623525,Luis López,"['May', '8', '2001']",193.0,Spain,Goalkeeper,left,RM Castilla,-,-,37,6,30,Best of You
3,623526,Toni Fuidias,"['Apr', '15', '2001']",195.0,Spain,Goalkeeper,right,Girona,-,1,57,8,43,Relatives
4,926850,Diego Piñeiro,"['Feb', '13', '2004']",,Spain,Goalkeeper,,Real Madrid U19,-,-,13,3,10,Manuel García ...
5,401530,Éder Militão,"['Jan', '18', '1998']",186.0,Brazil,Defender Centre Back,right,Real Madrid,19,9,nan,nan,224,UJ Football Talent
6,59016,David Alaba,"['Jun', '24', '1992']",180.0,Austria,Defender Centre Back,left,Real Madrid,49,73,nan,nan,604,Relatives
7,58884,Nacho Fernández,"['Jan', '18', '1990']",180.0,Spain,Defender Centre Back,right,Real Madrid,20,9,nan,nan,427,Niagara Sports ...
8,251896,Jesús Vallejo,"['Jan', '5', '1997']",184.0,Spain,Defender Centre Back,right,Real Madrid,3,3,nan,nan,170,
9,618341,Mario Gila,"['Aug', '29', '2000']",185.0,Spain,Defender Centre Back,right,Lazio,6,3,nan,nan,90,Footfeel ISM
10,662261,Rafa Marín,"['May', '19', '2002']",191.0,Spain,Defender Centre Back,right,RM Castilla,3,1,nan,nan,64,LEADERBROCK
11,291417,Ferland Mendy,"['Jun', '8', '1995']",180.0,France,Defender Left Back,left,Real Madrid,10,23,nan,nan,262,FS Management
12,525299,Miguel Gutiérrez,"['Jul', '27', '2001']",180.0,Spain,Defender Left Back,left,Girona,9,15,nan,nan,91,Wasserman
13,44501,Marcelo,"['May', '12', '1988']",174.0,Brazil,Defender Left Back,left,Fluminense,45,103,nan,nan,576,Relatives
14,138927,Daniel Carvajal,"['Jan', '11', '1992']",173.0,Spain,Defender Right Back,right,Real Madrid,11,76,nan,nan,477,Ginés Carvajal
15,221316,Lucas Vázquez,"['Jul', '1', '1991']",173.0,Spain,Defender Right Back,right,Real Madrid,52,77,nan,nan,440,AC Talent
16,280730,Álvaro Odriozola,"['Dec', '14', '1995']",176.0,Spain,Defender Right Back,right,Real Madrid,9,27,nan,nan,231,Best of You
17,537759,Sergio Santos,"['Jan', '3', '2001']",180.0,Spain,Defender Right Back,right,CD Mirandés,2,4,nan,nan,67,Epic Sports
18,16306,Casemiro,"['Feb', '23', '1992']",185.0,Brazil,midfield Defensive Midfield,right,Man Utd,49,48,nan,nan,515,Best of You
19,495621,Antonio Blanco,"['Jul', '23', '2000']",176.0,Spain,midfield Defensive Midfield,right,Alavés,2,4,nan,nan,109,
20,369081,Federico Valverde,"['Jul', '22', '1998']",182.0,Uruguay,midfield Central Midfield,right,Real Madrid,21,18,nan,nan,276,Wasserman
21,640428,Eduardo Camavinga,"['Nov', '10', '2002']",182.0,France,midfield Central Midfield,left,Real Madrid,4,9,nan,nan,184,CAA Stellar
22,31909,Toni Kroos,"['Jan', '4', '1990']",183.0,Germany,midfield Central Midfield,right,Real Madrid,72,155,nan,nan,702,Sports360 GmbH
23,319745,Dani Ceballos,"['Aug', '7', '1996']",179.0,Spain,midfield Central Midfield,right,Real Madrid,15,25,nan,nan,303,Relatives
24,27992,Luka Modric,"['Sep', '9', '1985']",172.0,Croatia,midfield Central Midfield,right,Real Madrid,76,123,nan,nan,718,Universal Twenty Two
25,85288,Isco,"['Apr', '21', '1992']",176.0,Spain,midfield Attacking Midfield,right,Without Club,74,70,nan,nan,487,Gestifute
26,371998,Vinicius Junior,"['Jul', '12', '2000']",176.0,Brazil,Attack Left Winger,right,Real Madrid,73,69,nan,nan,278,TFM Agency
27,50202,Eden Hazard,"['Jan', '7', '1991']",175.0,Belgium,Attack Left Winger,right,Real Madrid,167,157,nan,nan,623,Relatives
28,412363,Rodrygo,"['Jan', '9', '2001']",174.0,Brazil,Attack Right Winger,right,Real Madrid,46,37,nan,nan,214,Un1que Football
29,296622,Marco Asensio,"['Jan', '21', '1996']",182.0,Spain,Attack Right Winger,left,Real Madrid,72,56,nan,nan,377,Gestifute
30,39381,Gareth Bale,"['Jul', '16', '1989']",186.0,Wales,Attack Right Winger,left,Retired,186,137,nan,nan,554,CAA Stellar
31,710004,Peter González,"['Jul', '25', '2002']",180.0,Dominican Republic,Attack Right Winger,left,RM Castilla,12,15,nan,nan,104,
32,18922,Karim Benzema,"['Dec', '19', '1987']",185.0,France,Attack Centre Forward,right,Real Madrid,418,192,nan,nan,794,
33,257462,Luka Jovic,"['Dec', '23', '1997']",182.0,Serbia,Attack Centre Forward,both,Fiorentina,72,26,nan,nan,261,LIAN Sports Group
34,225020,Mariano Díaz,"['Aug', '1', '1993']",180.0,Dominican Republic,Attack Centre Forward,right,Real Madrid,84,12,nan,nan,225,YOU FIRST
35,623521,Juanmi Latasa,"['Mar', '23', '2001']",192.0,Spain,Attack Centre Forward,left,Getafe,23,1,nan,nan,77,Niagara Sports ...
36,74857,Marc-André ter Stegen,"['Apr', '30', '1992']",187.0,Germany,Goalkeeper,right,Barcelona,-,1,555,233,574,ROOF
37,283170,Iñaki Peña,"['Mar', '2', '1999']",184.0,Spain,Goalkeeper,right,Barcelona,-,-,82,32,85,INTEGRAL ADVISING ...
38,111819,Neto,"['Jul', '19', '1989']",190.0,Brazil,Goalkeeper,right,Bournemouth,-,-,310,97,288,Bertolucci Sports
39,466783,Arnau Tenas,"['May', '30', '2001']",185.0,Spain,Goalkeeper,right,Barça Atlètic,-,1,77,24,70,"Puyol, De la Peña ..."
40,344457,Lazar Carevic,"['Mar', '16', '1999']",195.0,Montenegro,Goalkeeper,right,Vojvodina,-,-,134,42,135,Igor Gluscevic
41,480267,Ronald Araújo,"['Mar', '7', '1999']",188.0,Uruguay,Defender Centre Back,right,Barcelona,19,8,nan,nan,202,Excellence Sport
42,466794,Eric García,"['Jan', '9', '2001']",182.0,Spain,Defender Centre Back,right,Barcelona,7,4,nan,nan,151,"Puyol, De la Peña ..."
43,182904,Clément Lenglet,"['Jun', '17', '1995']",186.0,France,Defender Centre Back,left,Tottenham,14,8,nan,nan,353,Wasserman
44,331505,Óscar Mingueza,"['May', '13', '1999']",184.0,Spain,Defender Centre Back,right,Celta de Vigo,2,9,nan,nan,142,TACTIC GRUP - ...
45,18944,Gerard Piqué,"['Feb', '2', '1987']",194.0,Spain,Defender Centre Back,right,Retired,58,14,nan,nan,667,AC Talent
46,126540,Samuel Umtiti,"['Nov', '14', '1993']",182.0,France,Defender Centre Back,left,Lecce,7,4,nan,nan,326,AC Talent
47,388542,Arnau Comas,"['Apr', '11', '2000']",191.0,Spain,Defender Centre Back,right,FC Basel,4,1,nan,nan,110,Wasserman
48,617060,Mika Mármol,"['Jul', '1', '2001']",182.0,Spain,Defender Centre Back,left,FC Andorra,3,3,nan,nan,110,TACTIC GRUP - ...
49,69751,Jordi Alba,"['Mar', '21', '1989']",170.0,Spain,Defender Left Back,left,Barcelona,37,107,nan,nan,604,InterStarDeporte
50,636688,Alejandro Balde,"['Oct', '18', '2003']",175.0,Spain,Defender Left Back,left,Barcelona,1,10,nan,nan,85,Gestifute
51,476344,Emerson Royal,"['Jan', '14', '1999']",183.0,Brazil,Defender Right Back,right,Tottenham,9,13,nan,nan,183,
52,361104,Sergiño Dest,"['Nov', '3', '2000']",171.0,United States,Defender Right Back,right,AC Milan,11,20,nan,nan,200,CAA Stellar
53,85370,Sergi Roberto,"['Feb', '7', '1992']",178.0,Spain,Defender Right Back,right,Barcelona,23,43,nan,nan,453,TACTIC GRUP - ...
54,15951,Dani Alves,"['May', '6', '1983']",172.0,Brazil,Defender Right Back,right,Without Club,60,178,nan,nan,859,"Flashforward, S.L."
55,331508,Guillem Jaime,"['Jan', '6', '1999']",177.0,Spain,Defender Right Back,right,Intercity,5,11,nan,nan,134,TACTIC GRUP - ...
56,65230,Sergio Busquets,"['Jul', '16', '1988']",189.0,Spain,midfield Defensive Midfield,right,Barcelona,18,45,nan,nan,723,TACTIC GRUP - ...
57,388548,Jandro Orellana,"['Aug', '7', '2000']",176.0,Spain,midfield Defensive Midfield,right,FC Andorra,1,7,nan,nan,111,AC Talent
58,466806,Álvaro Sanz,"['Feb', '14', '2001']",170.0,Spain,midfield Defensive Midfield,right,CD Mirandés,2,4,nan,nan,90,Wasserman
59,683840,Pedri,"['Nov', '25', '2002']",174.0,Spain,midfield Central Midfield,right,Barcelona,20,15,nan,nan,146,LEADERBROCK
60,326330,Frenkie de Jong,"['May', '12', '1997']",181.0,Netherlands,midfield Central Midfield,right,Barcelona,35,47,nan,nan,348,HCM Sports ...
61,646740,Gavi,"['Aug', '5', '2004']",173.0,Spain,midfield Central Midfield,right,Barcelona,4,12,nan,nan,97,"Puyol, De la Peña ..."
62,466805,Nico González,"['Jan', '3', '2002']",188.0,Spain,midfield Central Midfield,right,Valencia,5,5,nan,nan,101,Gestifute
63,44162,Miralem Pjanic,"['Apr', '2', '1990']",178.0,Bosnia-Herzegovina,midfield Central Midfield,right,Sharjah FC,77,117,nan,nan,603,LIAN Sports Group
64,331511,Riqui Puig,"['Aug', '13', '1999']",169.0,Spain,midfield Central Midfield,right,Los Angeles,11,18,nan,nan,148,AC Talent
65,388555,Lucas de Vega,"['Jan', '16', '2000']",180.0,Brazil,midfield Central Midfield,right,Atl. Baleares,4,5,nan,nan,93,GLOBAL ASES
66,466810,Ansu Fati,"['Oct', '31', '2002']",178.0,Spain,Attack Left Winger,right,Barcelona,30,13,nan,nan,116,Relatives
67,398184,Ferran Torres,"['Feb', '29', '2000']",182.0,Spain,Attack Left Winger,right,Barcelona,40,30,nan,nan,221,LEADERBROCK
68,80444,Philippe Coutinho,"['Jun', '12', '1992']",172.0,Brazil,Attack Left Winger,right,Aston Villa,107,78,nan,nan,468,Sports Invest UK ltd
69,724520,Abde Ezzalzouli,"['Dec', '17', '2001']",177.0,Morocco,Attack Left Winger,right,CA Osasuna,12,9,nan,nan,86,INTEGRAL ADVISING ...
70,913539,Estanis Pedrola,"['Aug', '24', '2003']",185.0,Spain,Attack Left Winger,right,Barça Atlètic,9,1,nan,nan,32,EMG Mundial
71,288230,Ousmane Dembélé,"['May', '15', '1997']",178.0,France,Attack Right Winger,both,Barcelona,62,68,nan,nan,262,Relatives
72,204103,Adama Traoré,"['Jan', '25', '1996']",178.0,Spain,Attack Right Winger,right,Wolves,31,59,nan,nan,372,Gestifute
73,548031,Yusuf Demir,"['Jun', '2', '2003']",173.0,Austria,Attack Right Winger,left,Galatasaray,18,7,nan,nan,97,SBE Management AG
74,709969,Ilias Akhomach,"['Apr', '16', '2004']",175.0,Spain,Attack Right Winger,left,Barça Atlètic,5,-,nan,nan,54,
75,125781,Antoine Griezmann,"['Mar', '21', '1991']",176.0,France,Attack Second Striker,left,Atlético Madrid,242,108,nan,nan,642,BY AND FOR
76,167850,Memphis Depay,"['Feb', '13', '1994']",178.0,Netherlands,Attack Centre Forward,right,Atlético Madrid,163,96,nan,nan,428,TEAM DEPAY
77,58864,Pierre-Emerick Aubameyang,"['Jun', '18', '1989']",186.0,Gabon,Attack Centre Forward,right,Chelsea,315,93,nan,nan,630,Premier Sports ...
78,95732,Martin Braithwaite,"['Jun', '5', '1991']",177.0,Denmark,Attack Centre Forward,right,Espanyol,104,45,nan,nan,436,HCM Sports ...
79,72522,Luuk de Jong,"['Aug', '27', '1990']",188.0,Netherlands,Attack Centre Forward,right,PSV Eindhoven,226,116,nan,nan,562,V4S
80,599231,Ferran Jutglà,"['Feb', '1', '1999']",175.0,Spain,Attack Centre Forward,right,Club Brugge,48,17,nan,nan,141,YOU FIRST
81,308278,Rey Manaj,"['Feb', '24', '1997']",182.0,Albania,Attack Centre Forward,right,Without Club,51,3,nan,nan,213,Niagara Sports ...
82,26399,Sergio Agüero,"['Jun', '2', '1988']",173.0,Argentina,Attack Centre Forward,right,Retired,385,119,nan,nan,685,Eleven Talent Group
83,121483,Jan Oblak,"['Jan', '7', '1993']",188.0,Slovenia,Goalkeeper,right,Atlético Madrid,-,1,408,235,503,Miha Mlakar
84,127181,Benjamin Lecomte,"['Apr', '26', '1991']",186.0,France,Goalkeeper,left,Montpellier,-,2,406,102,337,
85,226073,Ivo Grbic,"['Jan', '18', '1996']",195.0,Croatia,Goalkeeper,right,Atlético Madrid,-,-,151,39,142,
86,461613,Christian Gómez,"['May', '18', '2000']",187.0,Spain,Goalkeeper,right,CD Leganés B,-,-,23,3,16,Relatives
87,618801,Alejandro Iturbe,"['Sep', '2', '2003']",186.0,Spain,Goalkeeper,right,Atl. Madrid B,-,-,34,14,34,
88,930415,Antonio Gomis,"['May', '20', '2003']",,Spain,Goalkeeper,left,Atl. Madrid B,-,-,19,6,18,
89,250845,José María Giménez,"['Jan', '20', '1995']",185.0,Uruguay,Defender Centre Back,right,Atlético Madrid,12,10,nan,nan,299,VIDA 11
90,281769,Mario Hermoso,"['Jun', '18', '1995']",184.0,Spain,Defender Centre Back,left,Atlético Madrid,13,9,nan,nan,256,Gesport Espizua SL
91,107010,Stefan Savic,"['Jan', '8', '1991']",187.0,Montenegro,Defender Centre Back,right,Atlético Madrid,10,7,nan,nan,446,Zarko Pelicic
92,491693,Nehuén Pérez,"['Jun', '24', '2000']",184.0,Argentina,Defender Centre Back,right,Udinese Calcio,5,1,nan,nan,111,Universal Twenty Two
93,156501,Felipe,"['May', '16', '1989']",190.0,Brazil,Defender Centre Back,right,Nottm Forest,19,11,nan,nan,374,Bertolucci Sports
94,534376,Marco Moreno,"['Feb', '20', '2001']",191.0,Spain,Defender Centre Back,right,Atl. Madrid B,4,-,nan,nan,49,NLN SPORT MANAGEMENT
95,784717,Fran González,"['Aug', '13', '1998']",190.0,Spain,Defender Centre Back,right,Atl. Madrid B,-,-,nan,nan,36,Eloísa López
96,628464,Manu Lama,"['Feb', '12', '2001']",192.0,Spain,Defender Centre Back,right,CF Fuenlabrada,1,-,nan,nan,25,
97,537458,Joan Rojas,"['Jan', '14', '2000']",185.0,Spain,Defender Centre Back,left,Calahorra,2,1,nan,nan,65,Goal Management
98,668273,Ibra Cámara,"['Jan', '18', '2003']",181.0,Spain,Defender Centre Back,,Atl. Madrid B,-,-,nan,nan,12,ROOF Talents
99,476352,Renan Lodi,"['Apr', '8', '1998']",173.0,Brazil,Defender Left Back,left,Nottm Forest,11,19,nan,nan,199,
100,240692,Reinildo Mandava,"['Jan', '21', '1994']",180.0,Mozambique,Defender Left Back,left,Atlético Madrid,7,1,nan,nan,208,Blueprivate ...
101,95810,Kieran Trippier,"['Sep', '19', '1990']",173.0,England,Defender Right Back,right,Newcastle,13,87,nan,nan,496,CAA Base Ltd
102,63463,Daniel Wass,"['May', '31', '1989']",178.0,Denmark,Defender Right Back,right,Bröndby IF,62,61,nan,nan,561,CAA Stellar
103,76061,Sime Vrsaljko,"['Jan', '10', '1992']",181.0,Croatia,Defender Right Back,right,Retired,4,38,nan,nan,317,Universal Twenty Two
104,379632,Sergio Camus,"['Apr', '19', '1997']",176.0,Spain,Defender Right Back,right,Atl. Madrid B,-,-,nan,nan,95,EGGO Asesores ...
105,935456,Sergio Diez,"['Jul', '28', '2003']",178.0,Spain,Defender Right Back,right,Atl. Madrid B,2,2,nan,nan,39,MESAS SPORT
106,127189,Geoffrey Kondogbia,"['Feb', '15', '1993']",188.0,Central African Republic,midfield Defensive Midfield,left,Atlético Madrid,15,21,nan,nan,396,Sport Cover
107,282411,Marcos Llorente,"['Jan', '30', '1995']",184.0,Spain,midfield Central Midfield,right,Atlético Madrid,26,31,nan,nan,297,
108,255901,Rodrigo de Paul,"['May', '24', '1994']",180.0,Argentina,midfield Central Midfield,right,Atlético Madrid,50,56,nan,nan,384,Augustin Jimenez
109,74229,Koke,"['Jan', '8', '1992']",176.0,Spain,midfield Central Midfield,right,Atlético Madrid,54,111,nan,nan,650,Gesport Espizua SL
110,148928,Saúl Ñíguez,"['Nov', '21', '1994']",184.0,Spain,midfield Central Midfield,left,Atlético Madrid,56,22,nan,nan,505,CAA Stellar
111,122043,Héctor Herrera,"['Apr', '19', '1990']",180.0,Mexico,midfield Central Midfield,right,Houston,40,45,nan,nan,407,Ocelot Sports
112,668177,Javi Serrano,"['Jan', '16', '2003']",178.0,Spain,midfield Central Midfield,right,UD Ibiza,1,-,nan,nan,45,YOU FIRST
113,568149,Alberto Moreno,"['Apr', '19', '2002']",175.0,Spain,midfield Central Midfield,right,Atl. Madrid B,-,2,nan,nan,39,Footfeel ISM
114,775605,Pablo Barrios,"['Jun', '15', '2003']",181.0,Spain,midfield Central Midfield,right,Atlético Madrid,5,2,nan,nan,45,CAA Stellar
115,205562,Thomas Lemar,"['Nov', '12', '1995']",171.0,France,midfield Attacking Midfield,left,Atlético Madrid,33,59,nan,nan,337,Kemari
116,140776,Yannick Carrasco,"['Sep', '4', '1993']",181.0,Belgium,Attack Left Winger,right,Atlético Madrid,90,85,nan,nan,418,Gol International
117,266807,Ángel Correa,"['Mar', '9', '1995']",171.0,Argentina,Attack Right Winger,right,Atlético Madrid,79,76,nan,nan,434,Augustin Jimenez
118,462250,João Félix,"['Nov', '10', '1999']",181.0,Portugal,Attack Second Striker,right,Chelsea,71,35,nan,nan,236,Gestifute
119,517894,Matheus Cunha,"['May', '27', '1999']",183.0,Brazil,Attack Centre Forward,right,Wolves,41,30,nan,nan,199,Bertolucci Sports
120,44352,Luis Suárez,"['Jan', '24', '1987']",182.0,Uruguay,Attack Centre Forward,right,Grêmio,456,249,nan,nan,737,Relatives
121,505674,Sergio Camello,"['Feb', '10', '2001']",177.0,Spain,Attack Centre Forward,right,Rayo Vallecano,44,10,nan,nan,146,Best of You
122,274347,Ivan Saponjic,"['Aug', '2', '1997']",190.0,Serbia,Attack Centre Forward,right,Bandirmaspor,49,15,nan,nan,218,Relatives
123,742201,Giuliano Simeone,"['Dec', '18', '2002']",173.0,Argentina,Attack Centre Forward,right,Real Zaragoza,12,3,nan,nan,53,AC Talent
124,618813,Carlos Martín,"['Apr', '22', '2002']",180.0,Spain,Attack Centre Forward,right,Atl. Madrid B,19,4,nan,nan,45,Antonio López ...
125,229604,Gerónimo Rulli,"['May', '20', '1992']",189.0,Argentina,Goalkeeper,right,Ajax,-,-,380,131,355,CAA Stellar
126,51710,Sergio Asenjo,"['Jun', '28', '1989']",189.0,Spain,Goalkeeper,right,Real Valladolid,-,-,453,122,380,
127,547248,Iker Álvarez,"['Jul', '25', '2001']",190.0,Andorra,Goalkeeper,right,Villarreal CF B,-,-,55,15,44,Promoesport
128,585323,Filip Jörgensen,"['Apr', '16', '2002']",190.0,Denmark,Goalkeeper,right,Villarreal,-,-,58,17,53,Goal Management
129,399776,Pau Torres,"['Jan', '16', '1997']",191.0,Spain,Defender Centre Back,left,Villarreal,15,5,nan,nan,277,InterStarDeporte
130,494880,Jorge Cuenca,"['Nov', '17', '1999']",190.0,Spain,Defender Centre Back,left,Villarreal,7,2,nan,nan,167,InterStarDeporte
131,80293,Aïssa Mandi,"['Oct', '22', '1991']",184.0,Algeria,Defender Centre Back,right,Villarreal,24,16,nan,nan,397,Wasserman
132,15452,Raúl Albiol,"['Sep', '4', '1985']",190.0,Spain,Defender Centre Back,right,Villarreal,22,11,nan,nan,707,Football Capital
133,341263,Adrián de la Fuente,"['Feb', '26', '1999']",179.0,Spain,Defender Centre Back,right,Villarreal CF B,10,3,nan,nan,145,Gesport Espizua SL
134,349599,Pervis Estupiñán,"['Jan', '21', '1998']",175.0,Ecuador,Defender Left Back,left,Brighton,7,23,nan,nan,273,Promoesport
135,356197,Alfonso Pedraza,"['Apr', '9', '1996']",184.0,Spain,Defender Left Back,left,Villarreal,30,33,nan,nan,301,LEADERBROCK
136,207917,Alberto Moreno,"['Jul', '5', '1992']",171.0,Spain,Defender Left Back,left,Villarreal,19,23,nan,nan,342,
137,627282,Dani Tasende,"['Jul', '6', '2000']",172.0,Spain,Defender Left Back,left,Villarreal CF B,8,6,nan,nan,99,VIDA 11
138,480763,Juan Foyth,"['Jan', '12', '1998']",187.0,Argentina,Defender Right Back,right,Villarreal,4,5,nan,nan,140,Primotempo
139,127032,Serge Aurier,"['Dec', '24', '1992']",176.0,Cote d'Ivoire,Defender Right Back,right,Nottm Forest,22,47,nan,nan,379,
140,73250,Mario Gaspar,"['Nov', '24', '1990']",180.0,Spain,Defender Right Back,right,Watford,11,26,nan,nan,532,Toreta d.o.o.
141,238868,Rubén Peña,"['Jul', '18', '1991']",170.0,Spain,Defender Right Back,right,CA Osasuna,21,18,nan,nan,293,
142,631098,Lanchi,"['Jun', '23', '2001']",,Spain,Defender Right Back,right,San Fernando CD,2,-,nan,nan,48,YOU FIRST
143,74869,Francis Coquelin,"['May', '13', '1991']",177.0,France,midfield Defensive Midfield,right,Villarreal,11,11,nan,nan,414,One Team Football
144,63494,Étienne Capoue,"['Jul', '11', '1988']",189.0,France,midfield Defensive Midfield,right,Villarreal,39,28,nan,nan,521,World Soccer Star ...
145,65467,Vicente Iborra,"['Jan', '16', '1988']",190.0,Spain,midfield Defensive Midfield,right,Levante,57,24,nan,nan,551,Wasserman
146,348795,Giovani Lo Celso,"['Apr', '9', '1996']",177.0,Argentina,midfield Central Midfield,left,Villarreal,35,38,nan,nan,284,DCGLOBALSL
147,188854,Manu Trigueros,"['Oct', '17', '1991']",178.0,Spain,midfield Central Midfield,right,Villarreal,40,44,nan,nan,489,
148,59561,Dani Parejo,"['Apr', '16', '1989']",182.0,Spain,midfield Central Midfield,right,Villarreal,94,104,nan,nan,669,AC Talent
149,335225,Manu Morlanes,"['Jan', '12', '1999']",178.0,Spain,midfield Central Midfield,right,RCD Mallorca,7,8,nan,nan,169,Goal Management
150,568156,Antonio Pacheco,"['Jan', '3', '2002']",184.0,Spain,midfield Central Midfield,right,Villarreal CF B,8,3,nan,nan,84,Wasserman
151,627287,Carlo García,"['Feb', '12', '2001']",182.0,Spain,midfield Attacking Midfield,right,Villarreal CF B,6,4,nan,nan,94,Promoesport
152,355861,Arnaut Danjuma,"['Jan', '31', '1997']",178.0,Netherlands,Attack Left Winger,right,Tottenham,75,36,nan,nan,229,Panthera Sports
153,175449,Moi Gómez,"['Jun', '23', '1994']",176.0,Spain,Attack Left Winger,right,CA Osasuna,34,51,nan,nan,418,InterStarDeporte
154,614464,Nikita Iosifov,"['Apr', '11', '2001']",175.0,Russia,Attack Left Winger,right,Villarreal CF B,12,13,nan,nan,102,CAA Stellar
155,568157,Yéremy Pino,"['Oct', '20', '2002']",172.0,Spain,Attack Right Winger,right,Villarreal,18,12,nan,nan,120,CAA Stellar
156,401922,Samuel Chukwueze,"['May', '22', '1999']",172.0,Nigeria,Attack Right Winger,left,Villarreal,41,33,nan,nan,224,10Management
157,413262,Dani Raba,"['Oct', '29', '1995']",185.0,Spain,Attack Right Winger,left,CD Leganés,23,16,nan,nan,166,Antonio López ...
158,177467,Gerard Moreno,"['Apr', '7', '1992']",180.0,Spain,Attack Centre Forward,left,Villarreal,170,54,nan,nan,418,YOU FIRST
159,626913,Boulaye Dia,"['Nov', '16', '1996']",180.0,Senegal,Attack Centre Forward,right,Salernitana,68,16,nan,nan,183,Frederic Guerra ...
160,126716,Paco Alcácer,"['Aug', '30', '1993']",175.0,Spain,Attack Centre Forward,right,Sharjah FC,133,50,nan,nan,392,Toldra Consulting ...
161,627294,Fer Niño,"['Oct', '24', '2000']",191.0,Spain,Attack Centre Forward,right,Villarreal CF B,16,5,nan,nan,105,YOU FIRST
162,776890,Nicolas Jackson,"['Jun', '20', '2001']",188.0,Senegal,Attack Centre Forward,right,Villarreal,18,15,nan,nan,88,Epic Sports
163,461631,Juan Carlos Arana,"['Feb', '8', '2000']",182.0,Spain,Attack Centre Forward,right,SD Eibar,22,5,nan,nan,75,CAA Stellar
164,207834,Bono,"['Apr', '5', '1991']",192.0,Morocco,Goalkeeper,left,Sevilla FC,1,2,360,114,316,no agent
165,94308,Marko Dmitrović,"['Jan', '24', '1992']",189.0,Serbia,Goalkeeper,left,Sevilla FC,1,1,308,94,266,IDUB GLOBAL
166,396107,Javi Díaz,"['May', '15', '1997']",185.0,Spain,Goalkeeper,right,CD Tenerife,-,-,47,17,48,Football Evolution
167,537367,Alfonso Pastor,"['Oct', '4', '2000']",190.0,Spain,Goalkeeper,right,Castellón,-,-,114,28,86,Niagara Sur
168,537369,Adrián González,"['Mar', '20', '2000']",188.0,Spain,Goalkeeper,right,Sevilla Atl.,-,-,5,2,6,380amk
169,766552,Alberto Flores,"['Nov', '10', '2003']",187.0,Spain,Goalkeeper,left,Sevilla Atl.,-,-,34,16,40,YOU FIRST
170,411975,Jules Koundé,"['Nov', '12', '1998']",180.0,France,Defender Centre Back,right,Barcelona,14,10,nan,nan,242,ESN
171,329145,Diego Carlos,"['Mar', '15', '1993']",185.0,Brazil,Defender Centre Back,right,Aston Villa,12,1,nan,nan,299,Bertolucci Sports
172,182579,Karim Rekik,"['Dec', '2', '1994']",186.0,Netherlands,Defender Centre Back,left,Sevilla FC,8,8,nan,nan,282,Juzzt Football
173,766583,Kike Salas,"['Apr', '23', '2002']",188.0,Spain,Defender Centre Back,left,CD Tenerife,3,4,nan,nan,60,YOU FIRST
174,60410,Marcos Acuña,"['Oct', '28', '1991']",172.0,Argentina,Defender Left Back,left,Sevilla FC,34,63,nan,nan,384,Eleven Talent Group
175,170646,Ludwig Augustinsson,"['Apr', '21', '1994']",181.0,Sweden,Defender Left Back,left,RCD Mallorca,11,64,nan,nan,333,HCM Sports ...
176,628923,Juan María Alcedo,"['Feb', '5', '2001']",179.0,Spain,Defender Left Back,left,Albacete,1,4,nan,nan,81,
177,711628,Pablo Pérez,"['Aug', '18', '2001']",174.0,Spain,Defender Left Back,left,Sevilla Atl.,2,1,nan,nan,52,YOU FIRST
178,402733,Gonzalo Montiel,"['Jan', '1', '1997']",175.0,Argentina,Defender Right Back,right,Sevilla FC,8,20,nan,nan,207,Interplayers
179,341272,Alejandro Pozo,"['Feb', '22', '1999']",173.0,Spain,Defender Right Back,right,UD Almería,13,19,nan,nan,238,
180,15956,Jesús Navas,"['Nov', '21', '1985']",172.0,Spain,Defender Right Back,right,Sevilla FC,44,156,nan,nan,827,Bahía Internacional
181,537373,Valentino Fattore,"['Aug', '10', '2001']",178.0,Spain,Defender Right Back,right,Sevilla Atl.,9,3,nan,nan,82,RR-Soccer ...
182,711625,José Ángel Carmona,"['Jan', '29', '2002']",184.0,Spain,Defender Right Back,right,Elche CF,3,2,nan,nan,61,380amk
183,74294,Nemanja Gudelj,"['Nov', '16', '1991']",187.0,Serbia,midfield Defensive Midfield,right,Sevilla FC,43,36,nan,nan,475,Promoesport
184,51174,Fernando,"['Jul', '25', '1987']",183.0,Brazil,midfield Defensive Midfield,right,Sevilla FC,22,27,nan,nan,578,no agent
185,263727,Joan Jordán,"['Jul', '6', '1994']",185.0,Spain,midfield Central Midfield,right,Sevilla FC,34,24,nan,nan,397,LEADERBROCK
186,214775,Óliver Torres,"['Nov', '10', '1994']",175.0,Spain,midfield Central Midfield,right,Sevilla FC,28,45,nan,nan,396,YOU FIRST
187,32467,Ivan Rakitic,"['Mar', '10', '1988']",184.0,Croatia,midfield Central Midfield,right,Sevilla FC,120,131,nan,nan,810,AC Talent
188,91849,Thomas Delaney,"['Sep', '3', '1991']",182.0,Denmark,midfield Central Midfield,left,TSG Hoffenheim,37,36,nan,nan,437,Elite Sports ...
189,610238,Pedro Ortiz,"['Aug', '19', '2000']",184.0,Spain,midfield Central Midfield,left,Vizela,5,5,nan,nan,86,MagicPlayers
190,284884,Óscar Rodríguez,"['Jun', '28', '1998']",174.0,Spain,midfield Attacking Midfield,right,Celta de Vigo,29,20,nan,nan,220,RR-Soccer ...
191,536826,Nacho Quintana,"['Feb', '23', '2001']",178.0,Spain,midfield Attacking Midfield,right,Sevilla Atl.,9,6,nan,nan,79,380amk
192,189441,Lucas Ocampos,"['Jul', '11', '1994']",187.0,Argentina,Attack Left Winger,both,Sevilla FC,91,46,nan,nan,464,Interplayers
193,20005,Papu Gómez,"['Feb', '15', '1988']",167.0,Argentina,Attack Left Winger,right,Sevilla FC,115,114,nan,nan,633,Gr Sports
194,241391,Oussama Idrissi,"['Feb', '26', '1996']",183.0,Morocco,Attack Left Winger,right,Feyenoord,72,53,nan,nan,310,
195,125165,Tecatito,"['Jan', '6', '1993']",173.0,Mexico,Attack Right Winger,both,Sevilla FC,56,84,nan,nan,421,CANTERA LATINA / ...
196,111630,Erik Lamela,"['Mar', '4', '1992']",184.0,Argentina,Attack Right Winger,left,Sevilla FC,74,72,nan,nan,430,Interplayers
197,111961,Suso,"['Nov', '19', '1993']",177.0,Spain,Attack Right Winger,left,Sevilla FC,53,71,nan,nan,389,Promoesport
198,676042,Juanlu Sánchez,"['Aug', '15', '2003']",186.0,Spain,Attack Right Winger,right,CD Mirandés,10,10,nan,nan,113,Promoesport
199,610461,Luismi Cruz,"['May', '23', '2001']",166.0,Spain,Attack Right Winger,left,Barça Atlètic,14,18,nan,nan,93,YOU FIRST
200,587562,Antonio Zarzana,"['Mar', '21', '2002']",177.0,Spain,Attack Right Winger,left,CD Numancia,3,5,nan,nan,66,Promoesport
201,433049,Youssef En-Nesyri,"['Jun', '1', '1997']",192.0,Morocco,Attack Centre Forward,left,Sevilla FC,73,9,nan,nan,247,starbox
202,361254,Rafa Mir,"['Jun', '18', '1997']",191.0,Spain,Attack Centre Forward,right,Sevilla FC,83,15,nan,nan,259,Gestifute
203,182877,Anthony Martial,"['Dec', '5', '1995']",181.0,France,Attack Centre Forward,right,Man Utd,103,62,nan,nan,382,USFA Management
204,223725,Munir El Haddadi,"['Sep', '1', '1995']",175.0,Morocco,Attack Centre Forward,left,Getafe,84,37,nan,nan,310,Feel Winner
205,628886,Iván Romero,"['Apr', '10', '2001']",173.0,Spain,Attack Centre Forward,right,CD Tenerife,22,9,nan,nan,95,33 Sport
206,212862,Álex Remiro,"['Mar', '24', '1995']",191.0,Spain,Goalkeeper,right,Real Sociedad,-,-,268,104,270,Feel Winner
207,128969,Mathew Ryan,"['Apr', '8', '1992']",184.0,Australia,Goalkeeper,right,AZ Alkmaar,-,1,483,135,413,Beckster Int.
208,561702,Gaizka Ayesa,"['Apr', '2', '2001']",182.0,Spain,Goalkeeper,right,CD Numancia,-,1,75,18,66,IDUB GLOBAL
209,625657,Unai Marrero,"['Oct', '9', '2001']",189.0,Spain,Goalkeeper,right,Real Sociedad B,-,-,46,23,57,
210,351809,Robin Le Normand,"['Nov', '11', '1996']",187.0,France,Defender Centre Back,right,Real Sociedad,8,7,nan,nan,259,AC Talent
211,229804,Aritz Elustondo,"['Mar', '28', '1994']",182.0,Spain,Defender Centre Back,right,Real Sociedad,18,10,nan,nan,290,IDUB GLOBAL
212,355628,Igor Zubeldia,"['Mar', '30', '1997']",181.0,Spain,Defender Centre Back,right,Real Sociedad,7,9,nan,nan,267,Wasserman
213,580560,Jon Pacheco,"['Jan', '8', '2001']",184.0,Spain,Defender Centre Back,left,Real Sociedad,-,1,nan,nan,76,IDUB GLOBAL
214,625651,Urko González,"['Mar', '20', '2001']",189.0,Spain,Defender Centre Back,right,Real Sociedad B,-,1,nan,nan,77,IDUB GLOBAL
215,517842,Aihen Muñoz,"['Aug', '16', '1997']",175.0,Spain,Defender Left Back,left,Real Sociedad,1,3,nan,nan,147,YOU FIRST
216,249513,Diego Rico,"['Feb', '23', '1993']",183.0,Spain,Defender Left Back,left,Real Sociedad,11,20,nan,nan,323,IDUB GLOBAL
217,43003,Nacho Monreal,"['Feb', '26', '1986']",179.0,Spain,Defender Left Back,left,Retired,19,36,nan,nan,517,GLOBAL ASES
218,674501,Jonathan Gómez,"['Sep', '1', '2003']",178.0,United States,Defender Left Back,left,Real Sociedad B,3,13,nan,nan,90,Octagon
219,696890,Cristo Romero,"['Apr', '30', '2000']",174.0,Spain,Defender Left Back,left,Intercity,-,4,nan,nan,64,Best of You
220,289255,Andoni Gorosabel,"['Aug', '4', '1996']",174.0,Spain,Defender Right Back,right,Real Sociedad,3,15,nan,nan,202,
221,197135,Joseba Zaldua,"['Jun', '24', '1992']",174.0,Spain,Defender Right Back,right,Cádiz CF,4,17,nan,nan,297,IDUB GLOBAL
222,434990,Álex Sola,"['Jun', '9', '1999']",178.0,Spain,Defender Right Back,right,Real Sociedad,5,5,nan,nan,131,LEADERBROCK
223,423440,Martín Zubimendi,"['Feb', '2', '1999']",181.0,Spain,midfield Defensive Midfield,right,Real Sociedad,8,7,nan,nan,190,IDUB GLOBAL
224,59344,Asier Illarramendi,"['Mar', '8', '1990']",179.0,Spain,midfield Defensive Midfield,right,Real Sociedad,19,19,nan,nan,407,Bahía Internacional
225,338424,Mikel Merino,"['Jun', '22', '1996']",189.0,Spain,midfield Central Midfield,left,Real Sociedad,28,31,nan,nan,295,Bahía Internacional
226,465967,Ander Guevara,"['Jul', '7', '1997']",180.0,Spain,midfield Central Midfield,right,Real Sociedad,3,2,nan,nan,173,YOU FIRST
227,634431,Beñat Turrientes,"['Jan', '31', '2002']",181.0,Spain,midfield Central Midfield,right,Real Sociedad,1,3,nan,nan,62,IDUB GLOBAL
228,289257,Jon Guridi,"['Feb', '28', '1995']",179.0,Spain,midfield Central Midfield,left,Alavés,17,12,nan,nan,223,IDUB GLOBAL
229,625660,Jon Ander Olasagasti,"['Aug', '16', '2000']",176.0,Spain,midfield Central Midfield,,Real Sociedad B,11,5,nan,nan,95,IDUB GLOBAL
230,129473,Rafinha,"['Feb', '12', '1993']",174.0,Brazil,midfield Attacking Midfield,left,Al-Arabi SC,43,48,nan,nan,333,The Player ...
231,35518,David Silva,"['Jan', '8', '1986']",170.0,Spain,midfield Attacking Midfield,left,Real Sociedad,121,194,nan,nan,743,IFM
232,563137,Robert Navarro,"['Apr', '12', '2002']",178.0,Spain,midfield Attacking Midfield,right,Real Sociedad,20,12,nan,nan,113,
233,351478,Mikel Oyarzabal,"['Apr', '21', '1997']",181.0,Spain,Attack Left Winger,left,Real Sociedad,86,51,nan,nan,310,
234,616369,Ander Barrenetxea,"['Dec', '27', '2001']",175.0,Spain,Attack Left Winger,right,Real Sociedad,12,5,nan,nan,119,Wasserman
235,594926,Näis Djouahra,"['Nov', '23', '1999']",172.0,France,Attack Left Winger,right,HNK Rijeka,13,6,nan,nan,129,YOU FIRST
236,177847,Adnan Januzaj,"['Feb', '5', '1995']",186.0,Belgium,Attack Right Winger,left,Basaksehir,42,46,nan,nan,328,Rafaela Pimenta
237,99353,Portu,"['May', '21', '1992']",167.0,Spain,Attack Right Winger,right,Getafe,63,42,nan,nan,474,Wasserman
238,548188,Germán Valera,"['Mar', '16', '2002']",170.0,Spain,Attack Right Winger,left,FC Andorra,11,4,nan,nan,109,Excellence Sport
239,625658,Ander Martín,"['Nov', '16', '2000']",177.0,Spain,Attack Right Winger,left,Real Sociedad B,7,8,nan,nan,80,YOU FIRST
240,349066,Alexander Isak,"['Sep', '21', '1999']",192.0,Sweden,Attack Centre Forward,right,Newcastle,92,21,nan,nan,241,Universal Twenty Two
241,238407,Alexander Sørloth,"['Dec', '5', '1995']",195.0,Norway,Attack Centre Forward,left,Real Sociedad,104,41,nan,nan,326,Keypass AS
242,216464,Carlos Fernández,"['May', '22', '1996']",185.0,Spain,Attack Centre Forward,left,Real Sociedad,67,11,nan,nan,254,Relatives
243,711382,Jon Karrikaburu,"['Sep', '19', '2002']",183.0,Spain,Attack Centre Forward,right,CD Leganés,20,4,nan,nan,76,Bahía Internacional
244,625654,Julen Lobete,"['Sep', '18', '2000']",177.0,Spain,Attack Centre Forward,right,RKC Waalwijk,21,13,nan,nan,118,Wasserman
245,289236,Jon Bautista,"['Jul', '3', '1995']",180.0,Spain,Attack Centre Forward,right,SD Eibar,53,17,nan,nan,254,IDUB GLOBAL
246,502676,Giorgi Mamardashvili,"['Sep', '29', '2000']",197.0,Georgia,Goalkeeper,left,Valencia,-,-,157,35,127,Free Football
247,146227,Jasper Cillessen,"['Apr', '22', '1989']",187.0,Netherlands,Goalkeeper,right,NEC Nijmegen,-,-,352,117,325,SEG
248,227805,Jaume Doménech,"['Nov', '5', '1990']",185.0,Spain,Goalkeeper,right,Valencia,-,1,211,51,173,Wasserman
249,398131,Cristian Rivero,"['Mar', '21', '1998']",188.0,Spain,Goalkeeper,right,Valencia,-,-,117,22,87,INTEGRAL ADVISING ...
250,707271,Charlie Pérez,"['Jun', '7', '2002']",,Spain,Goalkeeper,,Valencia B,-,-,5,-,3,PARRI GROUP
251,353032,Omar Alderete,"['Dec', '26', '1996']",188.0,Paraguay,Defender Centre Back,left,Getafe,7,3,nan,nan,173,La Squadra Sports
252,149498,Gabriel Paulista,"['Nov', '26', '1990']",187.0,Brazil,Defender Centre Back,right,Valencia,10,7,nan,nan,389,ADM Esporte
253,346289,Mouctar Diakhaby,"['Dec', '19', '1996']",192.0,Guinea,Defender Centre Back,right,Valencia,15,4,nan,nan,227,VV Consulting
254,298583,Eray Cömert,"['Feb', '4', '1998']",183.0,Switzerland,Defender Centre Back,right,Valencia,17,5,nan,nan,255,Libera Sports
255,163086,Cristiano Piccini,"['Sep', '26', '1992']",189.0,Italy,Defender Centre Back,right,1.FC Magdeburg,12,11,nan,nan,317,CAA Base Ltd
256,646750,Cristhian Mosquera,"['Jun', '27', '2004']",191.0,Spain,Defender Centre Back,right,Valencia B,-,-,nan,nan,21,INVSPORT (Sergio ...
257,707274,César Tárrega,"['Feb', '26', '2002']",194.0,Spain,Defender Centre Back,right,Valencia B,1,-,nan,nan,32,Wasserman
258,668212,Rubén Iranzo,"['Mar', '14', '2003']",182.0,Spain,Defender Centre Back,right,Valencia B,1,-,nan,nan,31,Promoesport
259,221322,José Gayà,"['May', '25', '1995', 'Happy', 'Birthday']",172.0,Spain,Defender Left Back,left,Valencia,13,38,nan,nan,388,Toldra Consulting ...
260,623024,Jesús Vázquez,"['Jan', '2', '2003']",182.0,Spain,Defender Left Back,left,Valencia,1,2,nan,nan,58,LEADERBROCK
261,320271,Toni Lato,"['Nov', '21', '1997']",171.0,Spain,Defender Left Back,left,Valencia,5,8,nan,nan,165,Toldra Consulting ...
262,367466,Thierry Correia,"['Mar', '9', '1999']",176.0,Portugal,Defender Right Back,right,Valencia,2,3,nan,nan,106,Gestifute
263,170472,Dimitri Foulquier,"['Mar', '23', '1993']",183.0,Guadeloupe,Defender Right Back,right,Valencia,6,19,nan,nan,308,ACE
264,589459,Joseda Menargues,"['May', '1', '2002']",181.0,Spain,Defender Right Back,right,UD Ibiza,4,1,nan,nan,54,Antonio López ...
265,495629,Hugo Guillamón,"['Jan', '31', '2000']",178.0,Spain,midfield Defensive Midfield,right,Valencia,6,4,nan,nan,164,InterStarDeporte
266,417575,Uros Racic,"['Mar', '17', '1998']",193.0,Serbia,midfield Defensive Midfield,both,SC Braga,14,7,nan,nan,221,Igor Gluscevic
267,372246,Carlos Soler,"['Jan', '2', '1997']",180.0,Spain,midfield Central Midfield,right,Paris SG,48,36,nan,nan,306,Promoesport
268,503991,Yunus Musah,"['Nov', '29', '2002']",178.0,United States,midfield Central Midfield,right,Valencia,11,6,nan,nan,148,Relatives
269,617074,Ilaix Moriba,"['Jan', '19', '2003']",185.0,Guinea,midfield Central Midfield,right,Valencia,5,9,nan,nan,100,ROGON
270,569375,Koba Koindredi,"['Oct', '27', '2001']",184.0,Neukaledonien,midfield Central Midfield,left,Real Oviedo,7,4,nan,nan,80,Team Spirit ...
271,834764,Javi Guerra,"['May', '13', '2003']",187.0,Spain,midfield Central Midfield,right,Valencia B,2,1,nan,nan,34,INTEGRAL ADVISING ...
272,944124,Lass Sangaré,"['Nov', '20', '2001']",183.0,Cote d'Ivoire,midfield Central Midfield,right,CF Talavera,1,-,nan,nan,32,SL Management Group
273,941869,Yellu Santiago,"['May', '25', '2004', 'Happy', 'Birthday']",192.0,Spain,midfield Central Midfield,right,Valencia B,1,-,nan,nan,30,LEADERBROCK
274,699771,Pedro Alemañ,"['Mar', '21', '2002']",182.0,Spain,midfield Attacking Midfield,left,Sparta R.,2,2,nan,nan,32,INTEGRAL ADVISING ...
275,537382,Bryan Gil,"['Feb', '11', '2001']",175.0,Spain,Attack Left Winger,left,Sevilla FC,13,19,nan,nan,156,IFM
276,527350,Manu Vallejo,"['Feb', '14', '1997']",167.0,Spain,Attack Left Winger,right,Real Oviedo,27,9,nan,nan,132,Promoesport
277,98322,Denis Cheryshev,"['Dec', '26', '1990']",179.0,Russia,Attack Left Winger,left,Venezia,49,42,nan,nan,356,Eleven Talent Group
278,328914,Álex Blanco,"['Dec', '16', '1998']",175.0,Spain,Attack Left Winger,left,Como,20,14,nan,nan,157,AC Talent
279,173900,Hélder Costa,"['Jan', '12', '1994']",179.0,Angola,Attack Right Winger,left,Al-Ittihad Club,51,58,nan,nan,336,Gestifute
280,263860,Jason,"['Jul', '6', '1994']",178.0,Spain,Attack Right Winger,right,Alavés,26,14,nan,nan,280,LEADERBROCK
281,707279,Hugo González,"['Feb', '7', '2003']",,Spain,Attack Right Winger,,Valencia B,6,1,nan,nan,47,INTEGRAL ADVISING ...
282,225122,Gonçalo Guedes,"['Nov', '29', '1996']",179.0,Portugal,Attack Second Striker,right,Benfica,66,65,nan,nan,340,Gestifute
283,396894,Maxi Gómez,"['Aug', '14', '1996']",186.0,Uruguay,Attack Centre Forward,right,Trabzonspor,89,39,nan,nan,270,AIS Football
284,573775,Hugo Duro,"['Nov', '10', '1999']",182.0,Spain,Attack Centre Forward,left,Valencia,39,10,nan,nan,151,MESAS SPORT
285,481084,Marcos André,"['Oct', '20', '1996']",185.0,Brazil,Attack Centre Forward,right,Valencia,47,13,nan,nan,218,ADM PRO
286,85383,Rubén Sobrino,"['Jun', '1', '1992']",185.0,Spain,Attack Centre Forward,right,Cádiz CF,37,22,nan,nan,299,LEADERBROCK
287,617081,Diego López,"['May', '13', '2002']",,Spain,Attack Centre Forward,,Valencia B,6,2,nan,nan,30,Gelu Rodríguez
288,941867,Mario Dominguez,"['Feb', '10', '2004']",175.0,Spain,Attack Centre Forward,,Valencia U19,-,-,nan,nan,11,LEADERBROCK
289,234811,Rui Silva,"['Feb', '7', '1994']",191.0,Portugal,Goalkeeper,left,Real Betis,-,-,293,78,242,Team of Future
290,101118,Joel Robles,"['Jun', '17', '1990']",197.0,Spain,Goalkeeper,right,Leeds,-,-,266,71,216,InterStarDeporte
291,40423,Claudio Bravo,"['Apr', '13', '1983']",184.0,Chile,Goalkeeper,right,Real Betis,1,-,498,162,445,
292,566666,Dani Rebollo,"['Dec', '10', '1999']",188.0,Spain,Goalkeeper,right,Dep. Aragón,1,-,90,19,70,CAA Stellar
293,401624,Edgar González,"['Apr', '1', '1997']",193.0,Spain,Defender Centre Back,right,Real Betis,6,2,nan,nan,165,InterStarDeporte
294,99922,Marc Bartra,"['Jan', '15', '1991']",184.0,Spain,Defender Centre Back,right,Trabzonspor,25,14,nan,nan,420,InterStarDeporte
295,113133,Germán Pezzella,"['Jun', '27', '1991']",187.0,Argentina,Defender Centre Back,right,Real Betis,16,8,nan,nan,343,Guastadisegno
296,27374,Sidnei,"['Aug', '23', '1989']",184.0,Brazil,Defender Centre Back,right,UD Las Palmas,17,10,nan,nan,363,YOU FIRST
297,62920,Víctor Ruiz,"['Jan', '25', '1989']",184.0,Spain,Defender Centre Back,left,Real Betis,10,9,nan,nan,432,MagicPlayers
298,531824,Kike Hermoso,"['Aug', '10', '1999']",190.0,Spain,Defender Centre Back,right,Vilafranquense,1,-,nan,nan,67,PROTIO SPORT
299,193098,Álex Moreno,"['Jun', '8', '1993']",179.0,Spain,Defender Left Back,left,Aston Villa,21,31,nan,nan,372,Gol International
300,341227,Juan Miranda,"['Jan', '19', '2000']",185.0,Spain,Defender Left Back,left,Real Betis,8,16,nan,nan,133,AC Talent
301,388512,Marc Baró,"['Aug', '23', '1999']",184.0,Spain,Defender Left Back,left,Atl. Baleares,3,3,nan,nan,103,
302,630998,José Calderón,"['Jan', '7', '2000']",170.0,Spain,Defender Left Back,left,Córdoba CF,3,8,nan,nan,80,Promoesport
303,191217,Héctor Bellerín,"['Mar', '19', '1995']",178.0,Spain,Defender Right Back,right,Sporting CP,15,41,nan,nan,335,Goal Management
304,135492,Youssouf Sabaly,"['Mar', '5', '1993']",173.0,Senegal,Defender Right Back,right,Real Betis,5,24,nan,nan,294,
305,378139,Aitor Ruibal,"['Mar', '22', '1996']",176.0,Spain,Defender Right Back,right,Real Betis,33,10,nan,nan,235,JV SPORTS SL
306,68645,Martín Montoya,"['Apr', '14', '1991']",175.0,Spain,Defender Right Back,right,Real Betis,5,28,nan,nan,301,OLIMPUS ESPORT ...
307,711638,Fran Delgado,"['Jul', '11', '2001']",181.0,Spain,Defender Right Back,right,Betis Deportivo,-,5,nan,nan,80,Footfeel ISM
308,342385,Guido Rodríguez,"['Apr', '12', '1994']",185.0,Argentina,midfield Defensive Midfield,right,Real Betis,25,5,nan,nan,340,Interplayers
309,100131,William Carvalho,"['Apr', '7', '1992']",187.0,Portugal,midfield Defensive Midfield,right,Real Betis,24,28,nan,nan,421,PCR Sports
310,429901,Paul Akouokou,"['Dec', '20', '1997']",181.0,Cote d'Ivoire,midfield Defensive Midfield,right,Real Betis,4,6,nan,nan,112,Promoesport
311,20506,Andrés Guardado,"['Sep', '28', '1986']",167.0,Mexico,midfield Central Midfield,left,Real Betis,41,82,nan,nan,582,
312,263856,Víctor Camarasa,"['May', '28', '1994']",183.0,Spain,midfield Central Midfield,right,Real Oviedo,14,13,nan,nan,230,Promoesport
313,718580,Antonio Marchena,"['Jul', '27', '2002']",182.0,Spain,midfield Central Midfield,,Betis Deportivo,2,1,nan,nan,59,YOU FIRST
314,203496,Nabil Fekir,"['Jul', '18', '1993']",173.0,France,midfield Attacking Midfield,left,Real Betis,97,72,nan,nan,331,Relatives
315,66106,Sergio Canales,"['Feb', '16', '1991']",178.0,Spain,midfield Attacking Midfield,left,Real Betis,68,65,nan,nan,505,Best of You
316,630995,Rodri Sánchez,"['May', '16', '2000']",175.0,Spain,midfield Attacking Midfield,left,Real Betis,6,13,nan,nan,94,Bahía Internacional
317,395694,Yassin Fekir,"['May', '5', '1997']",170.0,France,midfield Attacking Midfield,right,R. B. Linense,23,5,nan,nan,148,Promoesport
318,126737,Juanmi,"['May', '20', '1993']",172.0,Spain,Attack Left Winger,right,Real Betis,81,22,nan,nan,350,LIAN Sports Group
319,141834,Cristian Tello,"['Aug', '11', '1991']",178.0,Spain,Attack Left Winger,both,Al-Fateh,74,64,nan,nan,434,TACTIC GRUP - ...
320,371174,Diego Lainez,"['Jun', '9', '2000']",167.0,Mexico,Attack Right Winger,left,Tigres UANL,11,13,nan,nan,160,PitZGroup
321,505675,Rober González,"['Jan', '8', '2001']",169.0,Spain,Attack Right Winger,both,Alavés,20,7,nan,nan,125,ELITE INTERNACIONAL ...
322,7663,Joaquín,"['Jul', '21', '1981']",181.0,Spain,Attack Right Winger,right,Real Betis,112,103,nan,nan,844,Juzzt Football
323,278359,Borja Iglesias,"['Jan', '17', '1993']",187.0,Spain,Attack Centre Forward,right,Real Betis,170,21,nan,nan,397,Toldra Consulting ...
324,122155,Willian José,"['Nov', '23', '1991']",189.0,Brazil,Attack Centre Forward,right,Real Betis,119,30,nan,nan,451,Un1que Football
325,354741,Loren Morón,"['Dec', '30', '1993']",185.0,Spain,Attack Centre Forward,right,UD Las Palmas,65,8,nan,nan,231,YOU FIRST
326,631002,Raúl García,"['Nov', '3', '2000']",192.0,Spain,Attack Centre Forward,right,CD Mirandés,41,10,nan,nan,101,Fernando Galvez ...
327,262396,Unai Simón,"['Jun', '11', '1997']",190.0,Spain,Goalkeeper,right,Athletic,-,2,211,78,218,CAA Stellar
328,625014,Julen Agirrezabala,"['Dec', '26', '2000']",187.0,Spain,Goalkeeper,left,Athletic,-,-,63,20,65,YOU FIRST
329,379548,Jokin Ezkieta,"['Aug', '17', '1996']",193.0,Spain,Goalkeeper,right,Racing,-,-,106,26,89,
330,480958,Ander Iru,"['Aug', '22', '1998']",188.0,Spain,Goalkeeper,left,Athletic,-,-,31,10,29,IDUB GLOBAL
331,158863,Iñigo Martínez,"['May', '17', '1991']",182.0,Spain,Defender Centre Back,left,Athletic,26,13,nan,nan,447,Carmelo Sánchez
332,255488,Yeray Álvarez,"['Jan', '24', '1995']",182.0,Spain,Defender Centre Back,right,Athletic,4,5,nan,nan,275,
333,524000,Dani Vivian,"['Jul', '5', '1999']",184.0,Spain,Defender Centre Back,right,Athletic,9,4,nan,nan,140,Acción Sport
334,338285,Unai Núñez,"['Jan', '30', '1997']",186.0,Spain,Defender Centre Back,right,Celta de Vigo,6,3,nan,nan,192,LEADERBROCK
335,591916,Aitor Paredes,"['Apr', '29', '2000']",185.0,Spain,Defender Centre Back,right,Athletic,4,1,nan,nan,70,CAA Stellar
336,61812,Yuri Berchiche,"['Feb', '10', '1990']",181.0,Spain,Defender Left Back,left,Athletic,24,35,nan,nan,414,Media Base Sports
337,85258,Mikel Balenziaga,"['Feb', '29', '1988']",177.0,Spain,Defender Left Back,left,Athletic,1,16,nan,nan,475,Football Promotions ...
338,255501,Iñigo Lekue,"['May', '4', '1993']",180.0,Spain,Defender Right Back,right,Athletic,5,19,nan,nan,274,
339,197545,Ander Capa,"['Feb', '8', '1992']",175.0,Spain,Defender Right Back,right,Athletic,20,27,nan,nan,326,
340,96718,Óscar de Marcos,"['Apr', '14', '1989']",182.0,Spain,Defender Right Back,right,Athletic,40,54,nan,nan,517,
341,527838,Álex Petxa,"['Feb', '6', '1997']",180.0,Spain,Defender Right Back,right,FC Andorra,4,10,nan,nan,103,IDUB GLOBAL
342,300168,Mikel Vesga,"['Apr', '8', '1993']",191.0,Spain,midfield Defensive Midfield,left,Athletic,13,17,nan,nan,297,Football Promotions ...
343,447052,Peru Nolaskoain,"['Oct', '25', '1998']",186.0,Spain,midfield Defensive Midfield,right,SD Eibar,12,4,nan,nan,170,CAA Stellar
344,610083,Unai Vencedor,"['Nov', '15', '2000']",176.0,Spain,midfield Central Midfield,right,Athletic,5,9,nan,nan,144,
345,524010,Oier Zarraga,"['Jan', '4', '1999']",175.0,Spain,midfield Central Midfield,right,Athletic,9,7,nan,nan,108,
346,178425,Dani García,"['May', '24', '1990']",179.0,Spain,midfield Central Midfield,right,Athletic,3,12,nan,nan,464,RGFOOTBALL
347,54235,Iker Muniain,"['Dec', '19', '1992']",169.0,Spain,midfield Attacking Midfield,right,Athletic,76,70,nan,nan,551,Jesus Medina Martin
348,571020,Oihan Sancet,"['Apr', '25', '2000']",188.0,Spain,midfield Attacking Midfield,right,Athletic,25,10,nan,nan,141,
349,338425,Álex Berenguer,"['Jul', '4', '1995']",175.0,Spain,Attack Left Winger,right,Athletic,35,40,nan,nan,306,YOU FIRST
350,455349,Jon Morcillo,"['Sep', '15', '1998']",183.0,Spain,Attack Left Winger,left,Athletic,14,13,nan,nan,108,Football Promotions ...
351,668183,Nico Serrano,"['Mar', '5', '2003']",176.0,Spain,Attack Left Winger,left,CD Mirandés,7,8,nan,nan,74,
352,834755,Luis Bilbao,"['Mar', '24', '2003']",183.0,Spain,Attack Left Winger,left,Bilbao Athletic,5,4,nan,nan,46,
353,709187,Nico Williams,"['Jul', '12', '2002']",181.0,Spain,Attack Right Winger,right,Athletic,21,19,nan,nan,110,
354,626960,Juan Artola,"['Apr', '7', '2000']",177.0,Spain,Attack Right Winger,right,Burgos CF,27,8,nan,nan,122,CAA Stellar
355,255508,Iñaki Williams,"['Jun', '15', '1994']",186.0,Ghana,Attack Centre Forward,right,Athletic,107,58,nan,nan,411,
356,251897,Asier Villalibre,"['Sep', '30', '1997']",184.0,Spain,Attack Centre Forward,left,Alavés,59,25,nan,nan,260,
357,34601,Raúl García,"['Jul', '11', '1986']",184.0,Spain,Attack Centre Forward,right,Athletic,150,69,nan,nan,789,Bahía Internacional
358,226012,David Soria,"['Apr', '4', '1993']",192.0,Spain,Goalkeeper,right,Getafe,-,3,272,108,272,Promoesport
359,246335,Rubén Yáñez,"['Oct', '12', '1993']",188.0,Spain,Goalkeeper,right,Málaga CF,-,-,126,39,116,Niagara Sports ...
360,341713,Diego Conde,"['Oct', '28', '1998']",188.0,Spain,Goalkeeper,,Getafe,-,-,61,14,48,Manuel García ...
361,221150,Djené,"['Dec', '31', '1991']",178.0,Togo,Defender Centre Back,right,Getafe,2,7,nan,nan,317,SPORTBACK
362,302991,Erick Cabaco,"['Apr', '19', '1995']",185.0,Uruguay,Defender Centre Back,right,Granada CF,6,4,nan,nan,175,InterStarDeporte
363,143029,Stefan Mitrovic,"['May', '22', '1990']",189.0,Serbia,Defender Centre Back,both,Getafe,13,4,nan,nan,375,
364,70245,Ignasi Miquel,"['Sep', '28', '1992']",189.0,Spain,Defender Centre Back,left,Granada CF,13,4,nan,nan,313,no agent
365,248330,Chema Rodríguez,"['Mar', '3', '1992']",189.0,Spain,Defender Centre Back,left,SD Eibar,12,1,nan,nan,203,Sport Agency 4U
366,577486,Gastón Álvarez,"['Mar', '24', '2000']",184.0,Uruguay,Defender Centre Back,left,Getafe,6,-,nan,nan,74,FGM
367,783873,Álvaro López,"['Jun', '7', '1999']",,Spain,Defender Centre Back,,Unión Adarve,-,-,nan,nan,26,
368,857939,Chinchu,"['Mar', '5', '2002']",,Spain,Defender Centre Back,,CD Mirandés B,-,-,nan,nan,14,AIM fútbol
369,284857,Marc Cucurella,"['Jul', '22', '1998']",173.0,Spain,Defender Left Back,left,Chelsea,9,22,nan,nan,258,EMG Mundial
370,376514,Mathías Olivera,"['Oct', '31', '1997']",185.0,Uruguay,Defender Left Back,left,SSC Napoli,5,11,nan,nan,166,GBG Global Business ...
371,189453,Jonathan Silva,"['Jun', '29', '1994']",178.0,Argentina,Defender Left Back,left,Granada CF,10,27,nan,nan,258,Sergio Esayan
372,809639,Koffi,"['Nov', '20', '2001']",,Ghana,Defender Left Back,,Getafe CF B,-,1,nan,nan,27,JV SPORTS SL
373,390688,Juan Iglesias,"['Jul', '3', '1998']",187.0,Spain,Defender Right Back,right,Getafe,1,3,nan,nan,162,IFM
374,76746,Damián Suárez,"['Apr', '27', '1988']",173.0,Uruguay,Defender Right Back,right,Getafe,9,33,nan,nan,457,GBG Global Business ...
375,111508,Allan Nyom,"['May', '10', '1988']",189.0,Cameroon,Defender Right Back,right,CD Leganés,7,16,nan,nan,523,JV SPORTS SL
376,889717,Pablo Montero,"['May', '9', '2002']",168.0,Spain,midfield,,Madrid 2021,-,-,nan,nan,3,
377,357162,Florentino,"['Aug', '19', '1999']",184.0,Portugal,midfield Defensive Midfield,right,Benfica,3,10,nan,nan,210,Team of Future
378,137616,Okay Yokuslu,"['Mar', '9', '1994']",191.0,Turkey,midfield Defensive Midfield,right,West Brom,28,15,nan,nan,401,FOOTALENT
379,158795,David Timor,"['Oct', '17', '1989']",185.0,Spain,midfield Defensive Midfield,left,SD Huesca,36,18,nan,nan,444,Pedro Bravo - ...
380,638589,Ángel Algobia,"['Jun', '23', '1999']",188.0,Spain,midfield Defensive Midfield,right,Getafe,1,-,nan,nan,52,JONATHAN SÁNCHEZ
381,290249,Mauro Arambarri,"['Sep', '30', '1995']",175.0,Uruguay,midfield Central Midfield,right,Getafe,7,15,nan,nan,249,Relatives
382,273152,Nemanja Maksimovic,"['Jan', '26', '1995']",184.0,Serbia,midfield Central Midfield,right,Getafe,22,10,nan,nan,311,Promoesport
383,284854,Carles Aleñá,"['Jan', '5', '1998']",180.0,Spain,midfield Central Midfield,left,Getafe,33,24,nan,nan,251,"Puyol, De la Peña ..."
384,398163,Gonzalo Villar,"['Mar', '23', '1998']",181.0,Spain,midfield Central Midfield,right,Getafe,4,4,nan,nan,184,Footfeel ISM
385,841121,John Joe Patrick Finn,"['Oct', '24', '2003']",192.0,Ireland,midfield Central Midfield,right,Getafe CF B,-,-,nan,nan,11,Niagara Sports ...
386,708500,Totti,"['Dec', '14', '2001']",181.0,Spain,midfield Central Midfield,right,Murcia Imperial,-,-,nan,nan,3,
387,319160,Jakub Jankto,"['Jan', '19', '1996']",184.0,Czech Republic,midfield Left Midfield,left,Sparta Prague,30,30,nan,nan,259,Gr Sports
388,732096,Santi García,"['Aug', '29', '2001']",184.0,Spain,midfield Attacking Midfield,,Getafe CF B,1,-,nan,nan,22,JONATHAN SÁNCHEZ
389,891091,Diego López,"['Oct', '21', '2001']",,Spain,midfield Attacking Midfield,,Getafe CF B,2,-,nan,nan,6,JONATHAN SÁNCHEZ
390,67082,Vitolo,"['Nov', '2', '1989']",184.0,Spain,Attack Left Winger,right,UD Las Palmas,66,61,nan,nan,417,Bahía Internacional
391,251106,Enes Ünal,"['May', '10', '1997']",187.0,Turkey,Attack Centre Forward,right,Getafe,93,26,nan,nan,327,FutureBall
392,298976,Borja Mayoral,"['Apr', '5', '1997']",182.0,Spain,Attack Centre Forward,right,Getafe,88,25,nan,nan,286,Footfeel ISM
393,546047,José Juan Macías,"['Sep', '22', '1999']",178.0,Mexico,Attack Centre Forward,right,Chivas,51,3,nan,nan,147,
394,199369,Sandro Ramírez,"['Jul', '9', '1995']",175.0,Spain,Attack Centre Forward,right,UD Las Palmas,59,22,nan,nan,281,Wasserman
395,227961,Jaime Mata,"['Oct', '24', '1988']",186.0,Spain,Attack Centre Forward,right,Getafe,143,34,nan,nan,432,Viasport
396,399780,Darío Poveda,"['Mar', '13', '1997']",187.0,Spain,Attack Centre Forward,right,FC Cartagena,33,3,nan,nan,149,Manuel García ...
397,715650,Mamor Niang,"['Feb', '4', '2002']",190.0,Senegal,Attack Centre Forward,left,UE Cornellà,5,3,nan,nan,38,JV SPORTS SL
398,34370,Diego López,"['Nov', '3', '1981']",196.0,Spain,Goalkeeper,right,Rayo Vallecano,-,2,691,172,569,Manuel García ...
399,561613,Joan García,"['May', '4', '2001']",191.0,Spain,Goalkeeper,right,Espanyol,-,-,30,6,24,Niagara Sports ...
400,8176,Oier Olazábal,"['Sep', '14', '1989']",189.0,Spain,Goalkeeper,left,Pafos FC,-,-,243,55,178,Sport Agency 4U
401,102423,Leandro Cabrera,"['Jun', '17', '1991']",190.0,Uruguay,Defender Centre Back,left,Espanyol,13,10,nan,nan,442,Relatives
402,92947,Sergi Gómez,"['Mar', '28', '1992']",185.0,Spain,Defender Centre Back,right,Espanyol,7,5,nan,nan,380,The Player ...
403,357884,Fernando Calero,"['Sep', '14', '1995']",184.0,Spain,Defender Centre Back,right,Espanyol,5,2,nan,nan,203,MRH Football Agency
404,129444,David López,"['Oct', '9', '1989']",185.0,Spain,Defender Centre Back,right,Girona,27,13,nan,nan,436,Sports and ...
405,495600,Álvaro García,"['Jun', '1', '2000']",184.0,Spain,Defender Centre Back,left,CF Fuenlabrada,5,-,nan,nan,89,
406,705810,Lluís Recasens,"['Feb', '19', '2002']",183.0,Spain,Defender Centre Back,right,RCD Espanyol B,-,1,nan,nan,60,ROGON
407,501418,Adrià Pedrosa,"['May', '13', '1998']",172.0,Spain,Defender Left Back,left,Espanyol,9,13,nan,nan,136,JM10 SPORT
408,67090,Dídac Vilà,"['Jun', '9', '1989']",185.0,Spain,Defender Left Back,left,Without Club,8,15,nan,nan,312,Sports and ...
409,544106,Óscar Gil,"['Apr', '26', '1998']",175.0,Spain,Defender Right Back,both,Espanyol,2,7,nan,nan,128,InterStarDeporte
410,495601,Víctor Gómez,"['Apr', '1', '2000']",169.0,Spain,Defender Right Back,right,SC Braga,3,16,nan,nan,180,SEG
411,399775,Miguel Llambrich,"['Jan', '18', '1996']",170.0,Spain,Defender Right Back,right,FC Cartagena,3,6,nan,nan,133,Promoesport
412,705813,Rubén Sánchez,"['Feb', '4', '2001']",185.0,Spain,Defender Right Back,right,Espanyol,3,3,nan,nan,77,OKON
413,142021,Sergi Darder,"['Dec', '22', '1993']",180.0,Spain,midfield Central Midfield,right,Espanyol,36,35,nan,nan,382,Eleven Talent Group
414,378293,Yangel Herrera,"['Jan', '7', '1998']",184.0,Venezuela,midfield Central Midfield,right,Girona,17,16,nan,nan,206,PARRI GROUP
415,182581,Tonny Vilhena,"['Jan', '3', '1995']",175.0,Netherlands,midfield Central Midfield,left,Salernitana,63,44,nan,nan,409,Team of Future
416,295622,Keidi Bare,"['Aug', '28', '1997']",174.0,Albania,midfield Central Midfield,right,Espanyol,5,5,nan,nan,173,Niagara Sports ...
417,42920,Fran Mérida,"['Mar', '4', '1990']",173.0,Spain,midfield Central Midfield,left,TJ Jinmen Tiger,35,24,nan,nan,354,Antonio López ...
418,646746,Roger Martínez,"['Apr', '5', '2004']",177.0,Spain,midfield Central Midfield,right,RCD Espanyol B,5,-,nan,nan,64,
419,628496,Dani Villahermosa,"['Jan', '2', '2001']",174.0,Spain,midfield Central Midfield,right,RCD Espanyol B,7,-,nan,nan,76,Relatives
420,548187,Alejandro Pérez,"['Jan', '7', '2001']",,Spain,midfield Central Midfield,,RCD Espanyol B,1,-,nan,nan,51,InterStarDeporte
421,448344,Óscar Melendo,"['Aug', '23', '1997']",167.0,Spain,midfield Attacking Midfield,left,Granada CF,7,15,nan,nan,219,no agent
422,705815,Gori,"['May', '15', '2002']",,Spain,midfield Attacking Midfield,both,RCD Espanyol B,1,-,nan,nan,30,Jesus Medina Martin
423,408471,Javi Puado,"['May', '25', '1998', 'Happy', 'Birthday']",177.0,Spain,Attack Left Winger,right,Espanyol,34,18,nan,nan,160,Best of You
424,570421,Nico Melamed,"['Apr', '11', '2001']",173.0,Spain,Attack Left Winger,right,Espanyol,19,8,nan,nan,148,Team Raiola
425,162074,Álvaro Vadillo,"['Sep', '12', '1994']",180.0,Spain,Attack Left Winger,right,SD Eibar,23,32,nan,nan,273,YOU FIRST
426,745461,Luca Koleosho,"['Sep', '15', '2004']",175.0,Italy,Attack Left Winger,right,RCD Espanyol B,2,-,nan,nan,19,CAA Stellar
427,288318,Adrián Embarba,"['May', '7', '1992']",173.0,Spain,Attack Right Winger,right,UD Almería,46,65,nan,nan,316,
428,140436,Lei Wu,"['Nov', '19', '1991']",174.0,China,Attack Right Winger,right,SH Port,156,77,nan,nan,370,
429,88490,Aleix Vidal,"['Aug', '21', '1989']",177.0,Spain,Attack Right Winger,right,Espanyol,41,53,nan,nan,403,Promoesport
430,628498,Jofre Carreras,"['Jun', '17', '2001']",175.0,Spain,Attack Right Winger,right,CD Mirandés,6,1,nan,nan,66,
431,162038,Raúl de Tomás,"['Oct', '17', '1994']",180.0,Spain,Attack Centre Forward,right,Rayo Vallecano,131,22,nan,nan,332,Relatives
432,311489,Landry Dimata,"['Sep', '1', '1997']",185.0,Belgium,Attack Centre Forward,right,NEC Nijmegen,43,14,nan,nan,165,RGFOOTBALL
433,705808,Max Svensson,"['Nov', '8', '2001']",182.0,Spain,Attack Centre Forward,right,Dep. La Coruña,17,-,nan,nan,91,CAA Base Ltd
434,199321,Rubén Blanco,"['Jul', '25', '1995']",188.0,Spain,Goalkeeper,right,Marseille,-,-,262,49,182,Media Base Sports
435,144128,Matías Dituro,"['May', '8', '1987']",191.0,Argentina,Goalkeeper,right,U. Católica,1,1,346,95,302,Fernando Felicevich
436,448835,Gaizka Campos,"['May', '16', '1997']",190.0,Spain,Goalkeeper,right,Intercity,-,-,111,23,85,YOU FIRST
437,581640,Coke Carrillo,"['Jan', '7', '2002']",188.0,Spain,Goalkeeper,right,Celta Vigo B,-,-,6,1,5,
438,646741,César Fernández,"['Jan', '28', '2004']",181.0,Spain,Goalkeeper,right,Celta C-GP,-,-,-,-,-,Intermedia Sport ...
439,358250,Joseph Aidoo,"['Sep', '29', '1995']",177.0,Ghana,Defender Centre Back,right,Celta de Vigo,12,1,nan,nan,257,
440,64134,Néstor Araújo,"['Aug', '29', '1991']",188.0,Mexico,Defender Centre Back,right,América,12,10,nan,nan,403,
441,131102,Jeison Murillo,"['May', '27', '1992']",182.0,Colombia,Defender Centre Back,right,Sampdoria,14,4,nan,nan,322,
442,609361,José Fontán,"['Feb', '11', '2000']",182.0,Spain,Defender Centre Back,left,Go Ahead Eagles,3,3,nan,nan,83,YOU FIRST
443,636093,Carlos Domínguez,"['Feb', '11', '2001']",187.0,Spain,Defender Centre Back,left,Celta Vigo B,1,1,nan,nan,68,InterStarDeporte
444,740253,Javi Castro,"['Sep', '13', '2000']",183.0,Spain,Defender Centre Back,right,Alcorcón,1,1,nan,nan,95,YOU FIRST
445,448628,Javi Galán,"['Nov', '19', '1994']",172.0,Spain,Defender Left Back,left,Celta de Vigo,8,22,nan,nan,266,YOU FIRST
446,461619,Fernando Medrano,"['Mar', '26', '2000']",172.0,Spain,Defender Left Back,left,Celta Vigo B,2,3,nan,nan,116,MRH Football Agency
447,119905,Hugo Mallo,"['Jun', '22', '1991']",174.0,Spain,Defender Right Back,right,Celta de Vigo,12,28,nan,nan,448,#LEADERS
448,221315,Kevin Vázquez,"['Mar', '23', '1993']",175.0,Spain,Defender Right Back,right,Celta de Vigo,2,3,nan,nan,216,F.J.VILLAVERDE
449,540676,Thomas Carrique,"['Feb', '26', '1999']",173.0,France,Defender Right Back,right,Celta Vigo B,3,3,nan,nan,107,Triunfo Futbol
450,277137,Renato Tapia,"['Jul', '28', '1995']",185.0,Peru,midfield Defensive Midfield,right,Celta de Vigo,11,7,nan,nan,254,AGREF
451,423444,Fran Beltrán,"['Feb', '3', '1999']",165.0,Spain,midfield Central Midfield,right,Celta de Vigo,7,3,nan,nan,247,InterStarDeporte
452,334042,Orbelín Pineda,"['Mar', '24', '1996']",169.0,Mexico,midfield Central Midfield,right,AEK Athens,43,33,nan,nan,350,Kick Talent
453,715628,Damián Rodríguez,"['Mar', '17', '2003']",,Spain,midfield Central Midfield,,Celta Vigo B,2,1,nan,nan,24,Intermedia Sport ...
454,892221,Hugo Sotelo,"['Dec', '19', '2003']",180.0,Spain,midfield Central Midfield,,Celta Vigo B,1,3,nan,nan,29,Bahía Internacional
455,309110,Brais Méndez,"['Jan', '7', '1997']",184.0,Spain,midfield Attacking Midfield,left,Real Sociedad,40,25,nan,nan,272,InterStarDeporte
456,165007,Denis Suárez,"['Jan', '6', '1994']",176.0,Spain,midfield Attacking Midfield,right,Espanyol,37,65,nan,nan,362,Intermedia Sport ...
457,699704,Gabri Veiga,"['May', '27', '2002']",185.0,Spain,midfield Attacking Midfield,right,Celta de Vigo,19,5,nan,nan,117,Gol International
458,523977,Miguel Baeza,"['Mar', '27', '2000']",177.0,Spain,midfield Attacking Midfield,left,Rio Ave FC,17,11,nan,nan,113,MRH Football Agency
459,341110,Franco Cervi,"['May', '26', '1994']",166.0,Argentina,Attack Left Winger,left,Celta de Vigo,35,48,nan,nan,302,Wasserman
460,70934,Nolito,"['Oct', '15', '1986']",175.0,Spain,Attack Left Winger,right,UD Ibiza,126,66,nan,nan,513,OFSPORTS
461,357628,Alfon González,"['May', '4', '1999']",172.0,Spain,Attack Left Winger,,Real Murcia,20,5,nan,nan,125,Eugenio Botas ...
462,892929,Hugo Álvarez,"['Jul', '2', '2003']",176.0,Spain,Attack Left Winger,right,Celta Vigo B,2,4,nan,nan,36,IFM
463,282694,Augusto Solari,"['Jan', '3', '1992']",176.0,Argentina,Attack Right Winger,right,Celta de Vigo,20,25,nan,nan,233,Hernan Berman
464,72047,Iago Aspas,"['Aug', '1', '1987']",176.0,Spain,Attack Centre Forward,left,Celta de Vigo,217,72,nan,nan,560,Intermedia Sport ...
465,186399,Thiago Galhardo,"['Jul', '20', '1989']",183.0,Brazil,Attack Centre Forward,right,Fortaleza,77,26,nan,nan,327,Two Touch Agency
466,255653,Santi Mina,"['Dec', '7', '1995']",181.0,Spain,Attack Centre Forward,right,Al-Shabab,92,41,nan,nan,344,OLIMPUS ESPORT ...
467,248738,Sergio Herrera,"['Jun', '5', '1993']",192.0,Spain,Goalkeeper,right,CA Osasuna,-,2,286,81,247,YOU FIRST
468,298613,Juan Pérez,"['Jul', '15', '1996']",191.0,Spain,Goalkeeper,right,SD Huesca,-,-,78,14,59,Bahía Internacional
469,341266,Darío Ramos,"['Oct', '19', '1999']",191.0,Spain,Goalkeeper,,CA Osasuna Prom,-,-,50,25,55,InterStarDeporte
470,634116,Yoel Ramírez,"['Feb', '5', '2002']",184.0,Spain,Goalkeeper,left,CA Osasuna Prom,-,-,24,9,26,CAA Stellar
471,298589,David García,"['Feb', '14', '1994']",186.0,Spain,Defender Centre Back,both,CA Osasuna,17,2,nan,nan,289,YOU FIRST
472,197122,Unai García,"['Feb', '3', '1992']",186.0,Spain,Defender Centre Back,right,CA Osasuna,17,3,nan,nan,260,GLOBAL ASES
473,82503,Aridane Hernández,"['Mar', '23', '1989']",188.0,Spain,Defender Centre Back,right,CA Osasuna,10,2,nan,nan,329,Identity Sports
474,69660,Jonás Ramalho,"['Jun', '10', '1993']",185.0,Angola,Defender Centre Back,right,Málaga CF,7,4,nan,nan,314,Sports and ...
475,783429,Unai Dufur,"['Jan', '21', '1999']",187.0,Spain,Defender Centre Back,right,CA Osasuna Prom,3,-,nan,nan,61,
476,618809,Manu Sánchez,"['Aug', '24', '2000']",171.0,Spain,Defender Left Back,left,CA Osasuna,1,14,nan,nan,125,
477,169497,Juan Cruz,"['Jul', '28', '1992']",182.0,Spain,Defender Left Back,left,CA Osasuna,8,10,nan,nan,337,Roalza
478,87469,Cote,"['Sep', '5', '1989']",182.0,Spain,Defender Left Back,left,Sporting Gijón,5,32,nan,nan,370,EMG Mundial
479,216870,Nacho Vidal,"['Jan', '24', '1995']",180.0,Spain,Defender Right Back,right,CA Osasuna,7,8,nan,nan,252,Promoesport
480,488626,Jesús Areso,"['Jul', '2', '1999']",182.0,Spain,Defender Right Back,right,Burgos CF,-,11,nan,nan,121,GLOBAL ASES
481,213670,Lucas Torró,"['Jul', '19', '1994']",190.0,Spain,midfield Defensive Midfield,right,CA Osasuna,7,8,nan,nan,254,Toldra Consulting ...
482,63040,Oier Sanjurjo,"['May', '25', '1986', 'Happy', 'Birthday']",178.0,Spain,midfield Defensive Midfield,right,AEK Larnaca,18,14,nan,nan,478,GLOBAL ASES
483,552425,Jon Moncayola,"['May', '13', '1998']",182.0,Spain,midfield Central Midfield,right,CA Osasuna,7,6,nan,nan,168,
484,95641,Darko Brasanac,"['Feb', '12', '1992']",178.0,Serbia,midfield Central Midfield,right,CA Osasuna,22,25,nan,nan,340,
485,340864,Jaume Grau,"['May', '5', '1997']",184.0,Spain,midfield Central Midfield,left,Real Zaragoza,4,1,nan,nan,212,Toldra Consulting ...
486,71579,Iñigo Pérez,"['Jan', '18', '1988']",178.0,Spain,midfield Central Midfield,left,Retired,21,26,nan,nan,401,IDUB GLOBAL
487,63056,Roberto Torres,"['Mar', '7', '1989']",178.0,Spain,midfield Attacking Midfield,right,Foolad,85,61,nan,nan,500,Antonio López ...
488,471474,Javi Martínez,"['Dec', '22', '1999']",181.0,Spain,midfield Attacking Midfield,right,SD Huesca,8,7,nan,nan,130,Bahía Internacional
489,213260,Rubén García,"['Jul', '14', '1993']",171.0,Spain,Attack Left Winger,left,CA Osasuna,40,45,nan,nan,374,Toldra Consulting ...
490,298983,Javi Ontiveros,"['Sep', '9', '1997']",175.0,Spain,Attack Left Winger,right,Villarreal CF B,18,23,nan,nan,195,Sports&Life
491,298575,Kike Barja,"['Apr', '1', '1997']",179.0,Spain,Attack Right Winger,right,CA Osasuna,29,19,nan,nan,212,YOU FIRST
492,242532,Rober Ibáñez,"['Mar', '22', '1993']",175.0,Spain,Attack Right Winger,right,Levante,32,8,nan,nan,257,InterStarDeporte
493,710679,Iker Benito,"['Aug', '10', '2002']",176.0,Spain,Attack Right Winger,right,CA Osasuna Prom,8,2,nan,nan,88,GLOBAL ASES
494,366931,Pau Martínez,"['Nov', '10', '2000']",168.0,Spain,Attack Right Winger,right,CA Osasuna Prom,19,5,nan,nan,113,IFM
495,167721,Chimy Ávila,"['Feb', '6', '1994']",172.0,Argentina,Attack Centre Forward,right,CA Osasuna,45,13,nan,nan,216,Carlos Bilicich
496,46413,Ante Budimir,"['Jul', '22', '1991']",190.0,Croatia,Attack Centre Forward,left,CA Osasuna,113,33,nan,nan,369,MG MEDIATOR TRANSFER
497,93936,Kike García,"['Nov', '25', '1989']",186.0,Spain,Attack Centre Forward,right,CA Osasuna,122,24,nan,nan,504,
498,514514,Iván Barbero,"['Aug', '17', '1998']",186.0,Spain,Attack Centre Forward,right,CA Osasuna Prom,25,1,nan,nan,132,Implica-T
499,367464,Luís Maximiano,"['Jan', '5', '1999']",190.0,Portugal,Goalkeeper,both,Lazio,-,1,122,29,94,MRP.POSITIONUMBER
500,284430,Aarón Escandell,"['Sep', '27', '1995']",185.0,Spain,Goalkeeper,right,FC Cartagena,-,-,97,35,95,Wasserman
501,198638,João Costa,"['Feb', '2', '1996']",186.0,Portugal,Goalkeeper,right,Real Murcia,1,-,130,45,131,SoccerSoul
502,632471,Cheikh Kane Sarr,"['Apr', '21', '2000']",194.0,Senegal,Goalkeeper,right,Castellón,-,-,45,12,38,Minerva Athletes
503,713632,Ángel Jiménez,"['Jun', '22', '2002']",194.0,Spain,Goalkeeper,,Recre Granada,-,-,31,11,32,Promoesport
504,257376,Domingos Duarte,"['Mar', '10', '1995']",192.0,Portugal,Defender Centre Back,right,Getafe,13,3,nan,nan,294,PCR Sports
505,330684,Luis Abram,"['Feb', '27', '1996']",181.0,Peru,Defender Centre Back,left,Atlanta,11,5,nan,nan,266,Wasserman
506,631222,Raúl Torrente,"['Sep', '11', '2001']",193.0,Spain,Defender Centre Back,left,Granada CF,-,1,nan,nan,46,Bahía Internacional
507,95963,Germán Sánchez,"['Dec', '12', '1986']",187.0,Spain,Defender Centre Back,right,Racing,26,4,nan,nan,380,JV SPORTS SL
508,500191,Pepe Sánchez,"['Mar', '2', '2000']",185.0,Spain,Defender Centre Back,right,Dep. La Coruña,1,-,nan,nan,55,33 Sport
509,562058,Sergio Barcia,"['Dec', '31', '2000']",186.0,Spain,Defender Centre Back,right,Celta Vigo B,7,-,nan,nan,80,IGdreamsfootball
510,468700,Neyder Lozano,"['Mar', '4', '1994']",185.0,Colombia,Defender Centre Back,left,CF Talavera,2,1,nan,nan,108,CAA Stellar
511,448844,Carlos Neva,"['Jun', '12', '1996']",174.0,Spain,Defender Left Back,left,Granada CF,3,7,nan,nan,189,IS SPORTS AGENCY ...
512,93935,Sergio Escudero,"['Sep', '2', '1989']",176.0,Spain,Defender Left Back,left,Real Valladolid,20,20,nan,nan,377,Bahía Internacional
513,713649,Miguel Ángel Brau,"['Dec', '27', '2001']",183.0,Spain,Defender Left Back,left,CF Talavera,2,3,nan,nan,64,MRH Football Agency
514,120443,Santiago Arias,"['Jan', '13', '1992']",177.0,Colombia,Defender Right Back,right,Cincinnati,13,31,nan,nan,304,
515,58330,Víctor Díaz,"['Jun', '12', '1988']",183.0,Spain,Defender Right Back,right,Granada CF,18,20,nan,nan,487,Promoesport
516,223053,Quini,"['Sep', '24', '1989']",178.0,Spain,Defender Right Back,right,Granada CF,11,7,nan,nan,297,YOU FIRST
517,376588,Njegos Petrovic,"['Jul', '18', '1999']",185.0,Serbia,midfield Defensive Midfield,right,Granada CF,6,6,nan,nan,194,VPA Sports
518,60542,Maxime Gonalons,"['Mar', '10', '1989']",187.0,France,midfield Defensive Midfield,right,Clermont Foot,16,18,nan,nan,482,Frederic Guerra ...
519,297784,Yan Eteki,"['Aug', '26', '1997']",182.0,Cameroon,midfield Defensive Midfield,right,FC Cartagena,2,1,nan,nan,228,Promoesport
520,281989,Luis Milla,"['Oct', '7', '1994']",175.0,Spain,midfield Central Midfield,right,Getafe,23,20,nan,nan,266,Promoesport
521,282727,Monchu,"['Sep', '13', '1999']",173.0,Spain,midfield Central Midfield,right,Real Valladolid,23,15,nan,nan,192,Wasserman
522,59551,Ángel Montoro,"['Jun', '25', '1988']",180.0,Spain,midfield Central Midfield,right,Real Oviedo,27,34,nan,nan,383,InterStarDeporte
523,631221,Isma Ruiz,"['Feb', '14', '2001']",180.0,Spain,midfield Central Midfield,right,UD Ibiza,1,-,nan,nan,71,Promoesport
524,211251,Darwin Machís,"['Feb', '7', '1993']",171.0,Venezuela,Attack Left Winger,right,Real Valladolid,83,45,nan,nan,366,YOU FIRST
525,315289,Myrto Uzuni,"['May', '31', '1995']",178.0,Albania,Attack Left Winger,right,Granada CF,100,40,nan,nan,269,BFM
526,713644,Bryan Zaragoza,"['Sep', '9', '2001']",164.0,Spain,Attack Left Winger,right,Granada CF,12,1,nan,nan,84,Manuel García ...
527,262365,Antonio Puertas,"['Feb', '21', '1992']",183.0,Spain,Attack Right Winger,right,Granada CF,61,27,nan,nan,347,Promoesport
528,282722,Álex Collado,"['Apr', '22', '1999']",177.0,Spain,Attack Right Winger,left,Elche CF,25,14,nan,nan,138,Goal Management
529,487688,Alberto Soro,"['Mar', '9', '1999']",173.0,Spain,Attack Right Winger,left,Granada CF,9,17,nan,nan,132,Media Base Sports
530,67548,Rubén Rochina,"['Mar', '23', '1991']",182.0,Spain,Attack Right Winger,left,Granada CF,47,39,nan,nan,323,Promoesport
531,424784,Luis Suárez,"['Dec', '2', '1997']",185.0,Colombia,Attack Centre Forward,right,UD Almería,62,19,nan,nan,249,CAA Stellar
532,611426,Matías Arezo,"['Nov', '21', '2002']",177.0,Uruguay,Attack Centre Forward,right,Peñarol,51,16,nan,nan,127,Faro Sports
533,57825,Jorge Molina,"['Apr', '22', '1982']",188.0,Spain,Attack Centre Forward,right,Granada CF,240,52,nan,nan,634,Domingo Sevillano ...
534,119235,Carlos Bacca,"['Sep', '8', '1986']",181.0,Colombia,Attack Centre Forward,right,Junior FC,219,87,nan,nan,543,INVSPORT (Sergio ...
535,596884,Adrián Butzke,"['Mar', '30', '1999']",193.0,Spain,Attack Centre Forward,right,Paços Ferreira,17,2,nan,nan,95,RGFOOTBALL
536,118997,Aitor Fernández,"['May', '3', '1991']",182.0,Spain,Goalkeeper,right,CA Osasuna,-,-,402,106,351,Sports and ...
537,397676,Dani Cárdenas,"['Mar', '28', '1997']",186.0,Spain,Goalkeeper,right,Levante,-,1,135,42,122,Identity Sports
538,299715,Koke Vegas,"['Sep', '27', '1995']",188.0,Spain,Goalkeeper,right,San Diego Loyal,-,-,162,34,123,Wasserman
539,611202,Pablo Picón,"['Feb', '1', '2000']",185.0,Spain,Goalkeeper,right,Córdoba CF,-,-,32,10,36,DV7 Management
540,617059,Pablo Cuñat,"['Apr', '28', '2002']",188.0,Spain,Goalkeeper,left,Atl. Levante,-,-,30,9,29,InterStarDeporte
541,939445,Álex Primo,"['Jul', '10', '2004']",187.0,Spain,Goalkeeper,right,Levante U19,-,-,1,-,1,Identity Sports
542,257851,Rúben Vezo,"['Apr', '25', '1994']",182.0,Portugal,Defender Centre Back,right,Levante,7,8,nan,nan,259,Gestifute
543,88590,Shkodran Mustafi,"['Apr', '17', '1992']",184.0,Germany,Defender Centre Back,right,Levante,24,11,nan,nan,389,CAA Stellar
544,387129,Rober Pier,"['Feb', '16', '1995']",182.0,Spain,Defender Centre Back,right,Levante,3,4,nan,nan,183,Bahía Internacional
545,54935,Martín Cáceres,"['Apr', '7', '1987']",180.0,Uruguay,Defender Centre Back,right,Los Angeles,22,16,nan,nan,386,no agent
546,175323,Óscar Duarte,"['Jun', '3', '1989']",186.0,Costa Rica,Defender Centre Back,right,Al-Wehda FC,20,7,nan,nan,337,AC Talent
547,158791,Sergio Postigo,"['Nov', '4', '1988']",185.0,Spain,Defender Centre Back,right,Levante,16,9,nan,nan,386,MESAS SPORT
548,627277,José Manuel,"['Feb', '25', '1999']",,Spain,Defender Centre Back,,Mar Menor FC,1,-,nan,nan,60,Toldra Consulting ...
549,627276,Antonio Leal,"['Jan', '28', '1999']",186.0,Spain,Defender Centre Back,right,Unionistas CF,-,-,nan,nan,79,
550,856136,Carlos Giménez,"['Feb', '18', '2003']",182.0,Spain,Defender Centre Back,right,Atl. Levante,-,-,nan,nan,30,PROTIO SPORT
551,373916,Marcelo Saracchi,"['Apr', '23', '1998']",172.0,Uruguay,Defender Left Back,left,Levante,7,18,nan,nan,189,Marcelo Tejera
552,193784,Carlos Clerc,"['Feb', '21', '1992']",181.0,Spain,Defender Left Back,left,Elche CF,8,15,nan,nan,345,Rafael Anguita
553,282700,Enric Franquesa,"['Feb', '26', '1997']",174.0,Spain,Defender Left Back,left,CD Leganés,9,4,nan,nan,177,AC Talent
554,228917,Jorge Miramón,"['Jun', '2', '1989']",175.0,Spain,Defender Right Back,right,CD Leganés,16,18,nan,nan,438,GLOBAL ASES
555,349856,Son,"['Mar', '30', '1994']",178.0,Spain,Defender Right Back,right,Levante,17,8,nan,nan,290,MESAS SPORT
556,844637,Marc Pubill,"['Jun', '20', '2003']",190.0,Spain,Defender Right Back,right,Levante,3,2,nan,nan,56,
557,71905,Coke,"['Apr', '26', '1987']",176.0,Spain,Defender Right Back,right,UD Ibiza,50,16,nan,nan,439,Gesport Espizua SL
558,718177,Joseda Álvarez,"['Jan', '22', '2001']",183.0,Spain,Defender Right Back,right,Depor. Alavés B,2,-,nan,nan,73,Proneo Sports S.L.
559,328480,Pepelu,"['Aug', '11', '1998']",186.0,Spain,midfield Defensive Midfield,right,Levante,18,7,nan,nan,264,Wasserman
560,205569,Mickaël Malsa,"['Oct', '12', '1995']",179.0,Martinique,midfield Defensive Midfield,right,Kasimpasa,8,8,nan,nan,212,SBB Global
561,168959,Nemanja Radoja,"['Feb', '6', '1993']",186.0,Serbia,midfield Defensive Midfield,right,Kansas City,4,11,nan,nan,296,
562,151470,Nikola Vukcevic,"['Dec', '13', '1991']",187.0,Montenegro,midfield Defensive Midfield,left,Al-Ahli SC,10,11,nan,nan,255,
563,120095,José Campaña,"['May', '31', '1993']",179.0,Spain,midfield Central Midfield,right,Levante,27,42,nan,nan,355,Niagara Sur
564,162056,Gonzalo Melero,"['Jan', '2', '1994']",183.0,Spain,midfield Central Midfield,right,UD Almería,54,15,nan,nan,307,Bahía Internacional
565,568835,Pablo Martínez,"['Feb', '22', '1998']",182.0,Spain,midfield Central Midfield,right,Levante,14,7,nan,nan,162,
566,405564,Giorgi Kochorashvili,"['Jun', '29', '1999']",176.0,Georgia,midfield Central Midfield,right,Castellón,8,4,nan,nan,115,KHALENA SPORT
567,856156,Carlos Benítez,"['Nov', '25', '2002']",175.0,Spain,midfield Central Midfield,right,Atl. Levante,1,-,nan,nan,40,Minguella Football ...
568,245014,Enis Bardhi,"['Jul', '2', '1995']",172.0,North Macedonia,midfield Attacking Midfield,right,Trabzonspor,52,28,nan,nan,296,
569,611198,Álex Blesa,"['Jan', '15', '2002']",180.0,Spain,midfield Attacking Midfield,left,CyD Leonesa,9,2,nan,nan,112,Wasserman
570,638235,Alejandro Cantero,"['Jun', '8', '2000']",184.0,Spain,Attack Left Winger,right,Levante,11,5,nan,nan,119,ABADSPORT
571,455181,Jorge de Frutos,"['Feb', '20', '1997']",173.0,Spain,Attack Right Winger,right,Levante,29,32,nan,nan,222,Niagara Sports ...
572,172142,Hernâni,"['Aug', '20', '1991']",180.0,Portugal,Attack Right Winger,left,Rio Ave FC,45,30,nan,nan,252,Leaguepro LDA
573,212391,Roger Martí,"['Jan', '3', '1991']",179.0,Spain,Attack Centre Forward,right,Cádiz CF,126,25,nan,nan,365,Promoesport
574,252677,José Luis Morales,"['Jul', '23', '1987']",180.0,Spain,Attack Centre Forward,right,Villarreal,95,52,nan,nan,433,ABADSPORT
575,422460,Dani Gómez,"['Jul', '30', '1998']",178.0,Spain,Attack Centre Forward,right,Espanyol,48,14,nan,nan,190,Manuel García ...
576,34870,Roberto Soldado,"['May', '27', '1985']",180.0,Spain,Attack Centre Forward,right,Levante,223,74,nan,nan,606,Toldra Consulting ...
577,668041,Omar Faraj,"['Mar', '9', '2002']",182.0,Sweden,Attack Centre Forward,right,AIK,25,3,nan,nan,101,11MANGMT
578,207302,Sergio Rico,"['Sep', '1', '1993']",196.0,Spain,Goalkeeper,right,Paris SG,-,-,380,87,277,YOU FIRST
579,316884,Dominik Greif,"['Apr', '6', '1997']",197.0,Slovakia,Goalkeeper,right,RCD Mallorca,-,-,183,51,165,Stars & Friends
580,562742,Leo Román,"['Jul', '6', '2000']",189.0,Spain,Goalkeeper,right,RCD Mallorca,-,-,17,5,16,Antonio López ...
581,29051,Manolo Reina,"['Apr', '1', '1985']",186.0,Spain,Goalkeeper,right,Málaga CF,-,1,487,156,448,no agent
582,632913,Pere García,"['Mar', '22', '2002']",193.0,Spain,Goalkeeper,right,RCD Mallorca B,-,-,16,4,16,
583,741285,Ferran Quetglás,"['Jun', '6', '2005']",188.0,Spain,Goalkeeper,right,Real Madrid U19,-,-,-,-,-,Agent is known - Player under 18
584,277384,Martin Valjent,"['Dec', '11', '1995']",187.0,Slovakia,Defender Centre Back,right,RCD Mallorca,8,2,nan,nan,339,20 Sport
585,278296,Antonio Raíllo,"['Oct', '8', '1991']",187.0,Spain,Defender Centre Back,,RCD Mallorca,19,6,nan,nan,322,Promoesport
586,378463,Franco Russo,"['Oct', '25', '1994']",186.0,Argentina,Defender Centre Back,right,Ludogorets,4,-,nan,nan,156,PROTIO SPORT
587,237499,Aleksandar Sedlar,"['Dec', '13', '1991']",180.0,Serbia,Defender Centre Back,right,Alavés,16,1,nan,nan,270,CSGG
588,632495,Josep Gayá,"['Jul', '7', '2000']",,Spain,Defender Centre Back,,RCD Mallorca B,2,-,nan,nan,35,Wasserman
589,166677,Brian Oliván,"['Apr', '1', '1994']",175.0,Spain,Defender Left Back,left,Espanyol,8,13,nan,nan,249,Promoesport
590,65318,Jaume Costa,"['Mar', '18', '1988']",171.0,Spain,Defender Left Back,left,RCD Mallorca,9,30,nan,nan,467,Toldra Consulting ...
591,628488,Marc Carmona,"['Jan', '8', '2001']",,Spain,Defender Left Back,left,Without Club,-,-,nan,nan,3,TANDHEM
592,947432,Marcos Fernández,"['Jul', '17', '2003']",,Spain,Defender Left Back,,RCD Mallorca B,-,-,nan,nan,17,
593,251876,Pablo Maffeo,"['Jul', '12', '1997']",172.0,Spain,Defender Right Back,right,RCD Mallorca,7,23,nan,nan,252,Promoesport
594,350364,Joan Sastre,"['Apr', '30', '1997']",174.0,Spain,Defender Right Back,right,PAOK Salonika,7,9,nan,nan,205,LIAN Sports Group
595,339699,Giovanni González,"['Sep', '20', '1994']",178.0,Uruguay,Defender Right Back,right,RCD Mallorca,10,29,nan,nan,240,Promoesport
596,632498,Miguelito,"['Jan', '12', '2001']",,Spain,Defender Right Back,,RCD Mallorca B,-,-,nan,nan,32,LIAN Sports Group
597,89297,Rodrigo Battaglia,"['Jul', '12', '1991']",187.0,Argentina,midfield Defensive Midfield,right,Atlético-MG,17,4,nan,nan,322,PRI Sports
598,442805,Iddrisu Baba,"['Jan', '22', '1996']",182.0,Ghana,midfield Central Midfield,right,RCD Mallorca,3,2,nan,nan,206,LIAN Sports Group
599,126751,Iñigo Ruiz de Galarreta,"['Aug', '6', '1993']",175.0,Spain,midfield Central Midfield,right,RCD Mallorca,9,24,nan,nan,331,GLOBAL ASES
600,513031,Antonio Sánchez,"['Apr', '22', '1997']",179.0,Spain,midfield Central Midfield,right,RCD Mallorca,10,4,nan,nan,185,CAA Stellar
601,217144,Aleix Febas,"['Feb', '2', '1996']",172.0,Spain,midfield Central Midfield,right,Málaga CF,23,25,nan,nan,311,Gelu Rodríguez
602,72479,Clément Grenier,"['Jan', '7', '1991']",186.0,France,midfield Central Midfield,right,RCD Mallorca,37,46,nan,nan,304,YOU FIRST
603,58799,Salva Sevilla,"['Mar', '18', '1984']",178.0,Spain,midfield Central Midfield,right,Alavés,67,42,nan,nan,502,FIA Sports ...
604,557149,Kang-in Lee,"['Feb', '19', '2001']",173.0,"Korea, South",midfield Attacking Midfield,left,RCD Mallorca,15,14,nan,nan,162,INTEGRAL ADVISING ...
605,139435,Dani Rodríguez,"['Jun', '6', '1988']",178.0,Spain,midfield Attacking Midfield,right,RCD Mallorca,52,31,nan,nan,493,PROTIO SPORT
606,632501,Thomas Giaquinto,"['Mar', '20', '2000']",175.0,Argentina,midfield Attacking Midfield,right,RCD Mallorca B,1,-,nan,nan,51,
607,339820,Amath Ndiaye,"['Jul', '16', '1996']",173.0,Senegal,Attack Left Winger,right,RCD Mallorca,31,14,nan,nan,191,EF11 SL
608,100722,Lago Júnior,"['Dec', '31', '1990']",180.0,Cote d'Ivoire,Attack Left Winger,right,Málaga CF,81,15,nan,nan,455,
609,706138,Javi Llabrés,"['Sep', '11', '2002']",174.0,Spain,Attack Left Winger,both,CD Mirandés,3,3,nan,nan,26,InterStarDeporte
610,405398,Takefusa Kubo,"['Jun', '4', '2001']",173.0,Japan,Attack Right Winger,left,Real Sociedad,28,28,nan,nan,215,Roberto Tukada
611,505673,Víctor Mollejo,"['Jan', '21', '2001']",176.0,Spain,Attack Right Winger,left,Real Zaragoza,24,12,nan,nan,164,Media Base Sports
612,331498,Jordi Mboula,"['Mar', '16', '1999']",183.0,Spain,Attack Right Winger,right,Racing,24,14,nan,nan,153,Universal Twenty Two
613,256267,Vedat Muriqi,"['Apr', '24', '1994']",194.0,Kosovo,Attack Centre Forward,left,RCD Mallorca,102,32,nan,nan,348,FutureBall
614,51510,Ángel Rodríguez,"['Apr', '26', '1987']",171.0,Spain,Attack Centre Forward,right,RCD Mallorca,146,28,nan,nan,530,Emartsoccer
615,177452,Abdón Prats,"['Dec', '7', '1992']",181.0,Spain,Attack Centre Forward,left,RCD Mallorca,102,15,nan,nan,397,Eugenio Botas ...
616,678194,Matthew Hoppe,"['Mar', '13', '2001']",191.0,United States,Attack Centre Forward,right,Hibernian FC,18,7,nan,nan,88,Bond MG
617,632499,Pablo Gálvez,"['Oct', '30', '2001']",,Spain,Attack Centre Forward,,RCD Mallorca B,6,-,nan,nan,28,LIAN Sports Group
618,102146,Édgar Badía,"['Feb', '12', '1992']",180.0,Spain,Goalkeeper,right,Elche CF,-,1,419,115,364,Wasserman
619,236734,Axel Werner,"['Feb', '28', '1996']",191.0,Argentina,Goalkeeper,right,Elche CF,-,-,150,10,83,Relatives
620,27486,Kiko Casilla,"['Oct', '2', '1986']",190.0,Spain,Goalkeeper,right,Getafe,-,-,457,123,372,CONTROL ORIENTADO
621,602979,Lluis Andreu,"['Jul', '27', '1999']",188.0,Spain,Goalkeeper,right,Alzira,-,-,19,2,14,Identity Sports
622,186862,Enzo Roco,"['Aug', '16', '1992']",192.0,Chile,Defender Centre Back,right,Elche CF,18,6,nan,nan,341,Fernando Felicevich
623,349836,Diego González,"['Jan', '28', '1995']",185.0,Spain,Defender Centre Back,right,Elche CF,5,-,nan,nan,235,Promoesport
624,203043,Pedro Bigas,"['May', '15', '1990']",181.0,Spain,Defender Centre Back,left,Elche CF,17,7,nan,nan,324,
625,255892,Josema,"['Jun', '6', '1996']",184.0,Spain,Defender Centre Back,left,CD Leganés,5,2,nan,nan,171,JV SPORTS SL
626,184779,Gonzalo Verdú,"['Oct', '21', '1988']",188.0,Spain,Defender Centre Back,right,Elche CF,24,5,nan,nan,380,RGFOOTBALL
627,622623,Sergio Bono,"['Jul', '24', '2000']",188.0,Spain,Defender Centre Back,,Alzira,2,-,nan,nan,21,Vicente Ruá
628,627290,John Donald,"['Sep', '25', '2000']",182.0,Spain,Defender Centre Back,right,Elche CF,-,-,nan,nan,22,Identity Sports
629,262939,Johan Mojica,"['Aug', '21', '1992']",185.0,Colombia,Defender Left Back,left,Villarreal,12,29,nan,nan,283,LF Sport Management
630,216240,Lucas Olaza,"['Jul', '21', '1994']",176.0,Uruguay,Defender Left Back,left,Real Valladolid,22,21,nan,nan,248,Sport Business
631,211389,Helibelton Palacios,"['Jun', '11', '1993']",181.0,Colombia,Defender Right Back,right,Elche CF,5,24,nan,nan,350,WORLD SPORTS ...
632,32522,Antonio Barragán,"['Jun', '12', '1987']",186.0,Spain,Defender Right Back,right,Retired,5,24,nan,nan,376,YOU FIRST
633,623023,Carles Marco,"['Apr', '5', '2000']",183.0,Spain,Defender Right Back,right,Elche Ilicitano,-,-,nan,nan,6,MESAS SPORT
634,142031,Omar Mascarell,"['Feb', '2', '1993']",181.0,Spain,midfield Defensive Midfield,right,Elche CF,13,14,nan,nan,335,LEADERBROCK
635,268670,Gerard Gumbau,"['Dec', '18', '1994']",188.0,Spain,midfield Defensive Midfield,left,Elche CF,20,27,nan,nan,314,CONTROL ORIENTADO
636,90451,Iván Marcone,"['Jun', '3', '1990']",182.0,Argentina,midfield Defensive Midfield,right,Independiente,3,4,nan,nan,490,Score Futbol
637,330352,Raúl Guti,"['Dec', '30', '1996']",178.0,Spain,midfield Central Midfield,right,Elche CF,12,7,nan,nan,193,AC Talent
638,527698,Kike Pérez,"['Feb', '14', '1997']",184.0,Spain,midfield Central Midfield,left,Real Valladolid,14,8,nan,nan,189,LEADERBROCK
639,672953,César Moreno,"['Apr', '23', '2001']",183.0,Spain,midfield Central Midfield,,Hércules CF,2,-,nan,nan,62,Identity Sports
640,786438,Jony Álamo,"['Sep', '25', '2001']",175.0,Spain,midfield Central Midfield,right,Elche Ilicitano,1,1,nan,nan,20,RGFOOTBALL
641,55215,Javier Pastore,"['Jun', '20', '1989']",187.0,Argentina,midfield Attacking Midfield,right,Qatar SC,74,85,nan,nan,442,Dodici
642,225593,Pere Milla,"['Sep', '23', '1992']",180.0,Spain,Attack Left Winger,left,Elche CF,72,21,nan,nan,383,EGGO Asesores ...
643,339816,Tete Morente,"['Dec', '4', '1996']",184.0,Spain,Attack Left Winger,right,Elche CF,18,19,nan,nan,210,Excellence Sport
644,149231,Fidel,"['Oct', '27', '1989']",180.0,Spain,Attack Left Winger,left,Elche CF,61,48,nan,nan,435,Wasserman
645,56067,Pablo Piatti,"['Mar', '31', '1989']",163.0,Argentina,Attack Left Winger,left,Estudiantes,81,73,nan,nan,495,Universal Twenty Two
646,277533,Josan,"['Dec', '3', '1989']",176.0,Spain,Attack Right Winger,right,Elche CF,24,21,nan,nan,332,JV SPORTS SL
647,900166,Joselu Friaza,"['Feb', '15', '2002']",192.0,Spain,Attack Right Winger,left,Elche Ilicitano,-,-,nan,nan,1,SPOCS Global Sports
648,334222,Lucas Boyé,"['Feb', '28', '1996']",183.0,Argentina,Attack Centre Forward,right,Elche CF,35,20,nan,nan,275,Universal Twenty Two
649,296783,Ezequiel Ponce,"['Mar', '29', '1997']",181.0,Argentina,Attack Centre Forward,right,Elche CF,76,19,nan,nan,267,Wasserman
650,92693,Darío Benedetto,"['May', '17', '1990']",175.0,Argentina,Attack Centre Forward,right,Boca Juniors,161,47,nan,nan,430,Score Futbol
651,73185,Lucas Pérez,"['Sep', '10', '1988']",180.0,Spain,Attack Centre Forward,left,Dep. La Coruña,112,70,nan,nan,399,7DS
652,184672,Guido Carrillo,"['May', '25', '1991', 'Happy', 'Birthday']",191.0,Argentina,Attack Centre Forward,right,Estudiantes,81,25,nan,nan,383,CAA Stellar
653,720532,Diego Bri,"['Sep', '12', '2002']",,Spain,Attack Centre Forward,,Atl. Madrid B,5,-,nan,nan,41,Toldra Consulting ...
654,887054,Cheikh Diamanka,"['Jan', '20', '2001']",,Senegal,Attack Centre Forward,,Coruchense,-,-,nan,nan,1,
655,284342,Conan Ledesma,"['Feb', '13', '1993']",186.0,Argentina,Goalkeeper,right,Cádiz CF,-,-,243,58,188,Best of You
656,162027,David Gil,"['Jan', '11', '1994']",186.0,Spain,Goalkeeper,right,Cádiz CF,-,2,146,25,100,Gesport Espizua SL
657,513972,Juan Flere,"['May', '12', '1998']",183.0,Argentina,Goalkeeper,right,Algeciras CF,-,-,60,19,52,Niagara Sports ...
658,706797,Victor Aznar,"['Oct', '17', '2002']",189.0,Brazil,Goalkeeper,right,Cádiz B,-,-,64,20,57,SportsMaxi ...
659,252667,Fali,"['Aug', '12', '1993']",186.0,Spain,Defender Centre Back,right,Cádiz CF,10,11,nan,nan,338,Promoesport
660,495625,Víctor Chust,"['Mar', '5', '2000']",184.0,Spain,Defender Centre Back,both,Cádiz CF,1,2,nan,nan,93,Borja Couce
661,247366,Marcos Mauro,"['Jan', '9', '1991']",188.0,Argentina,Defender Centre Back,right,UD Ibiza,15,1,nan,nan,262,"SOCCERMEDIA, S.L."
662,155423,Varazdat Haroyan,"['Aug', '24', '1992']",185.0,Armenia,Defender Centre Back,right,FC Astana,15,7,nan,nan,343,Bucket Group
663,67089,Juan Cala,"['Nov', '26', '1989']",186.0,Spain,Defender Centre Back,right,Cádiz CF,24,9,nan,nan,339,
664,62945,Luis Hernández,"['Apr', '14', '1989']",182.0,Spain,Defender Centre Back,right,Cádiz CF,9,13,nan,nan,427,M.AG
665,311044,Alfonso Espino,"['Jan', '5', '1992']",172.0,Uruguay,Defender Left Back,left,Cádiz CF,8,27,nan,nan,314,GBG Global Business ...
666,520947,Santiago Arzamendia,"['May', '5', '1998']",172.0,Paraguay,Defender Left Back,left,Cádiz CF,6,10,nan,nan,128,
667,628490,Genar Fornés,"['Jan', '17', '2000']",18.0,Spain,Defender Left Back,left,Cádiz B,3,1,nan,nan,80,Proneo Sports S.L.
668,254037,Iza Carcelén,"['Apr', '23', '1993']",170.0,Spain,Defender Right Back,right,Cádiz CF,18,19,nan,nan,314,Wasserman
669,225015,Carlos Akapo,"['Mar', '12', '1993']",179.0,Equatorial Guinea,Defender Right Back,right,San Jose,2,5,nan,nan,225,AREA SPORT TEAM
670,784719,Raúl Parra,"['Nov', '26', '1999']",187.0,Spain,Defender Right Back,right,Cádiz CF,4,-,nan,nan,82,Emartsoccer
671,148355,Jens Jönsson,"['Jan', '10', '1993']",182.0,Denmark,midfield Defensive Midfield,right,AEK Athens,8,10,nan,nan,339,Beckster Int.
672,454238,Tomás Alarcón,"['Jan', '19', '1999']",176.0,Chile,midfield Defensive Midfield,right,Real Zaragoza,9,5,nan,nan,124,TTMIB Worldwide
673,225462,José Mari,"['Dec', '6', '1987']",182.0,Spain,midfield Defensive Midfield,right,Cádiz CF,11,5,nan,nan,346,Proeleven S.A.
674,247250,Rubén Alcaraz,"['May', '1', '1991']",180.0,Spain,midfield Central Midfield,right,Cádiz CF,49,9,nan,nan,370,LEADERBROCK
675,307519,Fede San Emeterio,"['Mar', '16', '1997']",176.0,Spain,midfield Central Midfield,right,Cádiz CF,9,2,nan,nan,297,
676,882772,Álvaro Bastida,"['May', '12', '2004']",170.0,Spain,midfield Central Midfield,,Cádiz B,3,-,nan,nan,58,DRL
677,278404,Martín Calderón,"['Mar', '1', '1999']",183.0,Spain,midfield Central Midfield,left,Celta Vigo B,5,7,nan,nan,103,LEADERBROCK
678,89733,Álex Fernández,"['Oct', '15', '1992']",183.0,Spain,midfield Attacking Midfield,right,Cádiz CF,45,27,nan,nan,411,Niagara Sports ...
679,99559,Alberto Perea,"['Dec', '19', '1990']",175.0,Spain,Attack Left Winger,right,Granada CF,52,21,nan,nan,354,Niagara Sports ...
680,246204,Salvi Sánchez,"['Mar', '30', '1991']",170.0,Spain,Attack Right Winger,right,Rayo Vallecano,39,26,nan,nan,365,Promoesport
681,281755,Iván Alejo,"['Feb', '10', '1995']",186.0,Spain,Attack Right Winger,right,Cádiz CF,14,15,nan,nan,230,Wasserman
682,282406,Álvaro Jiménez,"['May', '19', '1995']",175.0,Spain,Attack Right Winger,right,UD Las Palmas,28,22,nan,nan,258,CAA Stellar
683,412046,Ivan Chapela,"['May', '21', '1999']",181.0,Spain,Attack Right Winger,,Unionistas CF,16,5,nan,nan,107,DRL
684,131275,Anthony Lozano,"['Apr', '25', '1993']",183.0,Honduras,Attack Centre Forward,right,Cádiz CF,61,23,nan,nan,324,Promoesport
685,18644,Álvaro Negredo,"['Aug', '20', '1985']",186.0,Spain,Attack Centre Forward,left,Cádiz CF,252,86,nan,nan,646,Niagara Sports ...
686,177065,Florin Andone,"['Apr', '11', '1993']",181.0,Romania,Attack Centre Forward,right,UD Las Palmas,70,14,nan,nan,246,YOU FIRST
687,542819,Milutin Osmajic,"['Jul', '25', '1999']",186.0,Montenegro,Attack Centre Forward,both,Vizela,31,2,nan,nan,153,Igor Gluscevic
688,835794,Pedro Benito,"['Mar', '27', '2000']",182.0,Spain,Attack Centre Forward,right,UD Sanse,10,1,nan,nan,62,YOU FIRST
689,165467,Stole Dimitrievski,"['Dec', '25', '1993']",188.0,North Macedonia,Goalkeeper,right,Rayo Vallecano,-,-,372,99,324,Promoesport
690,283489,Luca Zidane,"['May', '13', '1998']",183.0,France,Goalkeeper,right,SD Eibar,-,1,180,48,160,Roalza
691,260740,Iván Arboleda,"['Apr', '21', '1996']",185.0,Colombia,Goalkeeper,right,Without Club,-,-,93,35,94,
692,607780,Miguel Ángel Morro,"['Sep', '11', '2000']",195.0,Spain,Goalkeeper,left,Rayo Vallecano,-,-,41,9,29,ROOF
693,548186,Adrián Quintela,"['Mar', '11', '2001']",188.0,Spain,Goalkeeper,right,Madrid 2021,-,-,-,-,-,
694,449796,Alejandro Catena,"['Oct', '28', '1994']",194.0,Spain,Defender Centre Back,right,Rayo Vallecano,14,6,nan,nan,247,Universal Sport
695,258475,Nikola Maras,"['Dec', '19', '1995']",189.0,Serbia,Defender Centre Back,right,Alavés,16,4,nan,nan,281,Promoesport
696,240360,Esteban Saveljich,"['May', '20', '1991']",187.0,Montenegro,Defender Centre Back,right,Rayo Vallecano,8,2,nan,nan,232,
697,717957,Jorge Moreno,"['Jul', '25', '2001']",184.0,Spain,Defender Centre Back,right,Córdoba CF,3,-,nan,nan,61,RGFOOTBALL
698,37337,Mario Suárez,"['Feb', '24', '1987']",189.0,Spain,Defender Centre Back,right,Rayo Vallecano,33,17,nan,nan,489,Promoesport
699,623025,Sergio Gimeno,"['May', '25', '2001', 'Happy', 'Birthday']",,Spain,Defender Centre Back,,Without Club,-,-,nan,nan,1,INVSPORT (Sergio ...
700,628461,Iker Recio,"['Jun', '17', '2001']",184.0,Spain,Defender Centre Back,left,AD Alcorcón B,1,-,nan,nan,37,MRH Football Agency
701,341264,Fran García,"['Aug', '14', '1999']",169.0,Spain,Defender Left Back,left,Rayo Vallecano,9,13,nan,nan,194,Media Base Sports
702,206947,Kévin Rodrigues,"['Mar', '5', '1994']",170.0,Portugal,Defender Left Back,left,Adana Demirspor,11,17,nan,nan,195,Carrierefoot
703,85295,Iván Balliu,"['Jan', '1', '1992']",172.0,Albania,Defender Right Back,right,Rayo Vallecano,4,21,nan,nan,379,Fabián Bustos
704,608531,Mario Hernández,"['Jan', '25', '1999']",177.0,Spain,Defender Right Back,right,Rayo Vallecano,1,-,nan,nan,67,PROTIO SPORT
705,380598,Santi Comesaña,"['Oct', '5', '1996']",188.0,Spain,midfield Central Midfield,both,Rayo Vallecano,21,9,nan,nan,253,Intermedia Sport ...
706,192009,Unai López,"['Oct', '30', '1995']",170.0,Spain,midfield Central Midfield,right,Rayo Vallecano,16,19,nan,nan,294,IDUB GLOBAL
707,517753,Óscar Valentín,"['Aug', '20', '1994']",177.0,Spain,midfield Central Midfield,right,Rayo Vallecano,3,4,nan,nan,224,Promoesport
708,525578,Pathé Ciss,"['Mar', '16', '1994']",186.0,Senegal,midfield Central Midfield,right,Rayo Vallecano,16,6,nan,nan,183,NTS Management
709,629020,Manu Navarro,"['Oct', '9', '2000']",,Spain,midfield Central Midfield,,Hércules CF,-,-,nan,nan,7,
710,560483,Randy Nteka,"['Dec', '6', '1997']",189.0,France,midfield Attacking Midfield,left,Elche CF,27,7,nan,nan,203,Ballers Management ...
711,30321,Óscar Trejo,"['Apr', '26', '1988']",180.0,Argentina,midfield Attacking Midfield,right,Rayo Vallecano,74,54,nan,nan,556,Eleven Talent Group
712,195605,José Pozo,"['Mar', '15', '1996']",171.0,Spain,midfield Attacking Midfield,left,Rayo Vallecano,35,26,nan,nan,276,YOU FIRST
713,257062,Álvaro García,"['Oct', '27', '1992']",167.0,Spain,Attack Left Winger,both,Rayo Vallecano,61,45,nan,nan,399,YOU FIRST
714,289272,Martín Merquelanz,"['Jun', '12', '1995']",176.0,Spain,Attack Left Winger,left,Real Sociedad,35,24,nan,nan,171,IDUB GLOBAL
715,153427,Bebé,"['Jul', '12', '1990']",190.0,Cape Verde,Attack Left Winger,right,Real Zaragoza,53,27,nan,nan,330,JV SPORTS SL
716,888694,Álvaro Aguirre,"['Feb', '3', '2000']",,Spain,Attack Left Winger,,CD Leganés B,-,-,nan,nan,13,Niagara Sports ...
717,891075,Alejandro Asensio,"['Sep', '14', '2000']",,Spain,Attack Left Winger,left,Rayo B,-,-,nan,nan,4,Anteos
718,362086,Isi Palazón,"['Dec', '27', '1994']",169.0,Spain,Attack Right Winger,left,Rayo Vallecano,47,22,nan,nan,312,JV SPORTS SL
719,256429,Sergi Guardiola,"['May', '29', '1991']",185.0,Spain,Attack Centre Forward,left,Cádiz CF,88,19,nan,nan,348,JV SPORTS SL
720,39152,Radamel Falcao,"['Feb', '10', '1986']",177.0,Colombia,Attack Centre Forward,right,Rayo Vallecano,303,54,nan,nan,565,Gestifute
721,531277,Andrés Martín,"['Jul', '11', '1999']",178.0,Spain,Attack Centre Forward,left,Rayo Vallecano,24,14,nan,nan,174,Best of You
722,166683,Mamadou Sylla,"['Mar', '20', '1994']",180.0,Senegal,Attack Centre Forward,right,Alavés,57,30,nan,nan,294,Kick Off Management
723,93747,Yacine Qasmi,"['Jan', '3', '1991']",183.0,Morocco,Attack Centre Forward,left,CD Leganés,79,10,nan,nan,364,JV SPORTS SL
724,607779,Sergio Moreno,"['Jan', '1', '1999']",178.0,Spain,Attack Centre Forward,right,CA Osasuna Prom,10,2,nan,nan,102,Eugenio Botas ...
725,172015,Fernando Pacheco,"['May', '18', '1992']",187.0,Spain,Goalkeeper,left,Espanyol,-,-,420,94,320,EMG Mundial
726,298197,Antonio Sivera,"['Aug', '11', '1996']",185.0,Spain,Goalkeeper,right,Alavés,-,-,137,45,128,Wasserman
727,631693,Jesús Owono,"['Mar', '1', '2001']",181.0,Equatorial Guinea,Goalkeeper,,Alavés,-,-,3,3,6,Wasserman
728,608382,Adrián Rodríguez,"['Dec', '12', '2000']",195.0,Argentina,Goalkeeper,right,Depor. Alavés B,-,-,34,20,41,InterStarDeporte
729,970490,Óscar Medina,"['Jan', '19', '2004']",,Spain,Goalkeeper,,Cartagena U19,-,-,-,-,-,
730,970493,Iván Sanz,"['Jan', '8', '2003']",,Spain,Goalkeeper,,Haro Deportivo,-,-,-,-,-,
731,245893,Matt Miazga,"['Jul', '19', '1995']",193.0,United States,Defender Centre Back,right,Cincinnati,12,5,nan,nan,261,Promoesport
732,67080,Víctor Laguardia,"['Nov', '5', '1989']",183.0,Spain,Defender Centre Back,right,Alavés,16,11,nan,nan,371,Bahía Internacional
733,127108,Florian Lejeune,"['May', '20', '1991']",190.0,France,Defender Centre Back,right,Rayo Vallecano,21,7,nan,nan,376,Wasserman
734,559979,Abdel Abqar,"['Mar', '10', '1999']",188.0,Morocco,Defender Centre Back,right,Alavés,1,1,nan,nan,76,
735,177046,Rubén Duarte,"['Oct', '18', '1995']",179.0,Spain,Defender Left Back,left,Alavés,2,17,nan,nan,311,YOU FIRST
736,568158,Javi López,"['Mar', '25', '2002']",183.0,Spain,Defender Left Back,left,Alavés,-,1,nan,nan,73,Gesport Espizua SL
737,249471,Saúl García,"['Nov', '9', '1994']",182.0,Spain,Defender Left Back,left,Racing,2,13,nan,nan,280,Miguel Pedrajo
738,533568,Nahuel Tenaglia,"['Feb', '21', '1996']",181.0,Argentina,Defender Right Back,right,Alavés,12,11,nan,nan,155,Universal Twenty Two
739,483573,Martín Aguirregabiria,"['May', '10', '1996']",180.0,Spain,Defender Right Back,right,Famalicão,2,10,nan,nan,159,Football Promotions ...
740,184767,Ximo Navarro,"['Jan', '23', '1990']",176.0,Spain,Defender Right Back,right,Fortuna Sittard,8,9,nan,nan,390,CAA Stellar
741,319253,Alexandru Tirlea,"['Mar', '28', '2000']",182.0,Romania,Defender Right Back,right,Gimnàstic,1,1,nan,nan,74,Gesport Espizua SL
742,364237,Mamadou Loum,"['Dec', '30', '1996']",188.0,Senegal,midfield Defensive Midfield,right,Reading,11,1,nan,nan,176,TEAM MANAGEMENT
743,242497,Pere Pons,"['Feb', '20', '1993']",177.0,Spain,midfield Defensive Midfield,right,AEK Larnaca,13,13,nan,nan,345,Promoesport
744,354697,Tachi,"['Sep', '10', '1997']",184.0,Spain,midfield Defensive Midfield,right,Wisla Kraków,4,1,nan,nan,122,Antonio López ...
745,483742,Antonio Perera,"['Jun', '8', '1997']",186.0,Spain,midfield Defensive Midfield,left,Botev Plovdiv,1,1,nan,nan,97,
746,266795,Gonzalo Escalante,"['Mar', '27', '1993']",182.0,Argentina,midfield Central Midfield,right,Cádiz CF,19,12,nan,nan,261,YOU FIRST
747,295065,Toni Moya,"['Mar', '20', '1998']",185.0,Spain,midfield Central Midfield,right,Alavés,19,9,nan,nan,189,
748,139895,Tomás Pina,"['Oct', '14', '1987']",185.0,Spain,midfield Central Midfield,right,HN FC,18,10,nan,nan,428,"SOCCERMEDIA, S.L."
749,634460,Álex Balboa,"['Mar', '6', '2001']",,Equatorial Guinea,midfield Central Midfield,,Depor. Alavés B,-,3,nan,nan,34,Footfeel ISM
750,646734,Tomás Mendes,"['Nov', '21', '2004']",,Spain,midfield Central Midfield,,Depor. Alavés B,-,-,nan,nan,23,Wasserman
751,277118,Manu García,"['Jan', '2', '1998']",169.0,Spain,midfield Attacking Midfield,right,Aris Saloniki,16,35,nan,nan,249,IFM
752,341278,Iván Martín,"['Feb', '14', '1999']",178.0,Spain,midfield Attacking Midfield,left,Girona,7,16,nan,nan,148,Universal Twenty Two
753,278837,Luis Rioja,"['Oct', '16', '1993']",176.0,Spain,Attack Left Winger,left,Alavés,35,15,nan,nan,331,Promoesport
754,676318,Facundo Pellistri,"['Dec', '20', '2001']",174.0,Uruguay,Attack Right Winger,right,Man Utd,5,6,nan,nan,90,CAA Stellar
755,133794,Edgar Méndez,"['Jan', '2', '1990']",187.0,Spain,Attack Right Winger,right,Necaxa,56,21,nan,nan,446,Promoesport
756,718029,Unai Ropero,"['Nov', '20', '2001']",188.0,Spain,Attack Right Winger,right,Depor. Alavés B,5,-,nan,nan,24,
757,81999,Joselu,"['Mar', '27', '1990']",192.0,Spain,Attack Centre Forward,right,Espanyol,147,39,nan,nan,468,MRH Football Agency
758,480883,Miguel de la Fuente,"['Sep', '3', '1999']",182.0,Spain,Attack Centre Forward,right,Alavés,36,14,nan,nan,183,Bahía Internacional
759,495752,Taichi Hara,"['May', '5', '1999']",192.0,Japan,Attack Centre Forward,right,Sint-Truiden,49,15,nan,nan,183,HEROE
760,98596,John Guidetti,"['Apr', '15', '1992']",185.0,Sweden,Attack Centre Forward,right,AIK,103,43,nan,nan,322,HCM Sports ...
761,628472,Marc Tenas,"['May', '30', '2001']",183.0,Spain,Attack Centre Forward,right,Depor. Alavés B,7,-,nan,nan,57,"Puyol, De la Peña ..."
762,550492,Giorgi Gagua,"['Oct', '10', '2001']",193.0,Georgia,Attack Centre Forward,right,Real Unión,6,3,nan,nan,55,Free Football
763,668277,Alan Godoy,"['May', '4', '2003']",178.0,Spain,Attack Centre Forward,right,Sanluqueño,14,-,nan,nan,56,Gesport Espizua SL
