player_id,season,discription,Return_date
245893,2015,Returned,-
39152,2015,Injury,unknown
73396,2015,Injury,Unknown
191217,2015,Returned,-
74869,2015,Injury,"Aug 31, 2023"
258919,2015,Injury,"May 31, 2023"
93176,2015,Injury,"Jun 4, 2023"
182877,2015,Returned,-
207929,2015,Injury,"Jun 12, 2023"
68390,2015,Injury,"May 31, 2023"
93905,2015,Injury,unknown
129476,2015,Injury,"Jun 22, 2023"
28973,2015,Injury,"Jul 31, 2023"
92571,2015,Red card suspension,-
126321,2015,Red card suspension,-
37647,2015,Suspension through sports court ,-
61842,2015,Injury,Unknown
76560,2015,Injury,Unknown
251664,2015,Suspension through sports court ,"Jan 17, 2024"
316125,2015,Injury,Unknown
225083,2015,Injury,"May 29, 2023"
129554,2015,Injury,unknown
245765,2015,Injury,unknown
41416,2015,Joining,"Jul 1, 2023"
57207,2015,Injury,"Jun 30, 2023"
22165,2015,Injury,unknown
183299,2015,Injury,unknown
42412,2015,Injury,Unknown
80197,2015,Red card suspension,"Jun 9, 2023"
87422,2015,Injury,"Jun 30, 2023"
92469,2015,Injury,"Jun 1, 2023"
245893,2016,Returned,-
178314,2016,Injury,"May 29, 2023"
203853,2016,Injury,"Jun 4, 2023"
15956,2016,Yellow card suspension,"May 28, 2023"
387313,2016,Injury,unknown
191217,2016,Returned,-
74869,2016,Injury,"Aug 31, 2023"
93176,2016,Injury,"Jun 4, 2023"
117996,2016,Joining,"Jul 1, 2023"
122153,2016,Injury,"Jun 20, 2023"
203394,2016,Returned,-
3455,2016,Injury,"May 29, 2023"
3333,2016,Joining,"Jul 1, 2023"
131789,2016,Joining,"Jul 1, 2023"
406560,2016,Injury,Unknown
68390,2016,Injury,"May 31, 2023"
126665,2016,transfer,-
21333,2016,Injury,"Jun 30, 2023"
314295,2016,Injury,unknown
92571,2016,Red card suspension,-
37647,2016,Suspension through sports court ,-
40611,2016,Injury,unknown
226968,2016,Injury,unknown
74300,2016,Joining,"Jul 1, 2023"
57207,2016,Injury,"Jun 30, 2023"
353674,2016,Injury,Unknown
229970,2016,Injury,"Jun 30, 2023"
430788,2016,Returned,-
129554,2016,Injury,unknown
66219,2016,Joining,"Jul 1, 2023"
177476,2016,Injury,"Jun 7, 2023"
39471,2016,Injury,unknown
61832,2016,Joining,"Jul 1, 2023"
77274,2016,Injury,"Jun 1, 2023"
192080,2016,Injury,Unknown
102258,2016,Joining,"Jul 1, 2023"
203853,2017,Injury,"Jun 4, 2023"
314288,2017,Injury,unknown
181778,2017,Returned,-
216569,2017,Injury,unknown
179184,2017,Returned,-
222813,2017,Returned,-
3333,2017,Joining,"Jul 1, 2023"
93176,2017,Injury,"Jun 4, 2023"
99343,2017,Injury,Unknown
182877,2017,Returned,-
3455,2017,Injury,"May 29, 2023"
282823,2017,Returned,-
341049,2017,Injury,"Jul 24, 2023"
415912,2017,Returned,-
126321,2017,Red card suspension,-
74869,2017,Injury,"Aug 31, 2023"
293726,2017,Injury,unknown
285845,2017,Joining,"Jul 1, 2023"
55735,2017,Injury,Unknown
340325,2017,Returned,-
93905,2017,Injury,unknown
399369,2017,Injury,"May 31, 2023"
316125,2017,Injury,Unknown
243028,2017,Returned,-
28973,2017,Injury,"Jul 31, 2023"
181380,2017,Joining,"Jul 1, 2023"
41416,2017,Joining,"Jul 1, 2023"
57207,2017,Injury,"Jun 30, 2023"
353674,2017,Injury,Unknown
61842,2017,Injury,Unknown
74960,2017,Returned,-
162029,2017,Injury,"May 31, 2023"
251664,2017,Suspension through sports court ,"Jan 17, 2024"
35249,2017,Injury,Unknown
112052,2017,Injury,unknown
45660,2017,Injury,unknown
34130,2017,Injury,Unknown
102258,2017,Joining,"Jul 1, 2023"
108725,2017,Injury,"Jul 3, 2023"
42412,2017,Injury,Unknown
61832,2017,Joining,"Jul 1, 2023"
66219,2017,Joining,"Jul 1, 2023"
177476,2017,Injury,"Jun 7, 2023"
223047,2017,Injury,Unknown
495441,2017,Joining,"Jul 1, 2023"
57842,2017,Injury,"Jun 30, 2023"
90583,2017,Injury,unknown
203853,2018,Injury,"Jun 4, 2023"
345654,2018,Returned,-
222813,2018,Returned,-
143424,2018,Joining,"Jul 1, 2023"
131789,2018,Joining,"Jul 1, 2023"
406560,2018,Injury,Unknown
181778,2018,Returned,-
225083,2018,Injury,"May 29, 2023"
179184,2018,Returned,-
282823,2018,Returned,-
207929,2018,Injury,"Jun 12, 2023"
117996,2018,Joining,"Jul 1, 2023"
315969,2018,Injury,Unknown
122153,2018,Injury,"Jun 20, 2023"
99343,2018,Injury,Unknown
203394,2018,Returned,-
182877,2018,Returned,-
73396,2018,Injury,Unknown
415912,2018,Returned,-
126321,2018,Red card suspension,-
160438,2018,Injury,Unknown
293726,2018,Injury,unknown
340329,2018,Injury,Unknown
93905,2018,Injury,unknown
126665,2018,transfer,-
92571,2018,Red card suspension,-
223047,2018,Injury,Unknown
562254,2018,Injury,unknown
40611,2018,Injury,unknown
226968,2018,Injury,unknown
28973,2018,Injury,"Jul 31, 2023"
142310,2018,Injury,"May 28, 2023"
204103,2018,Returned,-
74300,2018,Joining,"Jul 1, 2023"
61842,2018,Injury,Unknown
145466,2018,Injury,"May 29, 2023"
354361,2018,Returned,-
183318,2018,Injury,"May 31, 2023"
80197,2018,Red card suspension,"Jun 9, 2023"
453575,2018,Returned,-
295331,2018,Injury,"May 31, 2023"
102258,2018,Joining,"Jul 1, 2023"
63200,2018,Joining,"Jul 1, 2023"
119269,2018,Returned,-
367284,2018,Returned,-
410425,2018,Injury,unknown
177065,2018,Returned,-
495441,2018,Joining,"Jul 1, 2023"
57842,2018,Injury,"Jun 30, 2023"
55125,2018,Injury,"Jun 26, 2023"
566349,2018,Joining,"Jul 1, 2023"
371021,2019,Returned,-
426666,2019,Returned,-
503680,2019,Injury,"Jun 30, 2023"
242273,2019,Injury,unknown
3333,2019,Joining,"Jul 1, 2023"
131789,2019,Joining,"Jul 1, 2023"
406560,2019,Injury,Unknown
181778,2019,Returned,-
472423,2019,Injury,"May 31, 2023"
504148,2019,Injury,"May 31, 2023"
225083,2019,Injury,"May 29, 2023"
51471,2019,Injury,unknown
346483,2019,Injury,"May 31, 2023"
179184,2019,Returned,-
571743,2019,Internal transfer,-
122153,2019,Injury,"Jun 20, 2023"
415912,2019,Returned,-
191217,2019,Returned,-
318077,2019,Returned,-
340329,2019,Injury,Unknown
285845,2019,Joining,"Jul 1, 2023"
655488,2019,Injury,Unknown
329813,2019,Injury,"Jun 30, 2023"
93905,2019,Injury,unknown
399369,2019,Injury,"May 31, 2023"
142310,2019,Injury,"May 28, 2023"
606872,2019,Returned,-
92571,2019,Red card suspension,-
195906,2019,Injury,Unknown
611906,2019,Injury,unknown
562254,2019,Injury,unknown
183318,2019,Injury,"May 31, 2023"
162029,2019,Injury,"May 31, 2023"
484387,2019,Returned,-
333241,2019,Injury,"May 31, 2023"
46405,2019,Returned,-
193469,2019,Injury,unknown
354352,2019,Returned,-
234189,2019,Returned,-
183720,2019,Returned,-
226968,2019,Injury,unknown
119269,2019,Returned,-
79027,2019,Injury,"Jun 30, 2023"
484551,2019,Joining,"Jul 1, 2023"
283528,2019,Injury,"Jun 9, 2023"
626724,2019,Joining,"Jul 1, 2023"
295331,2019,Injury,"May 31, 2023"
41416,2019,Joining,"Jul 1, 2023"
102258,2019,Joining,"Jul 1, 2023"
63200,2019,Joining,"Jul 1, 2023"
39015,2019,Injury,unknown
93831,2019,Injury,Unknown
547534,2019,Joining,"Jul 1, 2023"
140579,2019,Returned,-
288259,2019,Returned,-
214928,2019,Injury,unknown
291422,2019,Returned,-
183299,2019,Injury,unknown
203853,2020,Injury,"Jun 4, 2023"
503680,2020,Injury,"Jun 30, 2023"
222813,2020,Returned,-
302215,2020,Joining,"Jul 1, 2023"
3333,2020,Joining,"Jul 1, 2023"
406560,2020,Injury,Unknown
316125,2020,Injury,Unknown
181778,2020,Returned,-
225083,2020,Injury,"May 29, 2023"
51471,2020,Injury,unknown
346483,2020,Injury,"May 31, 2023"
170527,2020,Injury,unknown
179184,2020,Returned,-
315969,2020,Injury,Unknown
122153,2020,Injury,"Jun 20, 2023"
282823,2020,Returned,-
504051,2020,Injury,Unknown
207929,2020,Injury,"Jun 12, 2023"
210178,2020,Joining,"Jul 1, 2023"
191217,2020,Returned,-
285845,2020,Joining,"Jul 1, 2023"
329813,2020,Injury,"Jun 30, 2023"
399369,2020,Injury,"May 31, 2023"
364135,2020,Joining,"Jul 1, 2023"
413220,2020,Injury,"May 31, 2023"
129588,2020,Returned,-
142310,2020,Injury,"May 28, 2023"
357158,2020,Returned,-
698678,2020,Internal transfer,-
204103,2020,Returned,-
335461,2020,Returned,-
265078,2020,Returned,-
34130,2020,Injury,Unknown
193469,2020,Injury,unknown
354352,2020,Returned,-
234189,2020,Returned,-
183720,2020,Returned,-
502065,2020,Injury,"Jun 30, 2023"
92571,2020,Red card suspension,-
119269,2020,Returned,-
504148,2020,Injury,"May 31, 2023"
410425,2020,Injury,unknown
177065,2020,Returned,-
40611,2020,Injury,unknown
74960,2020,Returned,-
183318,2020,Injury,"May 31, 2023"
162029,2020,Injury,"May 31, 2023"
340329,2020,Injury,Unknown
484387,2020,Returned,-
92469,2020,Injury,"Jun 1, 2023"
528888,2020,Returned,-
27486,2020,Returned,-
158764,2020,Injury,unknown
61842,2020,Injury,Unknown
288259,2020,Returned,-
212829,2020,Injury,unknown
609556,2020,Returned,-
61832,2020,Joining,"Jul 1, 2023"
77274,2020,Injury,"Jun 1, 2023"
102258,2020,Joining,"Jul 1, 2023"
293569,2020,Injury,Unknown
108725,2020,Injury,"Jul 3, 2023"
63200,2020,Joining,"Jul 1, 2023"
177476,2021,Injury,"Jun 7, 2023"
503679,2021,Returned,-
302215,2021,Joining,"Jul 1, 2023"
143424,2021,Joining,"Jul 1, 2023"
344596,2021,Injury,Unknown
316125,2021,Injury,Unknown
472423,2021,Injury,"May 31, 2023"
170527,2021,Injury,unknown
117996,2021,Joining,"Jul 1, 2023"
182877,2021,Returned,-
355915,2021,transfer,-
354362,2021,Injury,"Aug 31, 2023"
431755,2021,On loan,-
210178,2021,Joining,"Jul 1, 2023"
331560,2021,Injury,"Sep 1, 2023"
160438,2021,Injury,Unknown
285845,2021,Joining,"Jul 1, 2023"
340325,2021,Returned,-
42412,2021,Injury,Unknown
867711,2021,Injury,"Sep 1, 2023"
75458,2021,transfer,-
484838,2021,Returned,-
234189,2021,Returned,-
183720,2021,Returned,-
288255,2021,Injury,"Jun 30, 2023"
207929,2021,Injury,"Jun 12, 2023"
364135,2021,Joining,"Jul 1, 2023"
142310,2021,Injury,"May 28, 2023"
698678,2021,Internal transfer,-
695454,2021,Injury,Unknown
292246,2021,transfer,-
92571,2021,Red card suspension,-
119269,2021,Returned,-
177065,2021,Returned,-
648046,2021,Internal transfer,-
74960,2021,Returned,-
184528,2021,Injury,"May 31, 2023"
340329,2021,Injury,Unknown
484387,2021,Returned,-
92469,2021,Injury,"Jun 1, 2023"
567576,2021,Internal transfer,-
108725,2021,Joining,"Jul 1, 2023"
158764,2021,Injury,unknown
571743,2021,Injury,"Jun 30, 2023"
741236,2021,Internal transfer,-
204294,2021,Joining,"Jul 1, 2023"
251664,2021,Suspension through sports court ,"Jan 17, 2024"
41416,2021,Joining,"Jul 1, 2023"
29391,2021,Joining,"Jul 1, 2023"
724785,2021,Internal transfer,-
258916,2021,Joining,"Jul 1, 2023"
451677,2021,Returned,-
109751,2021,Returned,-
46972,2021,Joining,"Jul 1, 2023"
290017,2021,On loan,-
285033,2021,Joining,"Jul 1, 2023"
102258,2021,Joining,"Jul 1, 2023"
293569,2021,Injury,Unknown
63200,2021,Joining,"Jul 1, 2023"
282411,2015,Injury,Unknown
298976,2015,Returned,-
281963,2015,Injury,"Jun 30, 2023"
273438,2015,Injury,Unknown
45314,2015,Injury,unknown
165008,2015,Injury,Unknown
158863,2015,Injury,unknown
197135,2015,Injury,"Jun 30, 2023"
289236,2015,Returned,-
58070,2015,Injury,Unknown
176285,2015,Injury,unknown
295331,2015,Injury,"May 31, 2023"
73185,2015,transfer,-
280795,2015,Injury,unknown
26066,2015,Injury,Unknown
178425,2015,Injury,unknown
238865,2015,Yellow card suspension,-
7663,2015,Joining,"Jul 1, 2023"
57825,2015,Injury,"Sep 12, 2023"
252677,2015,Injury,"May 31, 2023"
189458,2015,Injury,unknown
67089,2015,Injury,unknown
126731,2015,Injury,unknown
263627,2015,Injury,Unknown
110366,2015,Injury,"Jun 19, 2023"
51471,2016,Injury,unknown
65230,2016,Joining,"Jul 1, 2023"
68290,2016,Injury,"Jun 30, 2023"
107010,2016,Injury,unknown
281963,2016,Injury,"Jun 30, 2023"
162029,2016,Injury,"May 31, 2023"
25508,2016,Injury,"Jun 30, 2023"
341272,2016,Returned,-
268949,2016,Injury,unknown
67082,2016,Injury,Unknown
267420,2016,Injury,unknown
63186,2016,Injury,"Jun 9, 2023"
37579,2016,Injury,unknown
255995,2016,Injury,Unknown
85258,2016,Joining,"Jul 1, 2023"
158863,2016,Injury,unknown
122155,2016,Returned,-
289236,2016,Returned,-
72047,2016,Injury,unknown
64411,2016,Injury,unknown
73185,2016,transfer,-
67080,2016,transfer,-
263627,2016,Injury,Unknown
59551,2016,Injury,Unknown
95641,2016,Injury,unknown
257851,2016,Injury,Unknown
176285,2016,Injury,unknown
65230,2017,Joining,"Jul 1, 2023"
80444,2017,Returned,-
129476,2017,Injury,"Jun 22, 2023"
298976,2017,Returned,-
148928,2017,Returned,-
67082,2017,Injury,Unknown
336731,2017,Injury,Unknown
268949,2017,Injury,unknown
267420,2017,Injury,unknown
85258,2017,Joining,"Jul 1, 2023"
251848,2017,Returned,-
428948,2017,Internal transfer,-
59344,2017,Joining,"Jul 1, 2023"
289236,2017,Returned,-
335225,2017,Joining,"Jul 1, 2023"
63186,2017,Injury,"Jun 9, 2023"
251106,2017,Injury,"Nov 24, 2023"
255995,2017,Injury,Unknown
45912,2017,Injury,unknown
63463,2017,Red card suspension,"May 30, 2023"
283223,2017,Returned,-
72047,2017,Injury,unknown
135208,2017,Injury,unknown
7663,2017,Joining,"Jul 1, 2023"
397896,2017,Injury,Unknown
67080,2017,transfer,-
15568,2017,Injury,unknown
73185,2017,transfer,-
57825,2017,Injury,"Sep 12, 2023"
573775,2017,Returned,-
302991,2017,Injury,unknown
252677,2017,Injury,"May 31, 2023"
264140,2017,Injury,"Oct 1, 2023"
26066,2017,Injury,Unknown
178425,2017,Injury,unknown
479675,2017,Injury,unknown
295331,2017,Injury,"May 31, 2023"
80444,2018,Returned,-
281963,2018,Injury,"Jun 30, 2023"
107010,2018,Injury,unknown
120443,2018,Returned,-
148928,2018,Returned,-
280730,2018,Returned,-
298976,2018,Returned,-
63463,2018,Red card suspension,"May 30, 2023"
74869,2018,Injury,"Aug 31, 2023"
336731,2018,Injury,Unknown
268949,2018,Injury,unknown
206947,2018,Returned,-
59344,2018,Joining,"Jul 1, 2023"
289236,2018,Returned,-
371174,2018,Returned,-
255488,2018,Injury,unknown
85258,2018,Joining,"Jul 1, 2023"
192009,2018,Returned,-
251848,2018,Returned,-
340205,2018,transfer,-
45912,2018,Injury,unknown
137616,2018,Returned,-
283223,2018,Returned,-
72047,2018,Injury,unknown
466298,2018,Injury,"Jul 19, 2023"
70245,2018,Returned,-
583510,2018,Returned,-
573775,2018,Returned,-
57825,2018,Injury,"Sep 12, 2023"
427683,2018,Returned,-
245048,2018,Returned,-
263627,2018,Injury,Unknown
95641,2018,Injury,unknown
257851,2018,Injury,Unknown
120095,2018,Injury,"Nov 25, 2023"
26066,2018,Injury,Unknown
284857,2018,Injury,Unknown
189458,2018,Injury,unknown
162038,2018,transfer,-
268946,2018,Returned,-
247250,2018,Returned,-
355629,2018,Injury,unknown
251106,2018,Injury,"Nov 24, 2023"
65230,2019,Joining,"Jul 1, 2023"
490884,2019,Yellow card suspension,"May 29, 2023"
125781,2019,Joining,"Jul 1, 2023"
308278,2019,Returned,-
525299,2019,Internal transfer,-
280730,2019,Returned,-
107010,2019,Injury,unknown
148928,2019,Returned,-
67082,2019,Injury,Unknown
63463,2019,Red card suspension,"May 30, 2023"
527350,2019,Returned,-
580560,2019,Internal transfer,-
206947,2019,Returned,-
122155,2019,Returned,-
289236,2019,Returned,-
341272,2019,Returned,-
189441,2019,Returned,-
72522,2019,Returned,-
335221,2019,Returned,-
203496,2019,Injury,"Sep 17, 2023"
371174,2019,Returned,-
480958,2019,Internal transfer,-
255488,2019,Injury,unknown
178425,2019,Injury,unknown
192009,2019,Returned,-
251848,2019,Returned,-
335225,2019,Joining,"Jul 1, 2023"
627294,2019,Returned,-
248330,2019,Returned,-
284857,2019,Injury,Unknown
290249,2019,Injury,Unknown
57825,2019,Injury,"Sep 12, 2023"
45912,2019,Injury,unknown
297194,2019,Returned,-
72047,2019,Injury,unknown
599231,2019,Injury,unknown
67080,2019,transfer,-
354697,2019,Returned,-
634461,2019,Returned,-
397676,2019,Injury,unknown
302991,2019,Injury,unknown
373683,2019,Returned,-
247250,2019,Returned,-
590690,2019,Returned,-
251106,2019,Injury,"Nov 24, 2023"
591375,2019,Returned,-
350364,2019,Returned,-
178187,2019,Returned,-
443222,2019,Returned,-
480267,2020,Injury,Unknown
683840,2020,Injury,unknown
44162,2020,Returned,-
125781,2020,Joining,"Jul 1, 2023"
495625,2020,Returned,-
525299,2020,Internal transfer,-
226073,2020,Returned,-
107010,2020,Injury,unknown
491693,2020,Returned,-
60410,2020,Indirect card suspension,"Jun 1, 2023"
341272,2020,Returned,-
189441,2020,Returned,-
580560,2020,Internal transfer,-
197135,2020,Injury,"Jun 30, 2023"
59344,2020,Joining,"Jul 1, 2023"
563137,2020,Internal transfer,-
289236,2020,Returned,-
74869,2020,Injury,"Aug 31, 2023"
298983,2020,Returned,-
627294,2020,Returned,-
412041,2020,Returned,-
63463,2020,Red card suspension,"May 30, 2023"
335221,2020,Returned,-
7663,2020,Joining,"Jul 1, 2023"
255488,2020,Injury,unknown
192009,2020,Returned,-
178425,2020,Injury,unknown
455349,2020,Returned,-
302991,2020,Injury,unknown
284857,2020,Injury,Unknown
290249,2020,Injury,Unknown
297194,2020,Returned,-
137616,2020,Returned,-
309110,2020,Injury,unknown
283223,2020,Returned,-
72047,2020,Injury,unknown
295414,2020,Returned,-
57825,2020,Injury,"Sep 12, 2023"
397676,2020,Injury,unknown
120095,2020,Injury,"Nov 25, 2023"
568835,2020,Returned,-
252677,2020,Injury,"May 31, 2023"
95641,2020,Injury,unknown
634131,2020,Internal transfer,-
443222,2020,Returned,-
559979,2020,Internal transfer,-
491541,2020,Returned,-
247250,2020,Returned,-
527698,2020,Returned,-
67089,2020,Injury,unknown
490421,2020,Internal transfer,-
57935,2020,Returned,-
305956,2020,Returned,-
255892,2020,Returned,-
627290,2020,Internal transfer,-
786438,2020,Injury,unknown
280730,2021,Returned,-
283170,2021,Returned,-
480267,2021,Injury,Unknown
388542,2021,Injury,unknown
69751,2021,Joining,"Jul 1, 2023"
683840,2021,Injury,unknown
44162,2021,Returned,-
125781,2021,Joining,"Jul 1, 2023"
308278,2021,Returned,-
148928,2021,Returned,-
494880,2021,Returned,-
348795,2021,On loan,-
776890,2021,Internal transfer,-
341272,2021,Returned,-
72522,2021,Returned,-
197135,2021,Injury,"Jun 30, 2023"
634431,2021,Internal transfer,-
238407,2021,On loan,-
289236,2021,Returned,-
398131,2021,Returned,-
63463,2021,Red card suspension,"May 30, 2023"
589459,2021,Injury,"Sep 21, 2023"
527350,2021,Returned,-
573775,2021,transfer,-
203496,2021,Injury,"Sep 17, 2023"
371174,2021,Returned,-
7663,2021,Joining,"Jul 1, 2023"
122155,2021,transfer,-
625014,2021,Internal transfer,-
480958,2021,Internal transfer,-
255488,2021,Injury,unknown
178425,2021,Injury,unknown
455349,2021,Returned,-
248330,2021,Returned,-
284857,2021,Injury,Unknown
638589,2021,Internal transfer,-
398163,2021,On loan,-
251106,2021,Injury,"Nov 24, 2023"
298976,2021,transfer,-
295622,2021,Injury,unknown
705815,2021,Injury,unknown
137616,2021,Returned,-
72047,2021,Injury,unknown
618809,2021,On loan,-
95641,2021,Injury,unknown
242532,2021,Returned,-
282727,2021,Returned,-
397676,2021,Injury,unknown
120095,2021,Injury,"Nov 25, 2023"
568835,2021,Returned,-
251876,2021,transfer,-
339699,2021,Injury,Unknown
89297,2021,transfer,-
217144,2021,Returned,-
256267,2021,transfer,-
236734,2021,Returned,-
255892,2021,Returned,-
296783,2021,transfer,-
495625,2021,transfer,-
784719,2021,Returned,-
247250,2021,transfer,-
607780,2021,Returned,-
192009,2021,transfer,-
195605,2021,Returned,-
289272,2021,Injury,Unknown
39152,2021,Injury,unknown
531277,2021,Returned,-
559979,2021,Internal transfer,-
533568,2021,On loan,-
354697,2021,Returned,-
29260,2015,Injury,Unknown
122153,2015,transfer,-
205054,2015,Yellow card suspension,"May 28, 2023"
337705,2015,Injury,unknown
44162,2015,Injury,Unknown
337715,2015,Injury,unknown
262521,2015,Injury,Unknown
88682,2015,Injury,"Oct 15, 2023"
240958,2015,Injury,unknown
45146,2015,Injury,Unknown
341092,2015,Returned,-
26456,2015,Injury,"Sep 30, 2023"
44420,2015,Joining,"Jul 1, 2023"
240252,2015,Injury,"Aug 31, 2023"
227081,2015,Injury,Unknown
88685,2015,Red card suspension,-
340260,2015,Injury,Unknown
357003,2015,transfer,-
240244,2015,Injury,unknown
337716,2015,Returned,-
314468,2015,Red card suspension,"Sep 18, 2023"
286297,2015,Injury,"May 28, 2023"
168989,2015,Injury,Unknown
134883,2015,Injury,Unknown
373899,2015,Returned,-
26263,2015,Red card suspension,-
263116,2015,Injury,Unknown
30767,2015,Injury,Unknown
226080,2015,Returned,-
197471,2015,Indirect card suspension,"May 28, 2023"
162952,2015,Injury,unknown
70689,2015,Injury,Unknown
35853,2015,Injury,"Nov 3, 2023"
390117,2015,Returned,-
287876,2015,Injury,Unknown
66109,2015,Injury,Unknown
131951,2015,Injury,unknown
283735,2015,Returned,-
344806,2015,Returned,-
159288,2015,Yellow card suspension,-
39983,2016,Injury,"May 30, 2023"
344655,2016,Injury,"Sep 14, 2023"
44162,2016,Injury,Unknown
206050,2016,Injury,"May 29, 2023"
130365,2016,Returned,-
315844,2016,Injury,Unknown
301238,2016,Returned,-
395083,2016,Returned,-
451353,2016,Injury,"May 29, 2023"
315865,2016,Joining,"Jul 1, 2023"
30767,2016,Injury,Unknown
88682,2016,Injury,"Oct 15, 2023"
44834,2016,Injury,Unknown
44420,2016,Joining,"Jul 1, 2023"
199733,2016,Injury,"Jun 13, 2023"
391421,2016,Injury,Unknown
240349,2016,Injury,Unknown
370701,2016,Returned,-
398025,2016,Injury,"Jul 1, 2023"
341092,2016,Returned,-
397896,2016,Injury,Unknown
26456,2016,Injury,"Sep 30, 2023"
134883,2016,Injury,Unknown
59340,2016,Injury,unknown
197470,2016,Injury,Unknown
111227,2016,Injury,"Jun 23, 2023"
197471,2016,Indirect card suspension,"May 28, 2023"
315862,2016,Returned,-
240244,2016,Injury,unknown
337716,2016,Returned,-
315867,2016,Injury,"May 31, 2023"
204069,2016,Injury,"May 31, 2023"
242086,2016,Injury,unknown
70411,2016,Injury,Unknown
240415,2016,Injury,"Jun 21, 2023"
340260,2016,Injury,Unknown
336704,2016,Injury,unknown
73794,2016,Injury,"Jun 18, 2023"
401935,2016,Returned,-
249552,2016,Returned,-
167796,2016,Returned,-
396681,2016,Returned,-
390117,2016,Returned,-
205054,2016,Yellow card suspension,"May 28, 2023"
230166,2016,Injury,"Jul 1, 2023"
17735,2016,Injury,Unknown
194549,2016,Injury,Unknown
29260,2017,Injury,Unknown
88682,2017,Injury,"Oct 15, 2023"
44162,2017,Injury,Unknown
91970,2017,Red card suspension,-
206050,2017,Injury,"May 29, 2023"
146143,2017,Returned,-
358008,2017,Returned,-
191891,2017,Returned,-
312862,2017,Joining,"Jul 1, 2023"
315865,2017,Joining,"Jul 1, 2023"
45314,2017,Injury,unknown
238947,2017,Injury,"Jun 1, 2023"
205006,2017,Injury,"Jun 15, 2023"
337705,2017,Injury,unknown
457235,2017,Returned,-
421871,2017,Returned,-
341647,2017,Returned,-
140804,2017,Returned,-
239802,2017,Injury,unknown
228604,2017,Injury,Unknown
33706,2017,Injury,unknown
39983,2017,Injury,"May 30, 2023"
111227,2017,Injury,"Jun 23, 2023"
392538,2017,Returned,-
392545,2017,Returned,-
201040,2017,Injury,"May 31, 2023"
341092,2017,Returned,-
197470,2017,Injury,Unknown
125020,2017,Injury,"Jun 14, 2023"
275303,2017,Injury,"Aug 31, 2023"
392956,2017,Returned,-
332179,2017,Joining,"Jul 1, 2023"
315862,2017,Returned,-
273132,2017,Joining,"Jul 1, 2023"
94307,2017,transfer,-
146752,2017,Returned,-
73794,2017,Injury,"Jun 18, 2023"
241527,2017,Returned,-
55854,2017,Injury,"Jun 11, 2023"
45581,2017,Injury,Unknown
564305,2017,Returned,-
390159,2017,Returned,-
337715,2017,Injury,unknown
392881,2017,Returned,-
70411,2017,Injury,Unknown
459661,2017,On loan,-
357003,2017,transfer,-
240244,2017,Injury,unknown
297645,2017,Returned,-
337716,2017,Returned,-
405885,2017,Joining,"Jul 1, 2023"
315867,2017,Injury,"May 31, 2023"
487828,2017,Returned,-
263267,2017,Returned,-
26263,2017,Red card suspension,-
390304,2017,Returned,-
184528,2017,Injury,"May 31, 2023"
44834,2017,Injury,Unknown
401920,2017,Returned,-
368482,2017,Indirect card suspension,"May 29, 2023"
401935,2017,Returned,-
386574,2017,Returned,-
99235,2017,Injury,"Oct 2, 2023"
457675,2017,Red card suspension,-
539612,2017,Returned,-
159902,2017,Injury,Unknown
240349,2017,Injury,Unknown
323147,2017,Joining,"Jul 1, 2023"
415801,2017,Returned,-
371371,2017,Injury,"Sep 5, 2023"
115507,2017,Injury,"Jun 30, 2023"
283735,2017,Returned,-
344806,2017,Returned,-
121402,2017,Returned,-
194549,2017,Injury,Unknown
256339,2018,Injury,"Jun 30, 2023"
29260,2018,Injury,Unknown
344655,2018,Injury,"Sep 14, 2023"
88682,2018,Injury,"Oct 15, 2023"
44162,2018,Injury,Unknown
432090,2018,Returned,-
75615,2018,Returned,-
146143,2018,Returned,-
393652,2018,Injury,unknown
159902,2018,Injury,Unknown
202979,2018,Returned,-
204069,2018,Joining,"Jul 1, 2023"
312862,2018,Joining,"Jul 1, 2023"
197471,2018,Joining,"Jul 1, 2023"
364136,2018,Returned,-
315865,2018,Joining,"Jul 1, 2023"
357991,2018,Returned,-
88685,2018,Red card suspension,-
111227,2018,Injury,"Jun 23, 2023"
240958,2018,Injury,unknown
392545,2018,Returned,-
45314,2018,Injury,unknown
238947,2018,Injury,"Jun 1, 2023"
130365,2018,Returned,-
421871,2018,Returned,-
286297,2018,Injury,"May 28, 2023"
96630,2018,Joining,"Jul 1, 2023"
341647,2018,Returned,-
357995,2018,Returned,-
226080,2018,Returned,-
337383,2018,Injury,unknown
458096,2018,Returned,-
268178,2018,Returned,-
200194,2018,Returned,-
392956,2018,Returned,-
301239,2018,Injury,"Jul 14, 2023"
287663,2018,Returned,-
315862,2018,Returned,-
392959,2018,Returned,-
287710,2018,Returned,-
80351,2018,Injury,unknown
459149,2018,Indirect card suspension,-
162952,2018,Injury,unknown
432092,2018,Returned,-
370701,2018,Returned,-
341092,2018,Returned,-
357498,2018,Injury,"May 28, 2023"
391931,2018,Returned,-
44420,2018,Joining,"Jul 1, 2023"
224044,2018,Returned,-
227081,2018,Returned,-
340707,2018,Returned,-
131731,2018,Returned,-
345590,2018,Returned,-
323147,2018,Returned,-
315867,2018,Injury,"May 31, 2023"
25508,2018,Injury,"Jun 30, 2023"
55854,2018,Injury,"Jun 11, 2023"
75942,2018,Returned,-
134883,2018,Injury,Unknown
373899,2018,Returned,-
564305,2018,Returned,-
63186,2018,Injury,"Jun 9, 2023"
59340,2018,Injury,unknown
451310,2018,On loan,-
146752,2018,Returned,-
241527,2018,Returned,-
487828,2018,Returned,-
92899,2018,transfer,-
473871,2018,Returned,-
35249,2018,Injury,Unknown
263267,2018,Returned,-
512344,2018,Injury,Unknown
334371,2018,Returned,-
392881,2018,Returned,-
340260,2018,Injury,Unknown
345458,2018,Injury,"May 28, 2023"
190634,2018,Injury,unknown
167796,2018,Returned,-
459945,2018,Returned,-
396681,2018,Returned,-
390304,2018,Returned,-
184528,2018,Injury,"May 31, 2023"
218306,2018,Returned,-
358003,2018,Returned,-
240244,2018,Injury,unknown
351816,2018,Injury,"Nov 10, 2023"
467992,2018,Returned,-
84765,2018,On loan,-
528262,2018,Injury,Unknown
289061,2018,Returned,-
74943,2018,Returned,-
409592,2018,Returned,-
136135,2018,Injury,Unknown
290768,2018,Injury,Unknown
45581,2018,Injury,Unknown
394352,2018,Injury,Unknown
199941,2018,Injury,"Jun 30, 2023"
287663,2018,Injury,Unknown
163223,2018,Returned,-
464682,2018,Returned,-
315846,2018,Returned,-
205023,2018,Injury,"Jun 30, 2023"
340879,2019,Returned,-
344655,2019,Injury,"Sep 14, 2023"
371967,2019,Injury,unknown
354362,2019,Injury,"Aug 31, 2023"
363178,2019,Returned,-
204069,2019,Joining,"Jul 1, 2023"
538919,2019,Returned,-
73396,2019,Injury,Unknown
400489,2019,Yellow card suspension,"May 29, 2023"
358008,2019,Returned,-
96167,2019,Injury,Unknown
316889,2019,Injury,Unknown
191891,2019,Returned,-
88685,2019,Red card suspension,-
3455,2019,Injury,"May 29, 2023"
45314,2019,Injury,unknown
502821,2019,Returned,-
286297,2019,Injury,"May 28, 2023"
341647,2019,Returned,-
391931,2019,Returned,-
140804,2019,Returned,-
239802,2019,Injury,unknown
215089,2019,Returned,-
199733,2019,Injury,"Jun 13, 2023"
227081,2019,Returned,-
370701,2019,Returned,-
312862,2019,Injury,"Jun 22, 2023"
215616,2019,Returned,-
201040,2019,Injury,"May 31, 2023"
341092,2019,Returned,-
573979,2019,Returned,-
337725,2019,Returned,-
197470,2019,Injury,Unknown
309393,2019,Injury,Unknown
80351,2019,Injury,unknown
432092,2019,Returned,-
337716,2019,Returned,-
131731,2019,Returned,-
457444,2019,Returned,-
239941,2019,Returned,-
405885,2019,Joining,"Jul 1, 2023"
84765,2019,Returned,-
459504,2019,Returned,-
134883,2019,Injury,Unknown
564305,2019,Returned,-
59340,2019,Injury,unknown
44136,2019,Joining,"Jul 1, 2023"
702372,2019,Returned,-
467783,2019,Injury,unknown
131102,2019,Returned,-
633377,2019,Returned,-
146752,2019,Returned,-
287876,2019,Injury,Unknown
241527,2019,Returned,-
182923,2019,Returned,-
423614,2019,Returned,-
401920,2019,Returned,-
537488,2019,Injury,Unknown
218306,2019,Returned,-
432982,2019,Injury,unknown
99254,2019,Returned,-
74943,2019,Returned,-
324804,2019,Returned,-
364206,2019,Returned,-
131951,2019,Injury,unknown
371371,2019,Injury,"Sep 5, 2023"
631007,2019,Internal transfer,-
574669,2019,Returned,-
210363,2019,Returned,-
344806,2019,Returned,-
503619,2019,Injury,Unknown
240415,2019,Injury,"Jun 21, 2023"
130485,2019,Returned,-
498043,2019,Returned,-
289061,2019,Returned,-
363610,2019,Returned,-
38607,2019,Returned,-
238977,2019,On loan,-
240244,2019,Injury,unknown
542572,2019,Returned,-
70689,2019,Injury,Unknown
539632,2020,Returned,-
312862,2020,Joining,"Jul 1, 2023"
731491,2020,Returned,-
197471,2020,Joining,"Jul 1, 2023"
553512,2020,Injury,"Nov 1, 2023"
96341,2020,On loan,-
315865,2020,Joining,"Jul 1, 2023"
39983,2020,Injury,"May 30, 2023"
568559,2020,Joining,"Jul 1, 2023"
490384,2020,Injury,"Jul 4, 2023"
406842,2020,Injury,unknown
371967,2020,Injury,unknown
354362,2020,Injury,"Aug 31, 2023"
91970,2020,Red card suspension,-
341092,2020,transfer,-
206050,2020,Injury,"May 29, 2023"
363178,2020,Returned,-
351816,2020,Injury,"Nov 10, 2023"
562259,2020,Returned,-
314678,2020,On loan,-
539132,2020,Injury,"May 31, 2023"
422355,2020,Returned,-
3455,2020,Injury,"May 29, 2023"
673495,2020,Returned,-
421773,2020,Returned,-
73396,2020,Injury,Unknown
555557,2020,Internal transfer,-
316889,2020,Injury,Unknown
199258,2020,Joining,"Jul 1, 2023"
125020,2020,Injury,"Jun 14, 2023"
431698,2020,Returned,-
275303,2020,Injury,"Aug 31, 2023"
273132,2020,Joining,"Jul 1, 2023"
80351,2020,Injury,unknown
75458,2020,Returned,-
371371,2020,Injury,"Sep 5, 2023"
538569,2020,Returned,-
286297,2020,Injury,"May 28, 2023"
628558,2020,Returned,-
298976,2020,Returned,-
44420,2020,Joining,"Jul 1, 2023"
215089,2020,Returned,-
287700,2020,Returned,-
331514,2020,Returned,-
256267,2020,Returned,-
602124,2020,Internal transfer,-
573979,2020,Returned,-
123261,2020,Injury,unknown
311178,2020,Injury,"May 28, 2023"
265088,2020,Joining,"Jul 1, 2023"
131731,2020,Returned,-
391065,2020,Joining,"Jul 1, 2023"
216569,2020,Returned,-
315867,2020,Injury,"May 31, 2023"
286047,2020,Returned,-
190634,2020,Injury,unknown
41982,2020,Injury,Unknown
736034,2020,Internal transfer,-
475410,2020,Returned,-
637117,2020,Returned,-
134883,2020,Injury,Unknown
538072,2020,Returned,-
390159,2020,Returned,-
487828,2020,Returned,-
612059,2020,Internal transfer,-
473871,2020,Returned,-
283528,2020,Injury,"Jun 9, 2023"
35249,2020,Injury,Unknown
704714,2020,Injury,Unknown
371013,2020,Joining,"Jul 1, 2023"
248732,2020,Injury,"Jul 3, 2023"
201040,2020,Injury,"May 31, 2023"
631007,2020,Internal transfer,-
272261,2020,Returned,-
519175,2020,Returned,-
550106,2020,Joining,"Jul 1, 2023"
131951,2020,Injury,unknown
210363,2020,Returned,-
344806,2020,Returned,-
556173,2020,Returned,-
699442,2020,Internal transfer,-
44834,2020,Injury,Unknown
401920,2020,Returned,-
63186,2020,Injury,"Jun 9, 2023"
432982,2020,Injury,unknown
616667,2020,Returned,-
818888,2020,Internal transfer,-
625202,2020,Injury,unknown
111227,2020,Injury,"Jun 23, 2023"
182889,2020,Injury,Unknown
74943,2020,Returned,-
535469,2020,Returned,-
633377,2020,Returned,-
25488,2020,Joining,"Jul 1, 2023"
287876,2020,Injury,Unknown
469690,2020,Returned,-
163048,2020,Returned,-
272638,2020,Injury,unknown
464465,2020,Returned,-
309393,2020,Injury,Unknown
68864,2020,On loan,-
702372,2020,Returned,-
340260,2020,Injury,Unknown
287367,2020,Returned,-
435213,2020,Injury,Unknown
230826,2020,Injury,Unknown
587458,2020,transfer,-
365565,2020,Injury,Unknown
218067,2020,Returned,-
309929,2020,Injury,unknown
121402,2020,Returned,-
194549,2020,Injury,Unknown
88680,2020,Yellow card suspension,"May 29, 2023"
457773,2020,Returned,-
290698,2020,Returned,-
59340,2020,Injury,unknown
532040,2020,Returned,-
39983,2021,Injury,"May 30, 2023"
490384,2021,Injury,"Jul 4, 2023"
536341,2021,Injury,Unknown
88682,2021,Injury,"Oct 15, 2023"
571607,2021,Internal transfer,-
91970,2021,Red card suspension,-
668951,2021,Internal transfer,-
357498,2021,Injury,"May 28, 2023"
620477,2021,Injury,"Jun 14, 2023"
731491,2021,Returned,-
357991,2021,Returned,-
351816,2021,Injury,"Nov 10, 2023"
314678,2021,On loan,-
3455,2021,Injury,"May 29, 2023"
673495,2021,Returned,-
73396,2021,Injury,Unknown
240357,2021,Returned,-
400489,2021,Yellow card suspension,"May 29, 2023"
199258,2021,Joining,"Jul 1, 2023"
459655,2021,Returned,-
332179,2021,Joining,"Jul 1, 2023"
216569,2021,transfer,-
73794,2021,Injury,"Jun 18, 2023"
432092,2021,Returned,-
205006,2021,Injury,"Jun 15, 2023"
392085,2021,Red card suspension,"May 31, 2023"
746891,2021,Internal transfer,-
298976,2021,Returned,-
215616,2021,Returned,-
602124,2021,Internal transfer,-
239962,2021,Returned,-
44420,2021,Joining,"Jul 1, 2023"
239802,2021,Injury,unknown
613539,2021,Internal transfer,-
601577,2021,Injury,unknown
448466,2021,Injury,Unknown
256267,2021,Returned,-
416386,2021,transfer,-
391065,2021,Joining,"Jul 1, 2023"
216569,2021,Returned,-
239941,2021,Returned,-
405885,2021,Joining,"Jul 1, 2023"
84765,2021,Returned,-
77825,2021,transfer,-
55854,2021,Injury,"Jun 11, 2023"
373899,2021,Returned,-
364133,2021,transfer,-
368891,2021,transfer,-
423614,2021,Returned,-
237658,2021,transfer,-
368482,2021,Indirect card suspension,"May 29, 2023"
616667,2021,Returned,-
818888,2021,Internal transfer,-
371013,2021,Joining,"Jul 1, 2023"
415801,2021,Returned,-
290032,2021,Injury,Unknown
470794,2021,Joining,"Jul 1, 2023"
631007,2021,Internal transfer,-
272261,2021,Returned,-
283735,2021,Returned,-
550106,2021,Joining,"Jul 1, 2023"
131951,2021,Injury,unknown
487828,2021,Returned,-
612059,2021,Internal transfer,-
491693,2021,transfer,-
556385,2021,On loan,-
546880,2021,Injury,"Jul 10, 2023"
47513,2021,Injury,"Aug 25, 2023"
595809,2021,transfer,-
35249,2021,Injury,Unknown
345458,2021,Injury,"May 28, 2023"
312862,2021,Injury,"Jun 22, 2023"
134883,2021,Injury,Unknown
650224,2021,Internal transfer,-
666547,2021,Internal transfer,-
282388,2021,Returned,-
131102,2021,Returned,-
111227,2021,Injury,"Jun 23, 2023"
75942,2021,transfer,-
25488,2021,Joining,"Jul 1, 2023"
340394,2021,On loan,-
146752,2021,Returned,-
678441,2021,Internal transfer,-
278531,2021,On loan,-
547985,2021,Yellow card suspension,"May 29, 2023"
183841,2021,transfer,-
467992,2021,Returned,-
171159,2021,Joining,"Jul 1, 2023"
390117,2021,Returned,-
240934,2021,Yellow card suspension,"May 29, 2023"
390177,2021,Joining,"Jul 1, 2023"
160344,2021,Returned,-
234880,2021,Returned,-
167491,2021,Returned,-
37834,2021,Returned,-
364132,2021,Returned,-
228444,2021,Injury,unknown
718088,2021,transfer,-
446491,2021,Returned,-
623872,2021,Internal transfer,-
524428,2021,Returned,-
412513,2021,Injury,"Jun 22, 2023"
271622,2021,Injury,Unknown
806524,2021,Injury,"Jul 1, 2023"
131731,2021,transfer,-
203842,2021,On loan,-
540827,2021,Injury,unknown
45314,2021,Injury,unknown
57633,2021,Injury,unknown
406806,2021,transfer,-
241527,2021,transfer,-
542394,2021,Returned,-
125105,2015,Injury,unknown
274461,2015,Joining,"Jul 1, 2023"
55735,2015,Injury,Unknown
93704,2015,Joining,"Jul 1, 2023"
85148,2015,Injury,"May 31, 2023"
89701,2015,Injury,Unknown
48298,2015,Joining,"Jul 1, 2023"
42783,2015,Injury,unknown
57845,2015,Injury,unknown
333241,2015,Injury,"May 31, 2023"
112935,2015,Injury,unknown
51972,2015,Injury,unknown
170527,2015,Injury,unknown
119211,2015,Injury,Unknown
59082,2015,Injury,unknown
91423,2015,Injury,unknown
202838,2015,Red card suspension,-
111275,2015,Injury,Unknown
111277,2015,Injury,Unknown
45662,2015,Yellow card suspension,"May 29, 2023"
90024,2015,Red card suspension,"Jun 5, 2023"
164265,2015,Injury,Unknown
84435,2015,Injury,unknown
153634,2015,Injury,unknown
193006,2015,Injury,Unknown
86175,2015,Injury,Unknown
52348,2015,Injury,Unknown
88680,2015,Yellow card suspension,"May 29, 2023"
77108,2015,Yellow card suspension,"May 29, 2023"
195782,2015,Injury,unknown
75615,2016,Injury,Unknown
196792,2016,Injury,unknown
34787,2016,Injury,"Jun 30, 2023"
89701,2016,Injury,Unknown
61087,2016,Joining,"Jul 1, 2023"
89650,2016,Yellow card suspension,"May 29, 2023"
93704,2016,Joining,"Jul 1, 2023"
207590,2016,Injury,Unknown
118161,2016,Injury,Unknown
106987,2016,Injury,Unknown
284270,2016,Injury,Unknown
57845,2016,Injury,unknown
48298,2016,Joining,"Jul 1, 2023"
42783,2016,Injury,unknown
52348,2016,Injury,Unknown
112935,2016,Injury,unknown
108537,2016,Joining,"Jul 1, 2023"
227110,2016,Returned,-
89592,2016,Joining,"Jul 1, 2023"
88680,2016,Yellow card suspension,"May 29, 2023"
60632,2016,Injury,unknown
78339,2016,Injury,Unknown
218011,2016,Injury,unknown
82361,2016,Injury,Unknown
167189,2016,Injury,Unknown
42044,2016,Injury,Unknown
59082,2016,Injury,unknown
160943,2016,Indirect card suspension,"May 28, 2023"
91915,2016,Injury,Unknown
45662,2016,Yellow card suspension,"May 29, 2023"
51356,2016,Injury,Unknown
195906,2016,Injury,Unknown
77108,2016,Yellow card suspension,"May 29, 2023"
195782,2016,Injury,unknown
317444,2017,Returned,-
345780,2017,Returned,-
238722,2017,Injury,unknown
147051,2017,Returned,-
406040,2017,Returned,-
61087,2017,Joining,"Jul 1, 2023"
173491,2017,Returned,-
89650,2017,Yellow card suspension,"May 29, 2023"
237662,2017,Injury,unknown
84435,2017,Injury,unknown
160241,2017,Injury,"May 28, 2023"
112935,2017,Injury,unknown
362184,2017,Returned,-
314295,2017,Injury,unknown
403898,2017,Joining,"Jul 1, 2023"
51356,2017,Injury,Unknown
93704,2017,Joining,"Jul 1, 2023"
280575,2017,Returned,-
293169,2017,Returned,-
282660,2017,Yellow card suspension,"May 28, 2023"
282658,2017,Injury,unknown
45662,2017,Yellow card suspension,"May 29, 2023"
160943,2017,Indirect card suspension,"May 28, 2023"
5017,2017,Injury,Unknown
233420,2017,Yellow card suspension,"May 28, 2023"
77108,2017,Yellow card suspension,"May 29, 2023"
78339,2017,Injury,Unknown
218011,2017,Injury,unknown
42936,2017,Joining,"Jul 1, 2023"
111275,2017,Injury,Unknown
377387,2017,Returned,-
85822,2017,Injury,unknown
193006,2017,Injury,Unknown
441986,2017,Returned,-
36284,2017,Yellow card suspension,"May 28, 2023"
82361,2017,Injury,Unknown
167189,2017,Injury,Unknown
9354,2017,Injury,Unknown
42783,2017,Injury,unknown
317444,2018,Returned,-
345780,2018,Returned,-
424204,2018,Injury,"Jun 11, 2023"
334221,2018,Injury,unknown
274461,2018,Joining,"Jul 1, 2023"
196792,2018,Injury,unknown
147051,2018,Returned,-
106987,2018,Injury,Unknown
170527,2018,transfer,-
448092,2018,Injury,unknown
389079,2018,Injury,unknown
89701,2018,Injury,Unknown
173491,2018,Returned,-
84435,2018,Injury,unknown
605893,2018,Injury,unknown
143798,2018,Injury,Unknown
362184,2018,Returned,-
345746,2018,Returned,-
48298,2018,Joining,"Jul 1, 2023"
280575,2018,Returned,-
293169,2018,Returned,-
39015,2018,Injury,unknown
447221,2018,Returned,-
372711,2018,Joining,"Jul 1, 2023"
237662,2018,Injury,unknown
227110,2018,Returned,-
282660,2018,Yellow card suspension,"May 28, 2023"
282658,2018,Injury,unknown
315125,2018,Returned,-
342967,2018,Returned,-
251878,2018,Joining,"Jul 1, 2023"
482145,2018,Returned,-
333647,2018,Injury,unknown
405674,2018,Joining,"Jul 1, 2023"
243606,2018,Injury,"Jun 30, 2023"
45662,2018,Yellow card suspension,"May 29, 2023"
381250,2018,Returned,-
314295,2018,Injury,unknown
42783,2018,Joining,"Jul 1, 2023"
164265,2018,Injury,Unknown
66005,2018,Yellow card suspension,"May 30, 2023"
218011,2018,Injury,unknown
39306,2018,Joining,"Jul 1, 2023"
85164,2018,Yellow card suspension,"May 29, 2023"
196427,2018,Returned,-
160241,2018,Injury,"May 28, 2023"
193006,2018,Injury,Unknown
165331,2018,Injury,"Jun 30, 2023"
317444,2019,Returned,-
578539,2019,Returned,-
424204,2019,Injury,"Jun 11, 2023"
344600,2019,Injury,unknown
467437,2019,Injury,"Jun 30, 2023"
435648,2019,Returned,-
344598,2019,Injury,Unknown
388513,2019,Injury,unknown
147051,2019,Returned,-
426685,2019,Returned,-
597004,2019,Returned,-
170527,2019,transfer,-
242086,2019,Injury,unknown
215099,2019,Joining,"Jul 1, 2023"
34787,2019,Injury,"Jun 30, 2023"
125858,2019,Yellow card suspension,"May 28, 2023"
232454,2019,Returned,-
61087,2019,Joining,"Jul 1, 2023"
193782,2019,Injury,unknown
173491,2019,Returned,-
345746,2019,Returned,-
48298,2019,Joining,"Jul 1, 2023"
237662,2019,Injury,unknown
318528,2019,Joining,"Jul 1, 2023"
52348,2019,Injury,Unknown
143798,2019,Injury,Unknown
125614,2019,Returned,-
361260,2019,Returned,-
282349,2019,Returned,-
388820,2019,Returned,-
372711,2019,Joining,"Jul 1, 2023"
404384,2019,Returned,-
89592,2019,Joining,"Jul 1, 2023"
423436,2019,Joining,"Jul 1, 2023"
260655,2019,Returned,-
232418,2019,Injury,"Jul 22, 2023"
282658,2019,Injury,unknown
303259,2019,Returned,-
45662,2019,Yellow card suspension,"May 29, 2023"
448177,2019,transfer,-
216181,2019,Joining,"Jul 1, 2023"
118847,2019,Returned,-
606752,2019,Returned,-
278343,2019,Red card suspension,"May 30, 2023"
221611,2019,Joining,"Jul 1, 2023"
314288,2019,Injury,unknown
445939,2019,Joining,"Jul 1, 2023"
84435,2019,Injury,unknown
5017,2019,Injury,Unknown
60632,2019,Injury,unknown
379879,2019,Injury,unknown
388058,2019,Returned,-
447730,2019,Injury,Unknown
296378,2019,Returned,-
66005,2019,Yellow card suspension,"May 30, 2023"
77108,2019,Yellow card suspension,"May 29, 2023"
42936,2019,Joining,"Jul 1, 2023"
251299,2019,Joining,"Jul 1, 2023"
288253,2019,Injury,Unknown
379989,2019,Returned,-
247555,2019,Returned,-
333647,2019,Injury,unknown
164265,2019,Injury,Unknown
381250,2019,Returned,-
314295,2019,Injury,unknown
111275,2019,Injury,Unknown
330635,2019,Joining,"Jul 1, 2023"
249157,2019,Injury,Unknown
90024,2019,Red card suspension,"Jun 5, 2023"
377387,2019,Returned,-
469949,2019,Injury,unknown
272812,2019,Injury,"Sep 14, 2023"
112935,2019,Injury,unknown
36284,2019,Yellow card suspension,"May 28, 2023"
283286,2019,Injury,unknown
208167,2019,Joining,"Jul 1, 2023"
16311,2019,Joining,"Jul 1, 2023"
85822,2019,Injury,unknown
224513,2019,Injury,"Nov 30, 2023"
269878,2019,Returned,-
10503,2019,Joining,"Jul 1, 2023"
254934,2019,Injury,"Jun 1, 2023"
151636,2019,Injury,unknown
159239,2019,Joining,"Jul 1, 2023"
317444,2020,Returned,-
424204,2020,Injury,"Jun 11, 2023"
467437,2020,Injury,"Jun 30, 2023"
75615,2020,Injury,Unknown
435648,2020,Returned,-
212718,2020,Injury,Unknown
344598,2020,Injury,Unknown
388513,2020,Injury,unknown
274461,2020,Joining,"Jul 1, 2023"
296879,2020,Injury,Unknown
388516,2020,Joining,"Jul 1, 2023"
348026,2020,Injury,"Jun 15, 2023"
106987,2020,Injury,Unknown
292246,2020,Returned,-
309397,2020,Joining,"Jul 1, 2023"
119211,2020,Returned,-
125858,2020,Yellow card suspension,"May 28, 2023"
242086,2020,Injury,unknown
173491,2020,Returned,-
284732,2020,Joining,"Jul 1, 2023"
368860,2020,Returned,-
321070,2020,Returned,-
504089,2020,Returned,-
237662,2020,Injury,unknown
569288,2020,Returned,-
216181,2020,Joining,"Jul 1, 2023"
529198,2020,Returned,-
118847,2020,Returned,-
356141,2020,Joining,"Jul 1, 2023"
68033,2020,Returned,-
221611,2020,Joining,"Jul 1, 2023"
445939,2020,Joining,"Jul 1, 2023"
353032,2020,Joining,"Jul 1, 2023"
282660,2020,Yellow card suspension,"May 28, 2023"
89592,2020,Joining,"Jul 1, 2023"
296397,2020,Returned,-
260655,2020,Returned,-
232418,2020,Injury,"Jul 22, 2023"
315125,2020,Returned,-
448177,2020,transfer,-
8246,2020,Joining,"Jul 1, 2023"
160241,2020,Injury,"May 28, 2023"
523913,2020,Injury,Unknown
215864,2020,Returned,-
125614,2020,Returned,-
415912,2020,transfer,-
540302,2020,Returned,-
60394,2020,Returned,-
386786,2020,Returned,-
618425,2020,Joining,"Jul 1, 2023"
369567,2020,Injury,"Jun 5, 2023"
288253,2020,Injury,Unknown
384553,2020,Returned,-
251878,2020,Joining,"Jul 1, 2023"
85906,2020,transfer,-
247555,2020,Returned,-
164265,2020,Injury,Unknown
532495,2020,Returned,-
348778,2020,Returned,-
296378,2020,Returned,-
42936,2020,Joining,"Jul 1, 2023"
361260,2020,Returned,-
596881,2020,Injury,unknown
404384,2020,Returned,-
112935,2020,Injury,unknown
469949,2020,Injury,unknown
272812,2020,Injury,"Sep 14, 2023"
613192,2020,Injury,unknown
60632,2020,Injury,unknown
58396,2020,Injury,unknown
455933,2020,Injury,unknown
278343,2020,Red card suspension,"May 30, 2023"
314295,2020,Injury,unknown
520468,2020,Injury,Unknown
57845,2020,Joining,"Jul 1, 2023"
330635,2020,Joining,"Jul 1, 2023"
38410,2020,Joining,"Jul 1, 2023"
85822,2020,Injury,unknown
159088,2020,Injury,"Jun 30, 2023"
392156,2020,Joining,"Jul 1, 2023"
366974,2020,Returned,-
216804,2020,Injury,unknown
285951,2020,Injury,Unknown
511246,2020,Returned,-
307052,2020,Injury,"Jun 30, 2023"
317444,2021,Returned,-
538996,2021,Injury,Unknown
424204,2021,Injury,"Jun 11, 2023"
900909,2021,Injury,unknown
45660,2021,Injury,unknown
344598,2021,Injury,Unknown
100986,2021,Injury,Unknown
274461,2021,Joining,"Jul 1, 2023"
718232,2021,Injury,Unknown
670882,2021,Internal transfer,-
296879,2021,Injury,Unknown
388516,2021,Joining,"Jul 1, 2023"
508637,2021,Internal transfer,-
106987,2021,Injury,Unknown
692462,2021,Returned,-
597004,2021,Returned,-
292246,2021,Returned,-
473169,2021,Returned,-
112541,2021,Joining,"Jul 1, 2023"
644771,2021,Injury,"Jun 30, 2023"
215099,2021,Joining,"Jul 1, 2023"
159088,2021,Injury,"Jun 30, 2023"
125858,2021,Yellow card suspension,"May 28, 2023"
232454,2021,Returned,-
242086,2021,Injury,unknown
193782,2021,Injury,unknown
690222,2021,Injury,Unknown
314288,2021,Injury,unknown
597804,2021,Injury,"Jun 30, 2023"
403898,2021,Joining,"Jul 1, 2023"
284732,2021,Joining,"Jul 1, 2023"
48298,2021,Joining,"Jul 1, 2023"
368860,2021,Returned,-
321070,2021,Returned,-
318528,2021,Joining,"Jul 1, 2023"
237662,2021,Injury,unknown
374954,2021,transfer,-
68033,2021,Returned,-
429874,2021,On loan,-
8246,2021,Joining,"Jul 1, 2023"
160241,2021,Injury,"May 28, 2023"
523913,2021,Injury,Unknown
796429,2021,On loan,-
452065,2021,Injury,unknown
55099,2021,Red card suspension,-
690429,2021,Internal transfer,-
42936,2021,Joining,"Jul 1, 2023"
415912,2021,transfer,-
540302,2021,Returned,-
60394,2021,Returned,-
750886,2021,Returned,-
369567,2021,Injury,"Jun 5, 2023"
364938,2021,Returned,-
16922,2021,Joining,"Jul 1, 2023"
303259,2021,Returned,-
569368,2021,Injury,unknown
46104,2021,Joining,"Jul 1, 2023"
251299,2021,Joining,"Jul 1, 2023"
384553,2021,Returned,-
251878,2021,Joining,"Jul 1, 2023"
168989,2021,Injury,Unknown
118847,2021,transfer,-
436585,2021,transfer,-
269878,2021,transfer,-
187491,2021,On loan,-
454863,2021,Injury,"May 31, 2023"
269878,2021,Returned,-
84938,2021,Joining,"Jul 1, 2023"
384553,2021,transfer,-
232418,2021,Injury,"Jul 22, 2023"
314295,2021,Injury,unknown
520468,2021,Injury,Unknown
664973,2021,Injury,Unknown
377387,2021,Returned,-
90024,2021,Red card suspension,"Jun 5, 2023"
366974,2021,Returned,-
334221,2021,Injury,unknown
340521,2021,Injury,Unknown
187105,2021,Returned,-
309393,2021,Injury,Unknown
307052,2021,Injury,"Jun 30, 2023"
275423,2021,Returned,-
452222,2021,Injury,unknown
443331,2021,Injury,Unknown
690218,2021,Internal transfer,-
379979,2021,Injury,unknown
279064,2021,Returned,-
243856,2021,Injury,Unknown
334998,2021,Joining,"Jul 1, 2023"
596813,2021,Red card suspension,-
25508,2015,Injury,"Jun 30, 2023"
3455,2015,Injury,"May 29, 2023"
126710,2015,Injury,unknown
190393,2015,transfer,-
162029,2015,Injury,"May 31, 2023"
290872,2015,Injury,"Oct 1, 2023"
98349,2015,Injury,Unknown
278553,2015,Injury,Unknown
122582,2015,Injury,Unknown
216569,2015,Injury,unknown
290249,2015,Injury,Unknown
323704,2015,Red card suspension,-
126673,2015,Injury,"Feb 1, 2024"
198027,2015,Injury,unknown
182963,2015,Injury,Unknown
51283,2015,Injury,Unknown
412513,2015,Injury,"Jun 22, 2023"
41063,2015,Injury,Unknown
18934,2015,Red card suspension,"May 28, 2023"
93732,2015,Injury,Unknown
206912,2015,Injury,"Jun 30, 2023"
375881,2015,Injury,Unknown
103054,2015,transfer,-
120629,2016,Returned,-
282041,2016,Injury,"Jun 15, 2023"
345084,2016,Injury,unknown
190393,2016,transfer,-
371142,2016,Injury,unknown
93720,2016,transfer,-
344610,2016,Injury,Unknown
290249,2016,Injury,Unknown
419293,2016,Yellow card suspension,"May 28, 2023"
98349,2016,Injury,Unknown
126673,2016,Injury,"Feb 1, 2024"
274484,2016,Injury,Unknown
290256,2016,Injury,Unknown
410425,2016,Injury,unknown
229003,2016,Injury,Unknown
288248,2016,Red card suspension,-
123021,2016,Injury,Unknown
206912,2016,Injury,"Jun 30, 2023"
203504,2016,Returned,-
18934,2016,Red card suspension,"May 28, 2023"
358505,2016,Injury,Unknown
272617,2016,Injury,"Jun 30, 2023"
282041,2017,Injury,"Jun 15, 2023"
126710,2017,Injury,unknown
100986,2017,Injury,Unknown
68290,2017,Injury,"Jun 30, 2023"
364133,2017,Returned,-
39152,2017,Injury,unknown
371142,2017,Injury,unknown
37647,2017,Suspension through sports court ,-
312862,2017,Injury,"Jun 22, 2023"
344610,2017,Injury,Unknown
290249,2017,Injury,Unknown
323704,2017,Red card suspension,-
579930,2017,Injury,unknown
123021,2017,Injury,Unknown
98349,2017,Injury,Unknown
51040,2017,Injury,Unknown
52246,2017,Injury,unknown
126673,2017,Injury,"Feb 1, 2024"
410425,2017,Injury,unknown
435485,2017,Indirect card suspension,"May 29, 2023"
290872,2017,Injury,"Oct 1, 2023"
290256,2017,Injury,Unknown
579205,2017,Injury,unknown
363177,2017,Injury,"Jul 10, 2023"
18934,2017,Red card suspension,"May 28, 2023"
539232,2017,Joining,"Jul 1, 2023"
41063,2017,Injury,Unknown
318528,2017,Injury,unknown
481116,2017,Returned,-
213052,2017,Returned,-
282041,2018,Injury,"Jun 15, 2023"
85148,2018,Injury,"May 31, 2023"
45660,2018,Injury,unknown
395519,2018,Injury,Unknown
442891,2018,Injury,"Sep 30, 2023"
241889,2018,Returned,-
39152,2018,Injury,unknown
364133,2018,Returned,-
126673,2018,Injury,"Feb 1, 2024"
503740,2018,Returned,-
240692,2018,Injury,"Sep 15, 2023"
290256,2018,Injury,Unknown
352392,2018,Returned,-
68864,2018,Joining,"Jul 1, 2023"
344596,2018,Injury,Unknown
629567,2018,Injury,Unknown
344610,2018,Injury,Unknown
264140,2018,Injury,"Oct 1, 2023"
357992,2018,Returned,-
453824,2018,Returned,-
346291,2018,Returned,-
288248,2018,Red card suspension,-
463613,2018,Returned,-
495666,2018,Injury,Unknown
508941,2018,transfer,-
98349,2018,Injury,Unknown
418658,2018,Returned,-
191987,2018,Injury,Unknown
463608,2018,Injury,Unknown
629585,2018,Returned,-
277118,2018,Injury,"Jul 31, 2023"
290872,2018,Injury,"Oct 1, 2023"
333175,2018,Returned,-
341396,2018,Injury,unknown
626913,2018,Injury,"Jun 7, 2023"
425400,2018,Returned,-
358505,2018,Injury,Unknown
318528,2018,Injury,unknown
410059,2018,Injury,unknown
539232,2018,Joining,"Jul 1, 2023"
191407,2018,Injury,unknown
172153,2018,Red card suspension,"Jun 4, 2023"
207302,2019,Returned,-
282041,2019,Injury,"Jun 15, 2023"
100986,2019,Injury,Unknown
68290,2019,Injury,"Jun 30, 2023"
74230,2019,Returned,-
45660,2019,Injury,unknown
585959,2019,Returned,-
345084,2019,Injury,unknown
463620,2019,Returned,-
364133,2019,Returned,-
126673,2019,Injury,"Feb 1, 2024"
68864,2019,Joining,"Jul 1, 2023"
37647,2019,Suspension through sports court ,-
344596,2019,Injury,Unknown
135208,2019,Injury,unknown
273438,2019,Injury,Unknown
182889,2019,Injury,Unknown
371142,2019,Injury,unknown
693312,2019,Internal transfer,-
463613,2019,Returned,-
395519,2019,Returned,-
460654,2019,Returned,-
268176,2019,Returned,-
98349,2019,Injury,Unknown
358515,2019,Returned,-
333175,2019,Returned,-
593482,2019,Injury,"Jun 15, 2023"
427161,2019,Returned,-
18934,2019,Red card suspension,"May 28, 2023"
460660,2019,Internal transfer,-
294895,2019,Joining,"Jul 1, 2023"
237669,2019,Returned,-
243606,2019,Injury,"Jun 30, 2023"
315283,2019,Returned,-
522788,2019,Returned,-
629585,2019,Returned,-
624690,2019,Injury,unknown
463617,2019,Injury,unknown
410059,2019,Injury,unknown
230166,2019,Injury,"Jul 1, 2023"
74297,2019,transfer,-
649020,2019,Joining,"Jul 1, 2023"
729814,2019,Returned,-
568695,2019,Returned,-
205657,2019,Yellow card suspension,"May 31, 2023"
172153,2019,Red card suspension,"Jun 4, 2023"
234802,2019,Injury,"Jul 1, 2023"
207302,2020,Returned,-
282041,2020,Injury,"Jun 15, 2023"
126710,2020,Injury,unknown
130365,2020,Injury,Unknown
538998,2020,Returned,-
718232,2020,Injury,Unknown
129473,2020,Returned,-
68290,2020,Injury,"Jun 30, 2023"
585959,2020,Returned,-
274484,2020,Injury,Unknown
88682,2020,Injury,"Oct 15, 2023"
620322,2020,On loan,-
463603,2020,Injury,Unknown
569383,2020,Returned,-
536507,2020,Injury,"Aug 7, 2023"
463620,2020,Returned,-
364133,2020,Returned,-
126673,2020,Injury,"Feb 1, 2024"
312862,2020,Injury,"Jun 22, 2023"
546880,2020,Injury,"Jul 10, 2023"
711976,2020,Joining,"Jul 1, 2023"
442891,2020,Injury,"Sep 30, 2023"
352392,2020,Returned,-
485963,2020,Red card suspension,"May 28, 2023"
344600,2020,Injury,unknown
458715,2020,Returned,-
891998,2020,Internal transfer,-
273438,2020,Injury,Unknown
482769,2020,Returned,-
371142,2020,Injury,unknown
586599,2020,Returned,-
365108,2020,Returned,-
836132,2020,Injury,"Sep 9, 2023"
855615,2020,Returned,-
418658,2020,Returned,-
98349,2020,Injury,Unknown
569388,2020,Returned,-
342877,2020,Injury,"Jul 23, 2023"
425400,2020,Returned,-
290593,2020,Returned,-
126552,2020,Returned,-
333175,2020,Returned,-
838947,2020,Returned,-
354352,2020,transfer,-
178313,2020,transfer,-
283994,2020,Yellow card suspension,"May 28, 2023"
427161,2020,Returned,-
647787,2020,Internal transfer,-
453824,2020,Returned,-
649016,2020,Injury,Unknown
522788,2020,Returned,-
770895,2020,Returned,-
812902,2020,Returned,-
800272,2020,Returned,-
649020,2020,Joining,"Jul 1, 2023"
178314,2020,Injury,"May 29, 2023"
481116,2020,Returned,-
93678,2020,Injury,unknown
242273,2020,Injury,unknown
799936,2020,Injury,unknown
579930,2020,Injury,unknown
259025,2020,Returned,-
203504,2020,Returned,-
205657,2020,Yellow card suspension,"May 31, 2023"
187847,2020,Returned,-
263183,2020,Returned,-
232895,2020,Injury,Unknown
862880,2020,Injury,Unknown
282041,2021,Injury,"Jun 15, 2023"
787912,2021,Internal transfer,-
618405,2021,Returned,-
99343,2021,Returned,-
618415,2021,Injury,Unknown
85148,2021,Injury,"May 31, 2023"
618465,2021,Internal transfer,-
620322,2021,On loan,-
574671,2021,Returned,-
745181,2021,Internal transfer,-
364133,2021,Returned,-
503740,2021,Returned,-
240692,2021,Injury,"Sep 15, 2023"
973085,2021,Internal transfer,-
435485,2021,Indirect card suspension,"May 29, 2023"
919515,2021,Internal transfer,-
711976,2021,Joining,"Jul 1, 2023"
442891,2021,Injury,"Sep 30, 2023"
485963,2021,Red card suspension,"May 28, 2023"
37647,2021,Suspension through sports court ,-
245078,2021,Joining,"Jul 1, 2023"
465955,2021,transfer,-
458715,2021,Returned,-
891998,2021,Internal transfer,-
482769,2021,Returned,-
371142,2021,Injury,unknown
365108,2021,Returned,-
122797,2021,Joining,"Jul 1, 2023"
276895,2021,Returned,-
770895,2021,Returned,-
905408,2021,Returned,-
239743,2021,Yellow card suspension,"May 28, 2023"
344869,2021,Returned,-
570817,2021,transfer,-
243606,2021,Injury,"Jun 30, 2023"
315283,2021,Returned,-
842338,2021,Internal transfer,-
876034,2021,Returned,-
352392,2021,transfer,-
354352,2021,transfer,-
178313,2021,transfer,-
876631,2021,Internal transfer,-
427161,2021,Returned,-
357992,2021,Returned,-
740674,2021,Injury,unknown
460654,2021,Returned,-
453824,2021,Returned,-
575610,2021,Injury,Unknown
830265,2021,Internal transfer,-
836132,2021,Injury,"Sep 9, 2023"
855615,2021,Returned,-
904662,2021,Internal transfer,-
98349,2021,Injury,Unknown
357047,2021,Returned,-
434358,2021,Returned,-
649020,2021,Joining,"Jul 1, 2023"
568701,2021,Returned,-
342877,2021,Injury,"Jul 23, 2023"
807687,2021,Internal transfer,-
593482,2021,Injury,"Jun 15, 2023"
18934,2021,Red card suspension,"May 28, 2023"
807688,2021,Internal transfer,-
460660,2021,Internal transfer,-
193130,2021,Returned,-
213052,2021,Returned,-
917120,2021,Internal transfer,-
991649,2021,Internal transfer,-
212804,2021,Injury,"Jun 15, 2023"
234802,2021,Injury,"Jul 1, 2023"
721746,2021,Returned,-
339943,2021,transfer,-
68718,2021,Injury,Unknown
730126,2021,Injury,"Jun 25, 2023"
460245,2021,Yellow card suspension,"May 28, 2023"
766412,2021,Internal transfer,-
538874,2021,Joining,"Jul 1, 2023"
590629,2021,Returned,-
969154,2021,Internal transfer,-
657635,2021,Returned,-
