nation,club_id,club_name,cup_name,win_year_from,win_year_to
England,281,Manchester City,English Champion,2022,2023
England,281,Manchester City,English Champion,2021,2022
England,281,Manchester City,English Champion,2020,2021
England,281,Manchester City,English Champion,2018,2019
England,281,Manchester City,English Champion,2017,2018
England,281,Manchester City,English Champion,2013,2014
England,281,Manchester City,English Champion,2011,2012
England,281,Manchester City,English Champion,1967,1968
England,281,Manchester City,English Champion,1936,1937
England,281,Manchester City,Cup Winners Cup Winner,1969,1970
England,281,Manchester City,FA Cup Winner,2018,2019
England,281,Manchester City,FA Cup Winner,2010,2011
England,281,Manchester City,FA Cup Winner,1968,1969
England,281,Manchester City,FA Cup Winner,1955,1956
England,281,Manchester City,FA Cup Winner,1933,1934
England,281,Manchester City,FA Cup Winner,1903,1904
England,281,Manchester City,English League Cup winner,2020,2021
England,281,Manchester City,English League Cup winner,2019,2020
England,281,Manchester City,English League Cup winner,2018,2019
England,281,Manchester City,English League Cup winner,2017,2018
England,281,Manchester City,English League Cup winner,2015,2016
England,281,Manchester City,English League Cup winner,2013,2014
England,281,Manchester City,English League Cup winner,1975,1976
England,281,Manchester City,English League Cup winner,1969,1970
England,281,Manchester City,English Supercup Winner,2019,2020
England,281,Manchester City,English Supercup Winner,2018,2019
England,281,Manchester City,English Supercup Winner,2012,2013
England,281,Manchester City,English Supercup Winner,1972,1973
England,281,Manchester City,English Supercup Winner,1968,1969
England,281,Manchester City,English Supercup Winner,1937,1938
England,281,Manchester City,English 2nd tier champion,2001,2002
England,281,Manchester City,English 2nd tier champion,1965,1966
England,281,Manchester City,English 2nd tier champion,1946,1947
England,281,Manchester City,English 2nd tier champion,1927,1928
England,281,Manchester City,English 2nd tier champion,1909,1910
England,281,Manchester City,English 2nd tier champion,1902,1903
England,281,Manchester City,English 2nd tier champion,1898,1899
England,631,Chelsea FC,Champions League Winner,2020,2021
England,631,Chelsea FC,Champions League Winner,2011,2012
England,631,Chelsea FC,FIFA Club World Cup winner,2021,2022
England,631,Chelsea FC,English Champion,2016,2017
England,631,Chelsea FC,English Champion,2014,2015
England,631,Chelsea FC,English Champion,2009,2010
England,631,Chelsea FC,English Champion,2005,2006
England,631,Chelsea FC,English Champion,2004,2005
England,631,Chelsea FC,English Champion,1954,1955
England,631,Chelsea FC,UEFA Supercup Winner,2021,2022
England,631,Chelsea FC,UEFA Supercup Winner,1998,1999
England,631,Chelsea FC,Europa League Winner,2018,2019
England,631,Chelsea FC,Europa League Winner,2012,2013
England,631,Chelsea FC,Cup Winners Cup Winner,1997,1998
England,631,Chelsea FC,Cup Winners Cup Winner,1970,1971
England,631,Chelsea FC,FA Cup Winner,2017,2018
England,631,Chelsea FC,FA Cup Winner,2011,2012
England,631,Chelsea FC,FA Cup Winner,2009,2010
England,631,Chelsea FC,FA Cup Winner,2008,2009
England,631,Chelsea FC,FA Cup Winner,2006,2007
England,631,Chelsea FC,FA Cup Winner,1999,2000
England,631,Chelsea FC,FA Cup Winner,1996,1997
England,631,Chelsea FC,FA Cup Winner,1969,1970
England,631,Chelsea FC,English League Cup winner,2014,2015
England,631,Chelsea FC,English League Cup winner,2006,2007
England,631,Chelsea FC,English League Cup winner,2004,2005
England,631,Chelsea FC,English League Cup winner,1997,1998
England,631,Chelsea FC,English League Cup winner,1964,1965
England,631,Chelsea FC,English Supercup Winner,2009,2010
England,631,Chelsea FC,English Supercup Winner,2005,2006
England,631,Chelsea FC,English Supercup Winner,2000,2001
England,631,Chelsea FC,English Supercup Winner,1955,1956
England,631,Chelsea FC,English 2nd tier champion,1988,1989
England,631,Chelsea FC,English 2nd tier champion,1983,1984
England,11,Arsenal FC,English Champion,2003,2004
England,11,Arsenal FC,English Champion,2001,2002
England,11,Arsenal FC,English Champion,1997,1998
England,11,Arsenal FC,English Champion,1990,1991
England,11,Arsenal FC,English Champion,1988,1989
England,11,Arsenal FC,English Champion,1970,1971
England,11,Arsenal FC,English Champion,1952,1953
England,11,Arsenal FC,English Champion,1947,1948
England,11,Arsenal FC,English Champion,1937,1938
England,11,Arsenal FC,English Champion,1934,1935
England,11,Arsenal FC,English Champion,1933,1934
England,11,Arsenal FC,English Champion,1932,1933
England,11,Arsenal FC,English Champion,1930,1931
England,11,Arsenal FC,Cup Winners Cup Winner,1993,1994
England,11,Arsenal FC,FA Cup Winner,2019,2020
England,11,Arsenal FC,FA Cup Winner,2016,2017
England,11,Arsenal FC,FA Cup Winner,2014,2015
England,11,Arsenal FC,FA Cup Winner,2013,2014
England,11,Arsenal FC,FA Cup Winner,2004,2005
England,11,Arsenal FC,FA Cup Winner,2002,2003
England,11,Arsenal FC,FA Cup Winner,2001,2002
England,11,Arsenal FC,FA Cup Winner,1997,1998
England,11,Arsenal FC,FA Cup Winner,1992,1993
England,11,Arsenal FC,FA Cup Winner,1978,1979
England,11,Arsenal FC,FA Cup Winner,1970,1971
England,11,Arsenal FC,FA Cup Winner,1949,1950
England,11,Arsenal FC,FA Cup Winner,1935,1936
England,11,Arsenal FC,FA Cup Winner,1929,1930
England,11,Arsenal FC,English League Cup winner,1992,1993
England,11,Arsenal FC,English League Cup winner,1986,1987
England,11,Arsenal FC,English Supercup Winner,2020,2021
England,11,Arsenal FC,English Supercup Winner,2017,2018
England,11,Arsenal FC,English Supercup Winner,2015,2016
England,11,Arsenal FC,English Supercup Winner,2014,2015
England,11,Arsenal FC,English Supercup Winner,2004,2005
England,11,Arsenal FC,English Supercup Winner,2002,2003
England,11,Arsenal FC,English Supercup Winner,1999,2000
England,11,Arsenal FC,English Supercup Winner,1998,1999
England,11,Arsenal FC,English Supercup Winner,1991,1992
England,11,Arsenal FC,English Supercup Winner,1953,1954
England,11,Arsenal FC,English Supercup Winner,1948,1949
England,11,Arsenal FC,English Supercup Winner,1938,1939
England,11,Arsenal FC,English Supercup Winner,1934,1935
England,11,Arsenal FC,English Supercup Winner,1933,1934
England,11,Arsenal FC,English Supercup Winner,1931,1932
England,11,Arsenal FC,English Supercup Winner,1930,1931
England,11,Arsenal FC,Inter-Cities Fairs Cup winner,1969,1970
England,31,Liverpool FC,Champions League Winner,2018,2019
England,31,Liverpool FC,Champions League Winner,2004,2005
England,31,Liverpool FC,European Champion Clubs' Cup winner,1983,1984
England,31,Liverpool FC,European Champion Clubs' Cup winner,1980,1981
England,31,Liverpool FC,European Champion Clubs' Cup winner,1977,1978
England,31,Liverpool FC,European Champion Clubs' Cup winner,1976,1977
England,31,Liverpool FC,FIFA Club World Cup winner,2019,2020
England,31,Liverpool FC,English Champion,2019,2020
England,31,Liverpool FC,English Champion,1989,1990
England,31,Liverpool FC,English Champion,1987,1988
England,31,Liverpool FC,English Champion,1985,1986
England,31,Liverpool FC,English Champion,1983,1984
England,31,Liverpool FC,English Champion,1982,1983
England,31,Liverpool FC,English Champion,1981,1982
England,31,Liverpool FC,English Champion,1979,1980
England,31,Liverpool FC,English Champion,1978,1979
England,31,Liverpool FC,English Champion,1976,1977
England,31,Liverpool FC,English Champion,1975,1976
England,31,Liverpool FC,English Champion,1972,1973
England,31,Liverpool FC,English Champion,1965,1966
England,31,Liverpool FC,English Champion,1963,1964
England,31,Liverpool FC,English Champion,1946,1947
England,31,Liverpool FC,English Champion,1922,1923
England,31,Liverpool FC,English Champion,1921,1922
England,31,Liverpool FC,English Champion,1905,1906
England,31,Liverpool FC,English Champion,1900,1901
England,31,Liverpool FC,UEFA Supercup Winner,2019,2020
England,31,Liverpool FC,UEFA Supercup Winner,2005,2006
England,31,Liverpool FC,UEFA Supercup Winner,2001,2002
England,31,Liverpool FC,UEFA Supercup Winner,1977,1978
England,31,Liverpool FC,UEFA Cup Winner,2000,2001
England,31,Liverpool FC,UEFA Cup Winner,1975,1976
England,31,Liverpool FC,UEFA Cup Winner,1972,1973
England,31,Liverpool FC,FA Cup Winner,2021,2022
England,31,Liverpool FC,FA Cup Winner,2005,2006
England,31,Liverpool FC,FA Cup Winner,2000,2001
England,31,Liverpool FC,FA Cup Winner,1991,1992
England,31,Liverpool FC,FA Cup Winner,1988,1989
England,31,Liverpool FC,FA Cup Winner,1985,1986
England,31,Liverpool FC,FA Cup Winner,1973,1974
England,31,Liverpool FC,FA Cup Winner,1964,1965
England,31,Liverpool FC,English League Cup winner,2021,2022
England,31,Liverpool FC,English League Cup winner,2011,2012
England,31,Liverpool FC,English League Cup winner,2002,2003
England,31,Liverpool FC,English League Cup winner,2000,2001
England,31,Liverpool FC,English League Cup winner,1994,1995
England,31,Liverpool FC,English League Cup winner,1983,1984
England,31,Liverpool FC,English League Cup winner,1982,1983
England,31,Liverpool FC,English League Cup winner,1981,1982
England,31,Liverpool FC,English League Cup winner,1980,1981
England,31,Liverpool FC,English Supercup Winner,2022,2023
England,31,Liverpool FC,English Supercup Winner,2006,2007
England,31,Liverpool FC,English Supercup Winner,2001,2002
England,31,Liverpool FC,English Supercup Winner,1990,1991
England,31,Liverpool FC,English Supercup Winner,1989,1990
England,31,Liverpool FC,English Supercup Winner,1988,1989
England,31,Liverpool FC,English Supercup Winner,1986,1987
England,31,Liverpool FC,English Supercup Winner,1982,1983
England,31,Liverpool FC,English Supercup Winner,1980,1981
England,31,Liverpool FC,English Supercup Winner,1979,1980
England,31,Liverpool FC,English Supercup Winner,1977,1978
England,31,Liverpool FC,English Supercup Winner,1976,1977
England,31,Liverpool FC,English Supercup Winner,1974,1975
England,31,Liverpool FC,English Supercup Winner,1966,1967
England,31,Liverpool FC,English Supercup Winner,1965,1966
England,31,Liverpool FC,English Supercup Winner,1964,1965
England,31,Liverpool FC,English 2nd tier champion,1961,1962
England,31,Liverpool FC,English 2nd tier champion,1904,1905
England,31,Liverpool FC,English 2nd tier champion,1895,1896
England,31,Liverpool FC,English 2nd tier champion,1893,1894
England,985,Manchester United,Champions League Winner,2007,2008
England,985,Manchester United,Champions League Winner,1998,1999
England,985,Manchester United,European Champion Clubs' Cup winner,1967,1968
England,985,Manchester United,FIFA Club World Cup winner,2008,2009
England,985,Manchester United,English Champion,2012,2013
England,985,Manchester United,English Champion,2010,2011
England,985,Manchester United,English Champion,2008,2009
England,985,Manchester United,English Champion,2007,2008
England,985,Manchester United,English Champion,2006,2007
England,985,Manchester United,English Champion,2002,2003
England,985,Manchester United,English Champion,2000,2001
England,985,Manchester United,English Champion,1999,2000
England,985,Manchester United,English Champion,1998,1999
England,985,Manchester United,English Champion,1996,1997
England,985,Manchester United,English Champion,1995,1996
England,985,Manchester United,English Champion,1993,1994
England,985,Manchester United,English Champion,1992,1993
England,985,Manchester United,English Champion,1966,1967
England,985,Manchester United,English Champion,1964,1965
England,985,Manchester United,English Champion,1956,1957
England,985,Manchester United,English Champion,1955,1956
England,985,Manchester United,English Champion,1951,1952
England,985,Manchester United,English Champion,1910,1911
England,985,Manchester United,English Champion,1907,1908
England,985,Manchester United,UEFA Supercup Winner,1991,1992
England,985,Manchester United,Europa League Winner,2016,2017
England,985,Manchester United,Cup Winners Cup Winner,1990,1991
England,985,Manchester United,FA Cup Winner,2015,2016
England,985,Manchester United,FA Cup Winner,2003,2004
England,985,Manchester United,FA Cup Winner,1998,1999
England,985,Manchester United,FA Cup Winner,1995,1996
England,985,Manchester United,FA Cup Winner,1993,1994
England,985,Manchester United,FA Cup Winner,1989,1990
England,985,Manchester United,FA Cup Winner,1984,1985
England,985,Manchester United,FA Cup Winner,1982,1983
England,985,Manchester United,FA Cup Winner,1976,1977
England,985,Manchester United,FA Cup Winner,1962,1963
England,985,Manchester United,FA Cup Winner,1947,1948
England,985,Manchester United,FA Cup Winner,1908,1909
England,985,Manchester United,English League Cup winner,2022,2023
England,985,Manchester United,English League Cup winner,2016,2017
England,985,Manchester United,English League Cup winner,2009,2010
England,985,Manchester United,English League Cup winner,2008,2009
England,985,Manchester United,English League Cup winner,2005,2006
England,985,Manchester United,English League Cup winner,1991,1992
England,985,Manchester United,English Supercup Winner,2016,2017
England,985,Manchester United,English Supercup Winner,2013,2014
England,985,Manchester United,English Supercup Winner,2011,2012
England,985,Manchester United,English Supercup Winner,2010,2011
England,985,Manchester United,English Supercup Winner,2008,2009
England,985,Manchester United,English Supercup Winner,2007,2008
England,985,Manchester United,English Supercup Winner,2003,2004
England,985,Manchester United,English Supercup Winner,1997,1998
England,985,Manchester United,English Supercup Winner,1996,1997
England,985,Manchester United,English Supercup Winner,1994,1995
England,985,Manchester United,English Supercup Winner,1993,1994
England,985,Manchester United,English Supercup Winner,1990,1991
England,985,Manchester United,English Supercup Winner,1983,1984
England,985,Manchester United,English Supercup Winner,1977,1978
England,985,Manchester United,English Supercup Winner,1967,1968
England,985,Manchester United,English Supercup Winner,1965,1966
England,985,Manchester United,English Supercup Winner,1957,1958
England,985,Manchester United,English Supercup Winner,1956,1957
England,985,Manchester United,English Supercup Winner,1952,1953
England,985,Manchester United,English Supercup Winner,1911,1912
England,985,Manchester United,English Supercup Winner,1908,1909
England,985,Manchester United,Intercontinental Cup Winner,1999,2000
England,985,Manchester United,English 2nd tier champion,1974,1975
England,985,Manchester United,English 2nd tier champion,1935,1936
England,148,Tottenham Hotspur,English Champion,1960,1961
England,148,Tottenham Hotspur,English Champion,1950,1951
England,148,Tottenham Hotspur,UEFA Cup Winner,1983,1984
England,148,Tottenham Hotspur,UEFA Cup Winner,1971,1972
England,148,Tottenham Hotspur,Cup Winners Cup Winner,1962,1963
England,148,Tottenham Hotspur,FA Cup Winner,1990,1991
England,148,Tottenham Hotspur,FA Cup Winner,1981,1982
England,148,Tottenham Hotspur,FA Cup Winner,1980,1981
England,148,Tottenham Hotspur,FA Cup Winner,1966,1967
England,148,Tottenham Hotspur,FA Cup Winner,1961,1962
England,148,Tottenham Hotspur,FA Cup Winner,1960,1961
England,148,Tottenham Hotspur,FA Cup Winner,1920,1921
England,148,Tottenham Hotspur,FA Cup Winner,1900,1901
England,148,Tottenham Hotspur,English League Cup winner,2007,2008
England,148,Tottenham Hotspur,English League Cup winner,1998,1999
England,148,Tottenham Hotspur,English League Cup winner,1972,1973
England,148,Tottenham Hotspur,English League Cup winner,1970,1971
England,148,Tottenham Hotspur,English Supercup Winner,1991,1992
England,148,Tottenham Hotspur,English Supercup Winner,1981,1982
England,148,Tottenham Hotspur,English Supercup Winner,1967,1968
England,148,Tottenham Hotspur,English Supercup Winner,1962,1963
England,148,Tottenham Hotspur,English Supercup Winner,1961,1962
England,148,Tottenham Hotspur,English Supercup Winner,1951,1952
England,148,Tottenham Hotspur,English Supercup Winner,1921,1922
England,148,Tottenham Hotspur,English 2nd tier champion,1949,1950
England,148,Tottenham Hotspur,English 2nd tier champion,1919,1920
England,762,Newcastle United,English Champion,1926,1927
England,762,Newcastle United,English Champion,1908,1909
England,762,Newcastle United,English Champion,1906,1907
England,762,Newcastle United,English Champion,1904,1905
England,762,Newcastle United,FA Cup Winner,1954,1955
England,762,Newcastle United,FA Cup Winner,1951,1952
England,762,Newcastle United,FA Cup Winner,1950,1951
England,762,Newcastle United,FA Cup Winner,1931,1932
England,762,Newcastle United,FA Cup Winner,1923,1924
England,762,Newcastle United,FA Cup Winner,1909,1910
England,762,Newcastle United,English Supercup Winner,1909,1910
England,762,Newcastle United,Inter-Cities Fairs Cup winner,1968,1969
England,762,Newcastle United,English 2nd tier champion,2016,2017
England,762,Newcastle United,English 2nd tier champion,2009,2010
England,762,Newcastle United,English 2nd tier champion,1992,1993
England,762,Newcastle United,English 2nd tier champion,1964,1965
England,379,West Ham United,Cup Winners Cup Winner,1964,1965
England,379,West Ham United,FA Cup Winner,1979,1980
England,379,West Ham United,FA Cup Winner,1974,1975
England,379,West Ham United,FA Cup Winner,1963,1964
England,379,West Ham United,English Supercup Winner,1964,1965
England,379,West Ham United,English 2nd tier champion,1980,1981
England,379,West Ham United,English 2nd tier champion,1957,1958
England,1003,Leicester City,English Champion,2015,2016
England,1003,Leicester City,FA Cup Winner,2020,2021
England,1003,Leicester City,English League Cup winner,1999,2000
England,1003,Leicester City,English League Cup winner,1996,1997
England,1003,Leicester City,English League Cup winner,1963,1964
England,1003,Leicester City,English Supercup Winner,2021,2022
England,1003,Leicester City,English Supercup Winner,1971,1972
England,1003,Leicester City,English 2nd tier champion,2013,2014
England,1003,Leicester City,English 2nd tier champion,1979,1980
England,1003,Leicester City,English 2nd tier champion,1970,1971
England,1003,Leicester City,English 2nd tier champion,1956,1957
England,1003,Leicester City,English 2nd tier champion,1953,1954
England,1003,Leicester City,English 2nd tier champion,1936,1937
England,1003,Leicester City,English 2nd tier champion,1924,1925
England,1003,Leicester City,English 3rd tier champion,2008,2009
England,405,Aston Villa,European Champion Clubs' Cup winner,1981,1982
England,405,Aston Villa,English Champion,1980,1981
England,405,Aston Villa,English Champion,1909,1910
England,405,Aston Villa,English Champion,1899,1900
England,405,Aston Villa,English Champion,1898,1899
England,405,Aston Villa,English Champion,1896,1897
England,405,Aston Villa,English Champion,1895,1896
England,405,Aston Villa,English Champion,1893,1894
England,405,Aston Villa,UEFA Supercup Winner,1982,1983
England,405,Aston Villa,FA Cup Winner,1956,1957
England,405,Aston Villa,FA Cup Winner,1919,1920
England,405,Aston Villa,FA Cup Winner,1912,1913
England,405,Aston Villa,FA Cup Winner,1904,1905
England,405,Aston Villa,FA Cup Winner,1896,1897
England,405,Aston Villa,FA Cup Winner,1894,1895
England,405,Aston Villa,FA Cup Winner,1886,1887
England,405,Aston Villa,English League Cup winner,1995,1996
England,405,Aston Villa,English League Cup winner,1993,1994
England,405,Aston Villa,English League Cup winner,1976,1977
England,405,Aston Villa,English League Cup winner,1974,1975
England,405,Aston Villa,English League Cup winner,1960,1961
England,405,Aston Villa,English Supercup Winner,1981,1982
England,405,Aston Villa,English 2nd tier champion,1959,1960
England,405,Aston Villa,English 2nd tier champion,1937,1938
England,543,Wolverhampton Wanderers,English Champion,1958,1959
England,543,Wolverhampton Wanderers,English Champion,1957,1958
England,543,Wolverhampton Wanderers,English Champion,1953,1954
England,543,Wolverhampton Wanderers,FA Cup Winner,1959,1960
England,543,Wolverhampton Wanderers,FA Cup Winner,1948,1949
England,543,Wolverhampton Wanderers,FA Cup Winner,1907,1908
England,543,Wolverhampton Wanderers,FA Cup Winner,1892,1893
England,543,Wolverhampton Wanderers,English League Cup winner,1979,1980
England,543,Wolverhampton Wanderers,English League Cup winner,1973,1974
England,543,Wolverhampton Wanderers,English Supercup Winner,1960,1961
England,543,Wolverhampton Wanderers,English Supercup Winner,1959,1960
England,543,Wolverhampton Wanderers,English Supercup Winner,1954,1955
England,543,Wolverhampton Wanderers,English Supercup Winner,1949,1950
England,543,Wolverhampton Wanderers,English 2nd tier champion,2017,2018
England,543,Wolverhampton Wanderers,English 2nd tier champion,2008,2009
England,543,Wolverhampton Wanderers,English 2nd tier champion,1976,1977
England,543,Wolverhampton Wanderers,English 2nd tier champion,1931,1932
England,543,Wolverhampton Wanderers,English 3rd tier champion,2013,2014
England,543,Wolverhampton Wanderers,English 3rd tier champion,1988,1989
England,543,Wolverhampton Wanderers,English 4th tier champion,1987,1988
England,180,Southampton FC,FA Cup Winner,1975,1976
England,180,Southampton FC,Football League Trophy Winner,2009,2010
England,180,Southampton FC,English 3rd tier champion,1959,1960
England,1237,Brighton & Hove Albion,English Supercup Winner,1910,1911
England,1237,Brighton & Hove Albion,English 3rd tier champion,2010,2011
England,1237,Brighton & Hove Albion,English 3rd tier champion,2001,2002
England,1237,Brighton & Hove Albion,English 4th tier champion,2000,2001
England,1237,Brighton & Hove Albion,English 4th tier champion,1964,1965
England,29,Everton FC,English Champion,1986,1987
England,29,Everton FC,English Champion,1984,1985
England,29,Everton FC,English Champion,1969,1970
England,29,Everton FC,English Champion,1962,1963
England,29,Everton FC,English Champion,1938,1939
England,29,Everton FC,English Champion,1931,1932
England,29,Everton FC,English Champion,1927,1928
England,29,Everton FC,English Champion,1914,1915
England,29,Everton FC,English Champion,1890,1891
England,29,Everton FC,Cup Winners Cup Winner,1984,1985
England,29,Everton FC,FA Cup Winner,1994,1995
England,29,Everton FC,FA Cup Winner,1983,1984
England,29,Everton FC,FA Cup Winner,1965,1966
England,29,Everton FC,FA Cup Winner,1932,1933
England,29,Everton FC,FA Cup Winner,1905,1906
England,29,Everton FC,English Supercup Winner,1995,1996
England,29,Everton FC,English Supercup Winner,1987,1988
England,29,Everton FC,English Supercup Winner,1986,1987
England,29,Everton FC,English Supercup Winner,1985,1986
England,29,Everton FC,English Supercup Winner,1984,1985
England,29,Everton FC,English Supercup Winner,1970,1971
England,29,Everton FC,English Supercup Winner,1963,1964
England,29,Everton FC,English Supercup Winner,1932,1933
England,29,Everton FC,English Supercup Winner,1928,1929
England,29,Everton FC,English 2nd tier champion,1930,1931
England,703,Nottingham Forest,European Champion Clubs' Cup winner,1979,1980
England,703,Nottingham Forest,European Champion Clubs' Cup winner,1978,1979
England,703,Nottingham Forest,English Champion,1977,1978
England,703,Nottingham Forest,UEFA Supercup Winner,1979,1980
England,703,Nottingham Forest,FA Cup Winner,1958,1959
England,703,Nottingham Forest,FA Cup Winner,1897,1898
England,703,Nottingham Forest,English League Cup winner,1989,1990
England,703,Nottingham Forest,English League Cup winner,1988,1989
England,703,Nottingham Forest,English League Cup winner,1978,1979
England,703,Nottingham Forest,English League Cup winner,1977,1978
England,703,Nottingham Forest,English Supercup Winner,1978,1979
England,703,Nottingham Forest,English 2nd tier champion,1997,1998
England,703,Nottingham Forest,English 2nd tier champion,1921,1922
England,703,Nottingham Forest,English 2nd tier champion,1906,1907
England,703,Nottingham Forest,English 3rd tier champion,1950,1951
England,1148,Brentford FC,English 2nd tier champion,1934,1935
England,1148,Brentford FC,English 3rd tier champion,1991,1992
England,1148,Brentford FC,English 4th tier champion,2008,2009
England,1148,Brentford FC,English 4th tier champion,1998,1999
England,1148,Brentford FC,English 4th tier champion,1962,1963
England,399,Leeds United,English Champion,1991,1992
England,399,Leeds United,English Champion,1973,1974
England,399,Leeds United,English Champion,1968,1969
England,399,Leeds United,FA Cup Winner,1971,1972
England,399,Leeds United,English League Cup winner,1967,1968
England,399,Leeds United,English Supercup Winner,1992,1993
England,399,Leeds United,English Supercup Winner,1969,1970
England,399,Leeds United,Inter-Cities Fairs Cup winner,1970,1971
England,399,Leeds United,Inter-Cities Fairs Cup winner,1967,1968
England,399,Leeds United,English 2nd tier champion,2019,2020
England,399,Leeds United,English 2nd tier champion,1989,1990
England,399,Leeds United,English 2nd tier champion,1963,1964
England,399,Leeds United,English 2nd tier champion,1923,1924
England,873,Crystal Palace,English 2nd tier champion,1993,1994
England,873,Crystal Palace,English 2nd tier champion,1978,1979
England,873,Crystal Palace,English 3rd tier champion,1920,1921
England,931,Fulham FC,English 2nd tier champion,2021,2022
England,931,Fulham FC,English 2nd tier champion,2000,2001
England,931,Fulham FC,English 2nd tier champion,1948,1949
England,931,Fulham FC,English 3rd tier champion,1998,1999
England,931,Fulham FC,English 3rd tier champion,1931,1932
England,989,AFC Bournemouth,English 2nd tier champion,2014,2015
England,989,AFC Bournemouth,English 3rd tier champion,1986,1987
Germany,27,Bayern Munich,Champions League Winner,2019,2020
Germany,27,Bayern Munich,Champions League Winner,2012,2013
Germany,27,Bayern Munich,Champions League Winner,2000,2001
Germany,27,Bayern Munich,European Champion Clubs' Cup winner,1975,1976
Germany,27,Bayern Munich,European Champion Clubs' Cup winner,1974,1975
Germany,27,Bayern Munich,European Champion Clubs' Cup winner,1973,1974
Germany,27,Bayern Munich,FIFA Club World Cup winner,2020,2021
Germany,27,Bayern Munich,FIFA Club World Cup winner,2013,2014
Germany,27,Bayern Munich,German Champion,2021,2022
Germany,27,Bayern Munich,German Champion,2020,2021
Germany,27,Bayern Munich,German Champion,2019,2020
Germany,27,Bayern Munich,German Champion,2018,2019
Germany,27,Bayern Munich,German Champion,2017,2018
Germany,27,Bayern Munich,German Champion,2016,2017
Germany,27,Bayern Munich,German Champion,2015,2016
Germany,27,Bayern Munich,German Champion,2014,2015
Germany,27,Bayern Munich,German Champion,2013,2014
Germany,27,Bayern Munich,German Champion,2012,2013
Germany,27,Bayern Munich,German Champion,2009,2010
Germany,27,Bayern Munich,German Champion,2007,2008
Germany,27,Bayern Munich,German Champion,2005,2006
Germany,27,Bayern Munich,German Champion,2004,2005
Germany,27,Bayern Munich,German Champion,2002,2003
Germany,27,Bayern Munich,German Champion,2000,2001
Germany,27,Bayern Munich,German Champion,1999,2000
Germany,27,Bayern Munich,German Champion,1998,1999
Germany,27,Bayern Munich,German Champion,1996,1997
Germany,27,Bayern Munich,German Champion,1993,1994
Germany,27,Bayern Munich,German Champion,1989,1990
Germany,27,Bayern Munich,German Champion,1988,1989
Germany,27,Bayern Munich,German Champion,1986,1987
Germany,27,Bayern Munich,German Champion,1985,1986
Germany,27,Bayern Munich,German Champion,1984,1985
Germany,27,Bayern Munich,German Champion,1980,1981
Germany,27,Bayern Munich,German Champion,1979,1980
Germany,27,Bayern Munich,German Champion,1973,1974
Germany,27,Bayern Munich,German Champion,1972,1973
Germany,27,Bayern Munich,German Champion,1971,1972
Germany,27,Bayern Munich,German Champion,1968,1969
Germany,27,Bayern Munich,German Champion,1931,1932
Germany,27,Bayern Munich,UEFA Supercup Winner,2020,2021
Germany,27,Bayern Munich,UEFA Supercup Winner,2013,2014
Germany,27,Bayern Munich,UEFA Cup Winner,1995,1996
Germany,27,Bayern Munich,Cup Winners Cup Winner,1966,1967
Germany,27,Bayern Munich,German Cup winner ,2019,2020
Germany,27,Bayern Munich,German Cup winner ,2018,2019
Germany,27,Bayern Munich,German Cup winner ,2015,2016
Germany,27,Bayern Munich,German Cup winner ,2013,2014
Germany,27,Bayern Munich,German Cup winner ,2012,2013
Germany,27,Bayern Munich,German Cup winner ,2009,2010
Germany,27,Bayern Munich,German Cup winner ,2007,2008
Germany,27,Bayern Munich,German Cup winner ,2005,2006
Germany,27,Bayern Munich,German Cup winner ,2004,2005
Germany,27,Bayern Munich,German Cup winner ,2002,2003
Germany,27,Bayern Munich,German Cup winner ,1999,2000
Germany,27,Bayern Munich,German Cup winner ,1997,1998
Germany,27,Bayern Munich,German Cup winner ,1985,1986
Germany,27,Bayern Munich,German Cup winner ,1983,1984
Germany,27,Bayern Munich,German Cup winner ,1981,1982
Germany,27,Bayern Munich,German Cup winner ,1970,1971
Germany,27,Bayern Munich,German Cup winner ,1968,1969
Germany,27,Bayern Munich,German Cup winner ,1966,1967
Germany,27,Bayern Munich,German Cup winner ,1965,1966
Germany,27,Bayern Munich,German Cup winner ,1956,1957
Germany,27,Bayern Munich,German Super Cup Winner,2022,2023
Germany,27,Bayern Munich,German Super Cup Winner,2021,2022
Germany,27,Bayern Munich,German Super Cup Winner,2020,2021
Germany,27,Bayern Munich,German Super Cup Winner,2018,2019
Germany,27,Bayern Munich,German Super Cup Winner,2017,2018
Germany,27,Bayern Munich,German Super Cup Winner,2016,2017
Germany,27,Bayern Munich,German Super Cup Winner,2012,2013
Germany,27,Bayern Munich,German Super Cup Winner,2010,2011
Germany,27,Bayern Munich,German Super Cup Winner,1990,1991
Germany,27,Bayern Munich,German Super Cup Winner,1987,1988
Germany,27,Bayern Munich,Intercontinental Cup Winner,2001,2002
Germany,27,Bayern Munich,Intercontinental Cup Winner,1976,1977
Germany,27,Bayern Munich,League Cup Winner,2007,2008
Germany,27,Bayern Munich,League Cup Winner,2004,2005
Germany,27,Bayern Munich,League Cup Winner,2000,2001
Germany,27,Bayern Munich,League Cup Winner,1999,2000
Germany,27,Bayern Munich,League Cup Winner,1998,1999
Germany,27,Bayern Munich,League Cup Winner,1997,1998
Germany,16,Borussia Dortmund,Champions League Winner,1996,1997
Germany,16,Borussia Dortmund,German Champion,2011,2012
Germany,16,Borussia Dortmund,German Champion,2010,2011
Germany,16,Borussia Dortmund,German Champion,2001,2002
Germany,16,Borussia Dortmund,German Champion,1995,1996
Germany,16,Borussia Dortmund,German Champion,1994,1995
Germany,16,Borussia Dortmund,German Champion,1962,1963
Germany,16,Borussia Dortmund,German Champion,1956,1957
Germany,16,Borussia Dortmund,German Champion,1955,1956
Germany,16,Borussia Dortmund,Cup Winners Cup Winner,1965,1966
Germany,16,Borussia Dortmund,German Cup winner ,2020,2021
Germany,16,Borussia Dortmund,German Cup winner ,2016,2017
Germany,16,Borussia Dortmund,German Cup winner ,2011,2012
Germany,16,Borussia Dortmund,German Cup winner ,1988,1989
Germany,16,Borussia Dortmund,German Cup winner ,1964,1965
Germany,16,Borussia Dortmund,German Super Cup Winner,2019,2020
Germany,16,Borussia Dortmund,German Super Cup Winner,2014,2015
Germany,16,Borussia Dortmund,German Super Cup Winner,2013,2014
Germany,16,Borussia Dortmund,German Super Cup Winner,1996,1997
Germany,16,Borussia Dortmund,German Super Cup Winner,1995,1996
Germany,16,Borussia Dortmund,German Super Cup Winner,1989,1990
Germany,16,Borussia Dortmund,Intercontinental Cup Winner,1997,1998
Germany,16,Borussia Dortmund,Western German Cup Winner,1964,1965
Germany,16,Borussia Dortmund,Western German Cup Winner,1962,1963
Germany,23826,RB Leipzig,German Cup winner ,2021,2022
Germany,23826,RB Leipzig,German Regionalliga Northeast Champion,2012,2013
Germany,23826,RB Leipzig,Landespokal Sachsen Winner,2012,2013
Germany,23826,RB Leipzig,Landespokal Sachsen Winner,2010,2011
Germany,15,Bayer 04 Leverkusen,UEFA Cup Winner,1987,1988
Germany,15,Bayer 04 Leverkusen,German Cup winner ,1992,1993
Germany,15,Bayer 04 Leverkusen,German 2. Bundesliga Champion,1978,1979
Germany,24,Eintracht Frankfurt,German Champion,1958,1959
Germany,24,Eintracht Frankfurt,UEFA Cup Winner,1979,1980
Germany,24,Eintracht Frankfurt,Europa League Winner,2021,2022
Germany,24,Eintracht Frankfurt,German Cup winner ,2017,2018
Germany,24,Eintracht Frankfurt,German Cup winner ,1987,1988
Germany,24,Eintracht Frankfurt,German Cup winner ,1980,1981
Germany,24,Eintracht Frankfurt,German Cup winner ,1974,1975
Germany,24,Eintracht Frankfurt,German Cup winner ,1973,1974
Germany,24,Eintracht Frankfurt,German 2. Bundesliga Champion,1997,1998
Germany,24,Eintracht Frankfurt,Landespokal Hessen Winner,1945,1946
Germany,18,Borussia Mönchengladbach,German Champion,1976,1977
Germany,18,Borussia Mönchengladbach,German Champion,1975,1976
Germany,18,Borussia Mönchengladbach,German Champion,1974,1975
Germany,18,Borussia Mönchengladbach,German Champion,1970,1971
Germany,18,Borussia Mönchengladbach,German Champion,1969,1970
Germany,18,Borussia Mönchengladbach,UEFA Cup Winner,1978,1979
Germany,18,Borussia Mönchengladbach,UEFA Cup Winner,1974,1975
Germany,18,Borussia Mönchengladbach,German Cup winner ,1994,1995
Germany,18,Borussia Mönchengladbach,German Cup winner ,1972,1973
Germany,18,Borussia Mönchengladbach,German Cup winner ,1959,1960
Germany,18,Borussia Mönchengladbach,German 2. Bundesliga Champion,2007,2008
Germany,18,Borussia Mönchengladbach,Western German Cup Winner,1959,1960
Germany,82,VfL Wolfsburg,German Champion,2008,2009
Germany,82,VfL Wolfsburg,German Cup winner ,2014,2015
Germany,82,VfL Wolfsburg,German Super Cup Winner,2015,2016
Germany,82,VfL Wolfsburg,Landespokal Niedersachsen Winner,1961,1962
Germany,60,SC Freiburg,German 2. Bundesliga Champion,2015,2016
Germany,60,SC Freiburg,German 2. Bundesliga Champion,2008,2009
Germany,60,SC Freiburg,German 2. Bundesliga Champion,2002,2003
Germany,60,SC Freiburg,German 2. Bundesliga Champion,1992,1993
Germany,60,SC Freiburg,Landespokal Südbaden Winner,1977,1978
Germany,60,SC Freiburg,Landespokal Südbaden Winner,1974,1975
Germany,533,TSG 1899 Hoffenheim,Landespokal Baden Winner,2004,2005
Germany,533,TSG 1899 Hoffenheim,Landespokal Baden Winner,2003,2004
Germany,533,TSG 1899 Hoffenheim,Landespokal Baden Winner,2002,2003
Germany,533,TSG 1899 Hoffenheim,Landespokal Baden Winner,2001,2002
Germany,89,1.FC Union Berlin,German 3. Liga Champion,2008,2009
Germany,89,1.FC Union Berlin,GDR Cup Winner,1967,1968
Germany,89,1.FC Union Berlin,Landespokal Berlin Winner,2008,2009
Germany,89,1.FC Union Berlin,Landespokal Berlin Winner,2006,2007
Germany,89,1.FC Union Berlin,Landespokal Berlin Winner,1993,1994
Germany,89,1.FC Union Berlin,Landespokal Berlin Winner,1947,1948
Germany,89,1.FC Union Berlin,Landespokal Berlin Winner,1946,1947
Germany,79,VfB Stuttgart,German Champion,2006,2007
Germany,79,VfB Stuttgart,German Champion,1991,1992
Germany,79,VfB Stuttgart,German Champion,1983,1984
Germany,79,VfB Stuttgart,German Champion,1951,1952
Germany,79,VfB Stuttgart,German Champion,1949,1950
Germany,79,VfB Stuttgart,German Cup winner ,1996,1997
Germany,79,VfB Stuttgart,German Cup winner ,1957,1958
Germany,79,VfB Stuttgart,German Cup winner ,1953,1954
Germany,79,VfB Stuttgart,German Super Cup Winner,1992,1993
Germany,79,VfB Stuttgart,German 2. Bundesliga Champion,2016,2017
Germany,79,VfB Stuttgart,German 2. Bundesliga Champion,1976,1977
Germany,39,1.FSV Mainz 05,Winner of the German Amateur championship,1981,1982
Germany,39,1.FSV Mainz 05,German Regionalliga Southwest Champion,1972,1973
Germany,39,1.FSV Mainz 05,Landespokal Südwest Winner,1985,1986
Germany,39,1.FSV Mainz 05,Landespokal Südwest Winner,1981,1982
Germany,39,1.FSV Mainz 05,Landespokal Südwest Winner,1979,1980
Germany,3,1.FC Köln,German Champion,1977,1978
Germany,3,1.FC Köln,German Champion,1963,1964
Germany,3,1.FC Köln,German Champion,1961,1962
Germany,3,1.FC Köln,German Cup winner ,1982,1983
Germany,3,1.FC Köln,German Cup winner ,1977,1978
Germany,3,1.FC Köln,German Cup winner ,1976,1977
Germany,3,1.FC Köln,German Cup winner ,1967,1968
Germany,3,1.FC Köln,German 2. Bundesliga Champion,2018,2019
Germany,3,1.FC Köln,German 2. Bundesliga Champion,2013,2014
Germany,3,1.FC Köln,German 2. Bundesliga Champion,2004,2005
Germany,3,1.FC Köln,German 2. Bundesliga Champion,1999,2000
Germany,3,1.FC Köln,Western German Cup Winner,1963,1964
Germany,3,1.FC Köln,Western German Cup Winner,1952,1953
Germany,44,Hertha BSC,German Champion,1930,1931
Germany,44,Hertha BSC,German Champion,1929,1930
Germany,44,Hertha BSC,German 2. Bundesliga Champion,2012,2013
Germany,44,Hertha BSC,German 2. Bundesliga Champion,2010,2011
Germany,44,Hertha BSC,German 2. Bundesliga Champion,1989,1990
Germany,44,Hertha BSC,League Cup Winner,2002,2003
Germany,44,Hertha BSC,League Cup Winner,2001,2002
Germany,44,Hertha BSC,Landespokal Berlin Winner,1986,1987
Germany,44,Hertha BSC,Landespokal Berlin Winner,1966,1967
Germany,44,Hertha BSC,Landespokal Berlin Winner,1965,1966
Germany,44,Hertha BSC,Landespokal Berlin Winner,1958,1959
Germany,44,Hertha BSC,Landespokal Berlin Winner,1957,1958
Germany,44,Hertha BSC,Landespokal Berlin Winner,1942,1943
Germany,44,Hertha BSC,Landespokal Berlin Winner,1928,1929
Germany,44,Hertha BSC,Landespokal Berlin Winner,1927,1928
Germany,44,Hertha BSC,Landespokal Berlin Winner,1923,1924
Germany,44,Hertha BSC,Landespokal Berlin Winner,1919,1920
Germany,86,SV Werder Bremen,German Champion,2003,2004
Germany,86,SV Werder Bremen,German Champion,1992,1993
Germany,86,SV Werder Bremen,German Champion,1987,1988
Germany,86,SV Werder Bremen,German Champion,1964,1965
Germany,86,SV Werder Bremen,Cup Winners Cup Winner,1991,1992
Germany,86,SV Werder Bremen,German Cup winner ,2008,2009
Germany,86,SV Werder Bremen,German Cup winner ,2003,2004
Germany,86,SV Werder Bremen,German Cup winner ,1998,1999
Germany,86,SV Werder Bremen,German Cup winner ,1993,1994
Germany,86,SV Werder Bremen,German Cup winner ,1990,1991
Germany,86,SV Werder Bremen,German Cup winner ,1960,1961
Germany,86,SV Werder Bremen,German Super Cup Winner,1994,1995
Germany,86,SV Werder Bremen,German Super Cup Winner,1993,1994
Germany,86,SV Werder Bremen,German Super Cup Winner,1988,1989
Germany,86,SV Werder Bremen,German 2. Bundesliga Champion,1980,1981
Germany,86,SV Werder Bremen,League Cup Winner,2006,2007
Germany,33,FC Schalke 04,German Champion,1957,1958
Germany,33,FC Schalke 04,German Champion,1941,1942
Germany,33,FC Schalke 04,German Champion,1939,1940
Germany,33,FC Schalke 04,German Champion,1938,1939
Germany,33,FC Schalke 04,German Champion,1936,1937
Germany,33,FC Schalke 04,German Champion,1934,1935
Germany,33,FC Schalke 04,German Champion,1933,1934
Germany,33,FC Schalke 04,UEFA Cup Winner,1996,1997
Germany,33,FC Schalke 04,German Cup winner ,2010,2011
Germany,33,FC Schalke 04,German Cup winner ,2001,2002
Germany,33,FC Schalke 04,German Cup winner ,2000,2001
Germany,33,FC Schalke 04,German Cup winner ,1971,1972
Germany,33,FC Schalke 04,German Cup winner ,1937,1938
Germany,33,FC Schalke 04,German Super Cup Winner,2011,2012
Germany,33,FC Schalke 04,German 2. Bundesliga Champion,2021,2022
Germany,33,FC Schalke 04,German 2. Bundesliga Champion,1990,1991
Germany,33,FC Schalke 04,German 2. Bundesliga Champion,1981,1982
Germany,33,FC Schalke 04,League Cup Winner,2005,2006
Germany,33,FC Schalke 04,Landespokal Westfalen Winner,1943,1944
Germany,33,FC Schalke 04,Landespokal Westfalen Winner,1942,1943
Germany,33,FC Schalke 04,Western German Cup Winner,1953,1954
Germany,80,VfL Bochum,German 2. Bundesliga Champion,2020,2021
Germany,80,VfL Bochum,German 2. Bundesliga Champion,2005,2006
Germany,80,VfL Bochum,German 2. Bundesliga Champion,1995,1996
Germany,80,VfL Bochum,German 2. Bundesliga Champion,1993,1994
Germany,80,VfL Bochum,Western German Cup Winner,1967,1968
Italy,6195,SSC Napoli,Italian Champion,2022,2023
Italy,6195,SSC Napoli,Italian Champion,1989,1990
Italy,6195,SSC Napoli,Italian Champion,1986,1987
Italy,6195,SSC Napoli,UEFA Cup Winner,1988,1989
Italy,6195,SSC Napoli,Italian Cup winner,2019,2020
Italy,6195,SSC Napoli,Italian Cup winner,2013,2014
Italy,6195,SSC Napoli,Italian Cup winner,2011,2012
Italy,6195,SSC Napoli,Italian Cup winner,1986,1987
Italy,6195,SSC Napoli,Italian Cup winner,1975,1976
Italy,6195,SSC Napoli,Italian Cup winner,1961,1962
Italy,6195,SSC Napoli,Italian Super Cup winner,2014,2015
Italy,6195,SSC Napoli,Italian Super Cup winner,1990,1991
Italy,6195,SSC Napoli,Italian Serie B champion,1949,1950
Italy,6195,SSC Napoli,Italian Lega Pro Champion (B),2005,2006
Italy,5,AC Milan,Champions League Winner,2006,2007
Italy,5,AC Milan,Champions League Winner,2002,2003
Italy,5,AC Milan,Champions League Winner,1993,1994
Italy,5,AC Milan,European Champion Clubs' Cup winner,1989,1990
Italy,5,AC Milan,European Champion Clubs' Cup winner,1988,1989
Italy,5,AC Milan,European Champion Clubs' Cup winner,1968,1969
Italy,5,AC Milan,European Champion Clubs' Cup winner,1962,1963
Italy,5,AC Milan,FIFA Club World Cup winner,2007,2008
Italy,5,AC Milan,Italian Champion,2021,2022
Italy,5,AC Milan,Italian Champion,2010,2011
Italy,5,AC Milan,Italian Champion,2003,2004
Italy,5,AC Milan,Italian Champion,1998,1999
Italy,5,AC Milan,Italian Champion,1995,1996
Italy,5,AC Milan,Italian Champion,1993,1994
Italy,5,AC Milan,Italian Champion,1992,1993
Italy,5,AC Milan,Italian Champion,1991,1992
Italy,5,AC Milan,Italian Champion,1987,1988
Italy,5,AC Milan,Italian Champion,1978,1979
Italy,5,AC Milan,Italian Champion,1967,1968
Italy,5,AC Milan,Italian Champion,1961,1962
Italy,5,AC Milan,Italian Champion,1958,1959
Italy,5,AC Milan,Italian Champion,1956,1957
Italy,5,AC Milan,Italian Champion,1954,1955
Italy,5,AC Milan,Italian Champion,1950,1951
Italy,5,AC Milan,Italian Champion,1906,1907
Italy,5,AC Milan,Italian Champion,1905,1906
Italy,5,AC Milan,Italian Champion,1900,1901
Italy,5,AC Milan,UEFA Supercup Winner,2007,2008
Italy,5,AC Milan,UEFA Supercup Winner,2003,2004
Italy,5,AC Milan,UEFA Supercup Winner,1994,1995
Italy,5,AC Milan,UEFA Supercup Winner,1990,1991
Italy,5,AC Milan,UEFA Supercup Winner,1989,1990
Italy,5,AC Milan,Cup Winners Cup Winner,1972,1973
Italy,5,AC Milan,Cup Winners Cup Winner,1967,1968
Italy,5,AC Milan,Italian Cup winner,2002,2003
Italy,5,AC Milan,Italian Cup winner,1976,1977
Italy,5,AC Milan,Italian Cup winner,1972,1973
Italy,5,AC Milan,Italian Cup winner,1971,1972
Italy,5,AC Milan,Italian Cup winner,1966,1967
Italy,5,AC Milan,Italian Super Cup winner,2016,2017
Italy,5,AC Milan,Italian Super Cup winner,2011,2012
Italy,5,AC Milan,Italian Super Cup winner,2004,2005
Italy,5,AC Milan,Italian Super Cup winner,1994,1995
Italy,5,AC Milan,Italian Super Cup winner,1993,1994
Italy,5,AC Milan,Italian Super Cup winner,1992,1993
Italy,5,AC Milan,Italian Super Cup winner,1988,1989
Italy,5,AC Milan,Italian Serie B champion,1982,1983
Italy,5,AC Milan,Italian Serie B champion,1980,1981
Italy,5,AC Milan,Intercontinental Cup Winner,1990,1991
Italy,5,AC Milan,Intercontinental Cup Winner,1989,1990
Italy,5,AC Milan,Intercontinental Cup Winner,1969,1970
Italy,5,AC Milan,Mitropacup,1982,1983
Italy,46,Inter Milan,Champions League Winner,2009,2010
Italy,46,Inter Milan,European Champion Clubs' Cup winner,1964,1965
Italy,46,Inter Milan,European Champion Clubs' Cup winner,1963,1964
Italy,46,Inter Milan,FIFA Club World Cup winner,2010,2011
Italy,46,Inter Milan,Italian Champion,2020,2021
Italy,46,Inter Milan,Italian Champion,2009,2010
Italy,46,Inter Milan,Italian Champion,2008,2009
Italy,46,Inter Milan,Italian Champion,2007,2008
Italy,46,Inter Milan,Italian Champion,2006,2007
Italy,46,Inter Milan,Italian Champion,2005,2006
Italy,46,Inter Milan,Italian Champion,1988,1989
Italy,46,Inter Milan,Italian Champion,1979,1980
Italy,46,Inter Milan,Italian Champion,1970,1971
Italy,46,Inter Milan,Italian Champion,1965,1966
Italy,46,Inter Milan,Italian Champion,1964,1965
Italy,46,Inter Milan,Italian Champion,1962,1963
Italy,46,Inter Milan,Italian Champion,1953,1954
Italy,46,Inter Milan,Italian Champion,1952,1953
Italy,46,Inter Milan,Italian Champion,1939,1940
Italy,46,Inter Milan,Italian Champion,1937,1938
Italy,46,Inter Milan,Italian Champion,1929,1930
Italy,46,Inter Milan,Italian Champion,1919,1920
Italy,46,Inter Milan,Italian Champion,1909,1910
Italy,46,Inter Milan,UEFA Cup Winner,1997,1998
Italy,46,Inter Milan,UEFA Cup Winner,1993,1994
Italy,46,Inter Milan,UEFA Cup Winner,1990,1991
Italy,46,Inter Milan,Italian Cup winner,2021,2022
Italy,46,Inter Milan,Italian Cup winner,2010,2011
Italy,46,Inter Milan,Italian Cup winner,2009,2010
Italy,46,Inter Milan,Italian Cup winner,2005,2006
Italy,46,Inter Milan,Italian Cup winner,2004,2005
Italy,46,Inter Milan,Italian Cup winner,1981,1982
Italy,46,Inter Milan,Italian Cup winner,1977,1978
Italy,46,Inter Milan,Italian Cup winner,1938,1939
Italy,46,Inter Milan,Italian Super Cup winner,2022,2023
Italy,46,Inter Milan,Italian Super Cup winner,2021,2022
Italy,46,Inter Milan,Italian Super Cup winner,2010,2011
Italy,46,Inter Milan,Italian Super Cup winner,2008,2009
Italy,46,Inter Milan,Italian Super Cup winner,2006,2007
Italy,46,Inter Milan,Italian Super Cup winner,2005,2006
Italy,46,Inter Milan,Italian Super Cup winner,1989,1990
Italy,46,Inter Milan,Intercontinental Cup Winner,1965,1966
Italy,46,Inter Milan,Intercontinental Cup Winner,1964,1965
Italy,506,Juventus FC,Champions League Winner,1995,1996
Italy,506,Juventus FC,European Champion Clubs' Cup winner,1984,1985
Italy,506,Juventus FC,Italian Champion,2019,2020
Italy,506,Juventus FC,Italian Champion,2018,2019
Italy,506,Juventus FC,Italian Champion,2017,2018
Italy,506,Juventus FC,Italian Champion,2016,2017
Italy,506,Juventus FC,Italian Champion,2015,2016
Italy,506,Juventus FC,Italian Champion,2014,2015
Italy,506,Juventus FC,Italian Champion,2013,2014
Italy,506,Juventus FC,Italian Champion,2012,2013
Italy,506,Juventus FC,Italian Champion,2011,2012
Italy,506,Juventus FC,Italian Champion,2002,2003
Italy,506,Juventus FC,Italian Champion,2001,2002
Italy,506,Juventus FC,Italian Champion,1997,1998
Italy,506,Juventus FC,Italian Champion,1996,1997
Italy,506,Juventus FC,Italian Champion,1994,1995
Italy,506,Juventus FC,Italian Champion,1985,1986
Italy,506,Juventus FC,Italian Champion,1983,1984
Italy,506,Juventus FC,Italian Champion,1981,1982
Italy,506,Juventus FC,Italian Champion,1980,1981
Italy,506,Juventus FC,Italian Champion,1977,1978
Italy,506,Juventus FC,Italian Champion,1976,1977
Italy,506,Juventus FC,Italian Champion,1974,1975
Italy,506,Juventus FC,Italian Champion,1972,1973
Italy,506,Juventus FC,Italian Champion,1971,1972
Italy,506,Juventus FC,Italian Champion,1966,1967
Italy,506,Juventus FC,Italian Champion,1960,1961
Italy,506,Juventus FC,Italian Champion,1959,1960
Italy,506,Juventus FC,Italian Champion,1957,1958
Italy,506,Juventus FC,Italian Champion,1951,1952
Italy,506,Juventus FC,Italian Champion,1949,1950
Italy,506,Juventus FC,Italian Champion,1934,1935
Italy,506,Juventus FC,Italian Champion,1933,1934
Italy,506,Juventus FC,Italian Champion,1932,1933
Italy,506,Juventus FC,Italian Champion,1931,1932
Italy,506,Juventus FC,Italian Champion,1930,1931
Italy,506,Juventus FC,Italian Champion,1925,1926
Italy,506,Juventus FC,Italian Champion,1904,1905
Italy,506,Juventus FC,UEFA Supercup Winner,1996,1997
Italy,506,Juventus FC,UEFA Supercup Winner,1984,1985
Italy,506,Juventus FC,UEFA Cup Winner,1992,1993
Italy,506,Juventus FC,UEFA Cup Winner,1989,1990
Italy,506,Juventus FC,UEFA Cup Winner,1976,1977
Italy,506,Juventus FC,Cup Winners Cup Winner,1983,1984
Italy,506,Juventus FC,Italian Cup winner,2020,2021
Italy,506,Juventus FC,Italian Cup winner,2017,2018
Italy,506,Juventus FC,Italian Cup winner,2016,2017
Italy,506,Juventus FC,Italian Cup winner,2015,2016
Italy,506,Juventus FC,Italian Cup winner,2014,2015
Italy,506,Juventus FC,Italian Cup winner,1994,1995
Italy,506,Juventus FC,Italian Cup winner,1989,1990
Italy,506,Juventus FC,Italian Cup winner,1982,1983
Italy,506,Juventus FC,Italian Cup winner,1978,1979
Italy,506,Juventus FC,Italian Cup winner,1964,1965
Italy,506,Juventus FC,Italian Cup winner,1959,1960
Italy,506,Juventus FC,Italian Cup winner,1958,1959
Italy,506,Juventus FC,Italian Cup winner,1941,1942
Italy,506,Juventus FC,Italian Cup winner,1937,1938
Italy,506,Juventus FC,Italian Super Cup winner,2020,2021
Italy,506,Juventus FC,Italian Super Cup winner,2018,2019
Italy,506,Juventus FC,Italian Super Cup winner,2015,2016
Italy,506,Juventus FC,Italian Super Cup winner,2013,2014
Italy,506,Juventus FC,Italian Super Cup winner,2012,2013
Italy,506,Juventus FC,Italian Super Cup winner,2003,2004
Italy,506,Juventus FC,Italian Super Cup winner,2002,2003
Italy,506,Juventus FC,Italian Super Cup winner,1997,1998
Italy,506,Juventus FC,Italian Super Cup winner,1995,1996
Italy,506,Juventus FC,Italian Serie B champion,2006,2007
Italy,506,Juventus FC,Intercontinental Cup Winner,1996,1997
Italy,506,Juventus FC,Intercontinental Cup Winner,1985,1986
Italy,800,Atalanta BC,Italian Cup winner,1962,1963
Italy,800,Atalanta BC,Italian Serie B champion,2010,2011
Italy,800,Atalanta BC,Italian Serie B champion,2005,2006
Italy,800,Atalanta BC,Italian Serie B champion,1983,1984
Italy,800,Atalanta BC,Italian Serie B champion,1958,1959
Italy,800,Atalanta BC,Italian Serie B champion,1939,1940
Italy,800,Atalanta BC,Italian Lega Pro Champion (A),1981,1982
Italy,12,AS Roma,Italian Champion,2000,2001
Italy,12,AS Roma,Italian Champion,1982,1983
Italy,12,AS Roma,Italian Champion,1941,1942
Italy,12,AS Roma,Conference League winner,2021,2022
Italy,12,AS Roma,Italian Cup winner,2007,2008
Italy,12,AS Roma,Italian Cup winner,2006,2007
Italy,12,AS Roma,Italian Cup winner,1990,1991
Italy,12,AS Roma,Italian Cup winner,1985,1986
Italy,12,AS Roma,Italian Cup winner,1983,1984
Italy,12,AS Roma,Italian Cup winner,1980,1981
Italy,12,AS Roma,Italian Cup winner,1979,1980
Italy,12,AS Roma,Italian Cup winner,1968,1969
Italy,12,AS Roma,Italian Cup winner,1963,1964
Italy,12,AS Roma,Italian Super Cup winner,2007,2008
Italy,12,AS Roma,Italian Super Cup winner,2001,2002
Italy,12,AS Roma,Italian Serie B champion,1951,1952
Italy,12,AS Roma,Inter-Cities Fairs Cup winner,1960,1961
Italy,398,SS Lazio,Italian Champion,1999,2000
Italy,398,SS Lazio,Italian Champion,1973,1974
Italy,398,SS Lazio,UEFA Supercup Winner,1999,2000
Italy,398,SS Lazio,Cup Winners Cup Winner,1998,1999
Italy,398,SS Lazio,Italian Cup winner,2018,2019
Italy,398,SS Lazio,Italian Cup winner,2012,2013
Italy,398,SS Lazio,Italian Cup winner,2008,2009
Italy,398,SS Lazio,Italian Cup winner,2003,2004
Italy,398,SS Lazio,Italian Cup winner,1999,2000
Italy,398,SS Lazio,Italian Cup winner,1997,1998
Italy,398,SS Lazio,Italian Cup winner,1957,1958
Italy,398,SS Lazio,Italian Super Cup winner,2019,2020
Italy,398,SS Lazio,Italian Super Cup winner,2017,2018
Italy,398,SS Lazio,Italian Super Cup winner,2009,2010
Italy,398,SS Lazio,Italian Super Cup winner,2000,2001
Italy,398,SS Lazio,Italian Super Cup winner,1998,1999
Italy,398,SS Lazio,Italian Serie B champion,1968,1969
Italy,430,ACF Fiorentina,Italian Champion,1968,1969
Italy,430,ACF Fiorentina,Italian Champion,1955,1956
Italy,430,ACF Fiorentina,Cup Winners Cup Winner,1960,1961
Italy,430,ACF Fiorentina,Italian Cup winner,2000,2001
Italy,430,ACF Fiorentina,Italian Cup winner,1995,1996
Italy,430,ACF Fiorentina,Italian Cup winner,1974,1975
Italy,430,ACF Fiorentina,Italian Cup winner,1965,1966
Italy,430,ACF Fiorentina,Italian Cup winner,1960,1961
Italy,430,ACF Fiorentina,Italian Cup winner,1939,1940
Italy,430,ACF Fiorentina,Italian Super Cup winner,1996,1997
Italy,430,ACF Fiorentina,Italian Serie B champion,1993,1994
Italy,430,ACF Fiorentina,Italian Serie B champion,1938,1939
Italy,430,ACF Fiorentina,Italian Serie B champion,1930,1931
Italy,430,ACF Fiorentina,Mitropacup,1966,1967
Italy,6574,US Sassuolo,Italian Serie B champion,2012,2013
Italy,6574,US Sassuolo,Italian Lega Pro Champion (A),2007,2008
Italy,416,Torino FC,Italian Champion,1975,1976
Italy,416,Torino FC,Italian Champion,1948,1949
Italy,416,Torino FC,Italian Champion,1947,1948
Italy,416,Torino FC,Italian Champion,1946,1947
Italy,416,Torino FC,Italian Champion,1945,1946
Italy,416,Torino FC,Italian Champion,1942,1943
Italy,416,Torino FC,Italian Champion,1927,1928
Italy,416,Torino FC,Italian Cup winner,1992,1993
Italy,416,Torino FC,Italian Cup winner,1970,1971
Italy,416,Torino FC,Italian Cup winner,1967,1968
Italy,416,Torino FC,Italian Cup winner,1942,1943
Italy,416,Torino FC,Italian Cup winner,1935,1936
Italy,416,Torino FC,Italian Serie B champion,2000,2001
Italy,416,Torino FC,Italian Serie B champion,1989,1990
Italy,416,Torino FC,Italian Serie B champion,1959,1960
Italy,416,Torino FC,Mitropacup,1991,1992
Italy,410,Udinese Calcio,Italian Serie B champion,1978,1979
Italy,410,Udinese Calcio,Italian Serie B champion,1955,1956
Italy,410,Udinese Calcio,Italian Lega Pro Champion (A),1977,1978
Italy,410,Udinese Calcio,Italian Lega Pro Champion (A),1929,1930
Italy,410,Udinese Calcio,Italian Lega Pro Champion (B),1948,1949
Italy,410,Udinese Calcio,Italienischer Pokalsieger (Serie C),1977,1978
Italy,410,Udinese Calcio,Mitropacup,1979,1980
Italy,1025,Bologna FC 1909,Italian Champion,1963,1964
Italy,1025,Bologna FC 1909,Italian Champion,1940,1941
Italy,1025,Bologna FC 1909,Italian Champion,1938,1939
Italy,1025,Bologna FC 1909,Italian Champion,1936,1937
Italy,1025,Bologna FC 1909,Italian Champion,1935,1936
Italy,1025,Bologna FC 1909,Italian Champion,1928,1929
Italy,1025,Bologna FC 1909,Italian Champion,1924,1925
Italy,1025,Bologna FC 1909,Italian Cup winner,1973,1974
Italy,1025,Bologna FC 1909,Italian Cup winner,1969,1970
Italy,1025,Bologna FC 1909,Italian Serie B champion,1995,1996
Italy,1025,Bologna FC 1909,Italian Serie B champion,1987,1988
Italy,1025,Bologna FC 1909,Italian Lega Pro Champion (A),1994,1995
Italy,1025,Bologna FC 1909,Mitropacup,1962,1963
Italy,1025,Bologna FC 1909,Mitropacup,1934,1935
Italy,1025,Bologna FC 1909,Mitropacup,1932,1933
Italy,2919,AC Monza,Italian Lega Pro Champion (A),2019,2020
Italy,2919,AC Monza,Italian Lega Pro Champion (A),1975,1976
Italy,2919,AC Monza,Italian Lega Pro Champion (A),1966,1967
Italy,2919,AC Monza,Italian Lega Pro Champion (A),1950,1951
Italy,2919,AC Monza,Scudetto Serie D,2016,2017
Italy,2919,AC Monza,Italienischer Pokalsieger (Serie C),1990,1991
Italy,2919,AC Monza,Italienischer Pokalsieger (Serie C),1987,1988
Italy,2919,AC Monza,Italienischer Pokalsieger (Serie C),1974,1975
Italy,2919,AC Monza,Italienischer Pokalsieger (Serie C),1973,1974
Italy,749,FC Empoli,Italian Serie B champion,2020,2021
Italy,749,FC Empoli,Italian Serie B champion,2017,2018
Italy,749,FC Empoli,Italian Serie B champion,2004,2005
Italy,749,FC Empoli,Italian Lega Pro Champion (B),1982,1983
Italy,749,FC Empoli,Italienischer Pokalsieger (Serie C),1995,1996
Italy,380,US Salernitana 1919,Italian Serie B champion,1997,1998
Italy,380,US Salernitana 1919,Italian Serie B champion,1946,1947
Italy,380,US Salernitana 1919,Italian Lega Pro Champion (B),2007,2008
Italy,380,US Salernitana 1919,Italian Lega Pro Champion (C),2014,2015
Italy,380,US Salernitana 1919,Italian Lega Pro Champion (C),1965,1966
Italy,380,US Salernitana 1919,Italienischer Pokalsieger (Serie C),2013,2014
Italy,380,US Salernitana 1919,Italian Lega Pro 2 Champion (B),2012,2013
Italy,380,US Salernitana 1919,Italian Lega Pro 2 Champion (B),1989,1990
Italy,1005,US Lecce,Italian Serie B champion,2021,2022
Italy,1005,US Lecce,Italian Serie B champion,2009,2010
Italy,1005,US Lecce,Italian Lega Pro Champion (C),2017,2018
Italy,1005,US Lecce,Italian Lega Pro Champion (C),1995,1996
Italy,1005,US Lecce,Italian Lega Pro Champion (C),1975,1976
Italy,1005,US Lecce,Italian Lega Pro Champion (C),1945,1946
Italy,1005,US Lecce,Italienischer Pokalsieger (Serie C),1975,1976
Italy,3522,Spezia Calcio,Italian Lega Pro Champion (A),2005,2006
Italy,3522,Spezia Calcio,Italian Lega Pro Champion (B),2011,2012
Italy,3522,Spezia Calcio,Scudetto Serie D,1957,1958
Italy,3522,Spezia Calcio,Italienischer Pokalsieger (Serie C),2011,2012
Italy,3522,Spezia Calcio,Italienischer Pokalsieger (Serie C),2004,2005
Italy,276,Hellas Verona,Italian Champion,1984,1985
Italy,276,Hellas Verona,Italian Serie B champion,1998,1999
Italy,276,Hellas Verona,Italian Serie B champion,1981,1982
Italy,276,Hellas Verona,Italian Serie B champion,1956,1957
Italy,1038,UC Sampdoria,Italian Champion,1990,1991
Italy,1038,UC Sampdoria,Cup Winners Cup Winner,1989,1990
Italy,1038,UC Sampdoria,Italian Cup winner,1993,1994
Italy,1038,UC Sampdoria,Italian Cup winner,1988,1989
Italy,1038,UC Sampdoria,Italian Cup winner,1987,1988
Italy,1038,UC Sampdoria,Italian Cup winner,1984,1985
Italy,1038,UC Sampdoria,Italian Super Cup winner,1991,1992
Italy,1038,UC Sampdoria,Italian Serie B champion,1966,1967
Italy,2239,US Cremonese,Italian Lega Pro Champion (A),2016,2017
Italy,2239,US Cremonese,Italian Lega Pro Champion (A),2004,2005
Italy,2239,US Cremonese,Italian Lega Pro Champion (A),1976,1977
Italy,2239,US Cremonese,Italian Lega Pro Champion (B),1935,1936
France,583,Paris Saint-Germain,French Champion,2021,2022
France,583,Paris Saint-Germain,French Champion,2019,2020
France,583,Paris Saint-Germain,French Champion,2018,2019
France,583,Paris Saint-Germain,French Champion,2017,2018
France,583,Paris Saint-Germain,French Champion,2015,2016
France,583,Paris Saint-Germain,French Champion,2014,2015
France,583,Paris Saint-Germain,French Champion,2013,2014
France,583,Paris Saint-Germain,French Champion,2012,2013
France,583,Paris Saint-Germain,French Champion,1993,1994
France,583,Paris Saint-Germain,French Champion,1985,1986
France,583,Paris Saint-Germain,Cup Winners Cup Winner,1995,1996
France,583,Paris Saint-Germain,French Cup winner ,2020,2021
France,583,Paris Saint-Germain,French Cup winner ,2019,2020
France,583,Paris Saint-Germain,French Cup winner ,2017,2018
France,583,Paris Saint-Germain,French Cup winner ,2016,2017
France,583,Paris Saint-Germain,French Cup winner ,2015,2016
France,583,Paris Saint-Germain,French Cup winner ,2014,2015
France,583,Paris Saint-Germain,French Cup winner ,2009,2010
France,583,Paris Saint-Germain,French Cup winner ,2005,2006
France,583,Paris Saint-Germain,French Cup winner ,2003,2004
France,583,Paris Saint-Germain,French Cup winner ,1997,1998
France,583,Paris Saint-Germain,French Cup winner ,1994,1995
France,583,Paris Saint-Germain,French Cup winner ,1992,1993
France,583,Paris Saint-Germain,French Cup winner ,1982,1983
France,583,Paris Saint-Germain,French Cup winner ,1981,1982
France,583,Paris Saint-Germain,French league cup winner,2019,2020
France,583,Paris Saint-Germain,French league cup winner,2017,2018
France,583,Paris Saint-Germain,French league cup winner,2016,2017
France,583,Paris Saint-Germain,French league cup winner,2015,2016
France,583,Paris Saint-Germain,French league cup winner,2014,2015
France,583,Paris Saint-Germain,French league cup winner,2013,2014
France,583,Paris Saint-Germain,French league cup winner,2007,2008
France,583,Paris Saint-Germain,French league cup winner,1997,1998
France,583,Paris Saint-Germain,French league cup winner,1994,1995
France,583,Paris Saint-Germain,French Supercup Winner,2022,2023
France,583,Paris Saint-Germain,French Supercup Winner,2020,2021
France,583,Paris Saint-Germain,French Supercup Winner,2019,2020
France,583,Paris Saint-Germain,French Supercup Winner,2018,2019
France,583,Paris Saint-Germain,French Supercup Winner,2017,2018
France,583,Paris Saint-Germain,French Supercup Winner,2016,2017
France,583,Paris Saint-Germain,French Supercup Winner,2015,2016
France,583,Paris Saint-Germain,French Supercup Winner,2014,2015
France,583,Paris Saint-Germain,French Supercup Winner,2013,2014
France,583,Paris Saint-Germain,French Supercup Winner,1998,1999
France,583,Paris Saint-Germain,French Supercup Winner,1995,1996
France,162,AS Monaco,French Champion,2016,2017
France,162,AS Monaco,French Champion,1999,2000
France,162,AS Monaco,French Champion,1996,1997
France,162,AS Monaco,French Champion,1987,1988
France,162,AS Monaco,French Champion,1981,1982
France,162,AS Monaco,French Champion,1977,1978
France,162,AS Monaco,French Champion,1962,1963
France,162,AS Monaco,French Champion,1960,1961
France,162,AS Monaco,French Cup winner ,1990,1991
France,162,AS Monaco,French Cup winner ,1984,1985
France,162,AS Monaco,French Cup winner ,1979,1980
France,162,AS Monaco,French Cup winner ,1962,1963
France,162,AS Monaco,French Cup winner ,1959,1960
France,162,AS Monaco,French league cup winner,2002,2003
France,162,AS Monaco,French Supercup Winner,2000,2001
France,162,AS Monaco,French Supercup Winner,1997,1998
France,273,Stade Rennais FC,French Cup winner ,2018,2019
France,273,Stade Rennais FC,French Cup winner ,1970,1971
France,273,Stade Rennais FC,French Cup winner ,1964,1965
France,244,Olympique Marseille,Champions League Winner,1992,1993
France,244,Olympique Marseille,French Champion,2009,2010
France,244,Olympique Marseille,French Champion,1991,1992
France,244,Olympique Marseille,French Champion,1990,1991
France,244,Olympique Marseille,French Champion,1989,1990
France,244,Olympique Marseille,French Champion,1988,1989
France,244,Olympique Marseille,French Champion,1971,1972
France,244,Olympique Marseille,French Champion,1970,1971
France,244,Olympique Marseille,French Champion,1947,1948
France,244,Olympique Marseille,French Champion,1936,1937
France,244,Olympique Marseille,French Cup winner ,1988,1989
France,244,Olympique Marseille,French Cup winner ,1975,1976
France,244,Olympique Marseille,French Cup winner ,1971,1972
France,244,Olympique Marseille,French Cup winner ,1968,1969
France,244,Olympique Marseille,French Cup winner ,1942,1943
France,244,Olympique Marseille,French Cup winner ,1937,1938
France,244,Olympique Marseille,French Cup winner ,1934,1935
France,244,Olympique Marseille,French Cup winner ,1926,1927
France,244,Olympique Marseille,French Cup winner ,1925,1926
France,244,Olympique Marseille,French Cup winner ,1923,1924
France,244,Olympique Marseille,French league cup winner,2011,2012
France,244,Olympique Marseille,French league cup winner,2010,2011
France,244,Olympique Marseille,French league cup winner,2009,2010
France,244,Olympique Marseille,French Supercup Winner,2011,2012
France,244,Olympique Marseille,French Supercup Winner,2010,2011
France,417,OGC Nice,French Champion,1958,1959
France,417,OGC Nice,French Champion,1955,1956
France,417,OGC Nice,French Champion,1951,1952
France,417,OGC Nice,French Champion,1950,1951
France,417,OGC Nice,French Cup winner ,1996,1997
France,417,OGC Nice,French Cup winner ,1953,1954
France,417,OGC Nice,French Cup winner ,1951,1952
France,1041,Olympique Lyon,French Champion,2007,2008
France,1041,Olympique Lyon,French Champion,2006,2007
France,1041,Olympique Lyon,French Champion,2005,2006
France,1041,Olympique Lyon,French Champion,2004,2005
France,1041,Olympique Lyon,French Champion,2003,2004
France,1041,Olympique Lyon,French Champion,2002,2003
France,1041,Olympique Lyon,French Champion,2001,2002
France,1041,Olympique Lyon,French Cup winner ,2011,2012
France,1041,Olympique Lyon,French Cup winner ,2007,2008
France,1041,Olympique Lyon,French Cup winner ,1972,1973
France,1041,Olympique Lyon,French Cup winner ,1966,1967
France,1041,Olympique Lyon,French Cup winner ,1963,1964
France,1041,Olympique Lyon,French league cup winner,2000,2001
France,1041,Olympique Lyon,French Supercup Winner,2012,2013
France,1041,Olympique Lyon,French Supercup Winner,2007,2008
France,1041,Olympique Lyon,French Supercup Winner,2006,2007
France,1041,Olympique Lyon,French Supercup Winner,2005,2006
France,1041,Olympique Lyon,French Supercup Winner,2004,2005
France,1041,Olympique Lyon,French Supercup Winner,2003,2004
France,1041,Olympique Lyon,French Supercup Winner,2002,2003
France,1082,LOSC Lille,French Champion,2020,2021
France,1082,LOSC Lille,French Champion,2010,2011
France,1082,LOSC Lille,French Champion,1953,1954
France,1082,LOSC Lille,French Champion,1945,1946
France,1082,LOSC Lille,French Cup winner ,2010,2011
France,1082,LOSC Lille,French Cup winner ,1954,1955
France,1082,LOSC Lille,French Cup winner ,1952,1953
France,1082,LOSC Lille,French Cup winner ,1947,1948
France,1082,LOSC Lille,French Cup winner ,1946,1947
France,1082,LOSC Lille,French Cup winner ,1945,1946
France,1082,LOSC Lille,French Supercup Winner,2021,2022
France,826,RC Lens,French Champion,1997,1998
France,826,RC Lens,French league cup winner,1998,1999
France,995,FC Nantes,French Champion,2000,2001
France,995,FC Nantes,French Champion,1994,1995
France,995,FC Nantes,French Champion,1982,1983
France,995,FC Nantes,French Champion,1979,1980
France,995,FC Nantes,French Champion,1976,1977
France,995,FC Nantes,French Champion,1972,1973
France,995,FC Nantes,French Champion,1965,1966
France,995,FC Nantes,French Champion,1964,1965
France,995,FC Nantes,French Cup winner ,2021,2022
France,995,FC Nantes,French Cup winner ,1999,2000
France,995,FC Nantes,French Cup winner ,1998,1999
France,995,FC Nantes,French Cup winner ,1978,1979
France,995,FC Nantes,French Supercup Winner,2001,2002
France,995,FC Nantes,French Supercup Winner,1999,2000
France,969,Montpellier HSC,French Champion,2011,2012
France,969,Montpellier HSC,French Cup winner ,1989,1990
France,969,Montpellier HSC,French Cup winner ,1928,1929
France,667,RC Strasbourg Alsace,French Champion,1978,1979
France,667,RC Strasbourg Alsace,French Cup winner ,2000,2001
France,667,RC Strasbourg Alsace,French Cup winner ,1965,1966
France,667,RC Strasbourg Alsace,French Cup winner ,1950,1951
France,667,RC Strasbourg Alsace,French league cup winner,2018,2019
France,667,RC Strasbourg Alsace,French league cup winner,2004,2005
France,667,RC Strasbourg Alsace,French league cup winner,1996,1997
France,1421,Stade Reims,French Champion,1961,1962
France,1421,Stade Reims,French Champion,1959,1960
France,1421,Stade Reims,French Champion,1957,1958
France,1421,Stade Reims,French Champion,1954,1955
France,1421,Stade Reims,French Champion,1952,1953
France,1421,Stade Reims,French Champion,1948,1949
France,1421,Stade Reims,French Cup winner ,1957,1958
France,1421,Stade Reims,French Cup winner ,1949,1950
France,1158,FC Lorient,French Cup winner ,2001,2002
France,415,FC Toulouse,French Cup winner ,2022,2023
France,290,AJ Auxerre,French Champion,1995,1996
France,290,AJ Auxerre,French Cup winner ,2004,2005
France,290,AJ Auxerre,French Cup winner ,2002,2003
France,290,AJ Auxerre,French Cup winner ,1995,1996
France,290,AJ Auxerre,French Cup winner ,1993,1994
Spain,418,Real Madrid,Champions League Winner,2021,2022
Spain,418,Real Madrid,Champions League Winner,2017,2018
Spain,418,Real Madrid,Champions League Winner,2016,2017
Spain,418,Real Madrid,Champions League Winner,2015,2016
Spain,418,Real Madrid,Champions League Winner,2013,2014
Spain,418,Real Madrid,Champions League Winner,2001,2002
Spain,418,Real Madrid,Champions League Winner,1999,2000
Spain,418,Real Madrid,Champions League Winner,1997,1998
Spain,418,Real Madrid,European Champion Clubs' Cup winner,1965,1966
Spain,418,Real Madrid,European Champion Clubs' Cup winner,1959,1960
Spain,418,Real Madrid,European Champion Clubs' Cup winner,1958,1959
Spain,418,Real Madrid,European Champion Clubs' Cup winner,1957,1958
Spain,418,Real Madrid,European Champion Clubs' Cup winner,1956,1957
Spain,418,Real Madrid,European Champion Clubs' Cup winner,1955,1956
Spain,418,Real Madrid,FIFA Club World Cup winner,2022,2023
Spain,418,Real Madrid,FIFA Club World Cup winner,2018,2019
Spain,418,Real Madrid,FIFA Club World Cup winner,2017,2018
Spain,418,Real Madrid,FIFA Club World Cup winner,2016,2017
Spain,418,Real Madrid,FIFA Club World Cup winner,2014,2015
Spain,418,Real Madrid,Spanish Champion,2021,2022
Spain,418,Real Madrid,Spanish Champion,2019,2020
Spain,418,Real Madrid,Spanish Champion,2016,2017
Spain,418,Real Madrid,Spanish Champion,2011,2012
Spain,418,Real Madrid,Spanish Champion,2007,2008
Spain,418,Real Madrid,Spanish Champion,2006,2007
Spain,418,Real Madrid,Spanish Champion,2002,2003
Spain,418,Real Madrid,Spanish Champion,2000,2001
Spain,418,Real Madrid,Spanish Champion,1996,1997
Spain,418,Real Madrid,Spanish Champion,1994,1995
Spain,418,Real Madrid,Spanish Champion,1989,1990
Spain,418,Real Madrid,Spanish Champion,1988,1989
Spain,418,Real Madrid,Spanish Champion,1987,1988
Spain,418,Real Madrid,Spanish Champion,1986,1987
Spain,418,Real Madrid,Spanish Champion,1985,1986
Spain,418,Real Madrid,Spanish Champion,1979,1980
Spain,418,Real Madrid,Spanish Champion,1978,1979
Spain,418,Real Madrid,Spanish Champion,1977,1978
Spain,418,Real Madrid,Spanish Champion,1975,1976
Spain,418,Real Madrid,Spanish Champion,1974,1975
Spain,418,Real Madrid,Spanish Champion,1971,1972
Spain,418,Real Madrid,Spanish Champion,1968,1969
Spain,418,Real Madrid,Spanish Champion,1967,1968
Spain,418,Real Madrid,Spanish Champion,1966,1967
Spain,418,Real Madrid,Spanish Champion,1964,1965
Spain,418,Real Madrid,Spanish Champion,1963,1964
Spain,418,Real Madrid,Spanish Champion,1962,1963
Spain,418,Real Madrid,Spanish Champion,1961,1962
Spain,418,Real Madrid,Spanish Champion,1960,1961
Spain,418,Real Madrid,Spanish Champion,1957,1958
Spain,418,Real Madrid,Spanish Champion,1956,1957
Spain,418,Real Madrid,Spanish Champion,1954,1955
Spain,418,Real Madrid,Spanish Champion,1953,1954
Spain,418,Real Madrid,Spanish Champion,1932,1933
Spain,418,Real Madrid,Spanish Champion,1931,1932
Spain,418,Real Madrid,UEFA Supercup Winner,2022,2023
Spain,418,Real Madrid,UEFA Supercup Winner,2017,2018
Spain,418,Real Madrid,UEFA Supercup Winner,2016,2017
Spain,418,Real Madrid,UEFA Supercup Winner,2014,2015
Spain,418,Real Madrid,UEFA Supercup Winner,2002,2003
Spain,418,Real Madrid,UEFA Cup Winner,1985,1986
Spain,418,Real Madrid,UEFA Cup Winner,1984,1985
Spain,418,Real Madrid,Spanish Cup winner ,2022,2023
Spain,418,Real Madrid,Spanish Cup winner ,2013,2014
Spain,418,Real Madrid,Spanish Cup winner ,2010,2011
Spain,418,Real Madrid,Spanish Cup winner ,1992,1993
Spain,418,Real Madrid,Spanish Cup winner ,1988,1989
Spain,418,Real Madrid,Spanish Cup winner ,1981,1982
Spain,418,Real Madrid,Spanish Cup winner ,1979,1980
Spain,418,Real Madrid,Spanish Cup winner ,1974,1975
Spain,418,Real Madrid,Spanish Cup winner ,1973,1974
Spain,418,Real Madrid,Spanish Cup winner ,1969,1970
Spain,418,Real Madrid,Spanish Cup winner ,1961,1962
Spain,418,Real Madrid,Spanish Cup winner ,1946,1947
Spain,418,Real Madrid,Spanish Cup winner ,1945,1946
Spain,418,Real Madrid,Spanish Cup winner ,1935,1936
Spain,418,Real Madrid,Spanish Cup winner ,1933,1934
Spain,418,Real Madrid,Spanish Cup winner ,1916,1917
Spain,418,Real Madrid,Spanish Cup winner ,1907,1908
Spain,418,Real Madrid,Spanish Cup winner ,1906,1907
Spain,418,Real Madrid,Spanish Cup winner ,1905,1906
Spain,418,Real Madrid,Spanish Cup winner ,1904,1905
Spain,418,Real Madrid,Spanish Super Cup winner,2021,2022
Spain,418,Real Madrid,Spanish Super Cup winner,2019,2020
Spain,418,Real Madrid,Spanish Super Cup winner,2017,2018
Spain,418,Real Madrid,Spanish Super Cup winner,2012,2013
Spain,418,Real Madrid,Spanish Super Cup winner,2008,2009
Spain,418,Real Madrid,Spanish Super Cup winner,2003,2004
Spain,418,Real Madrid,Spanish Super Cup winner,2001,2002
Spain,418,Real Madrid,Spanish Super Cup winner,1997,1998
Spain,418,Real Madrid,Spanish Super Cup winner,1993,1994
Spain,418,Real Madrid,Spanish Super Cup winner,1990,1991
Spain,418,Real Madrid,Spanish Super Cup winner,1989,1990
Spain,418,Real Madrid,Spanish Super Cup winner,1988,1989
Spain,418,Real Madrid,Intercontinental Cup Winner,2002,2003
Spain,418,Real Madrid,Intercontinental Cup Winner,1998,1999
Spain,418,Real Madrid,Intercontinental Cup Winner,1960,1961
Spain,131,FC Barcelona,Champions League Winner,2014,2015
Spain,131,FC Barcelona,Champions League Winner,2010,2011
Spain,131,FC Barcelona,Champions League Winner,2008,2009
Spain,131,FC Barcelona,Champions League Winner,2005,2006
Spain,131,FC Barcelona,European Champion Clubs' Cup winner,1991,1992
Spain,131,FC Barcelona,FIFA Club World Cup winner,2015,2016
Spain,131,FC Barcelona,FIFA Club World Cup winner,2011,2012
Spain,131,FC Barcelona,FIFA Club World Cup winner,2009,2010
Spain,131,FC Barcelona,Spanish Champion,2022,2023
Spain,131,FC Barcelona,Spanish Champion,2018,2019
Spain,131,FC Barcelona,Spanish Champion,2017,2018
Spain,131,FC Barcelona,Spanish Champion,2015,2016
Spain,131,FC Barcelona,Spanish Champion,2014,2015
Spain,131,FC Barcelona,Spanish Champion,2012,2013
Spain,131,FC Barcelona,Spanish Champion,2010,2011
Spain,131,FC Barcelona,Spanish Champion,2009,2010
Spain,131,FC Barcelona,Spanish Champion,2008,2009
Spain,131,FC Barcelona,Spanish Champion,2005,2006
Spain,131,FC Barcelona,Spanish Champion,2004,2005
Spain,131,FC Barcelona,Spanish Champion,1998,1999
Spain,131,FC Barcelona,Spanish Champion,1997,1998
Spain,131,FC Barcelona,Spanish Champion,1993,1994
Spain,131,FC Barcelona,Spanish Champion,1992,1993
Spain,131,FC Barcelona,Spanish Champion,1991,1992
Spain,131,FC Barcelona,Spanish Champion,1990,1991
Spain,131,FC Barcelona,Spanish Champion,1984,1985
Spain,131,FC Barcelona,Spanish Champion,1973,1974
Spain,131,FC Barcelona,Spanish Champion,1959,1960
Spain,131,FC Barcelona,Spanish Champion,1958,1959
Spain,131,FC Barcelona,Spanish Champion,1952,1953
Spain,131,FC Barcelona,Spanish Champion,1951,1952
Spain,131,FC Barcelona,Spanish Champion,1948,1949
Spain,131,FC Barcelona,Spanish Champion,1947,1948
Spain,131,FC Barcelona,Spanish Champion,1944,1945
Spain,131,FC Barcelona,Spanish Champion,1928,1929
Spain,131,FC Barcelona,UEFA Supercup Winner,2015,2016
Spain,131,FC Barcelona,UEFA Supercup Winner,2011,2012
Spain,131,FC Barcelona,UEFA Supercup Winner,2009,2010
Spain,131,FC Barcelona,UEFA Supercup Winner,1997,1998
Spain,131,FC Barcelona,UEFA Supercup Winner,1992,1993
Spain,131,FC Barcelona,Cup Winners Cup Winner,1996,1997
Spain,131,FC Barcelona,Cup Winners Cup Winner,1988,1989
Spain,131,FC Barcelona,Cup Winners Cup Winner,1981,1982
Spain,131,FC Barcelona,Cup Winners Cup Winner,1978,1979
Spain,131,FC Barcelona,Spanish Cup winner ,2020,2021
Spain,131,FC Barcelona,Spanish Cup winner ,2017,2018
Spain,131,FC Barcelona,Spanish Cup winner ,2016,2017
Spain,131,FC Barcelona,Spanish Cup winner ,2015,2016
Spain,131,FC Barcelona,Spanish Cup winner ,2014,2015
Spain,131,FC Barcelona,Spanish Cup winner ,2011,2012
Spain,131,FC Barcelona,Spanish Cup winner ,2008,2009
Spain,131,FC Barcelona,Spanish Cup winner ,1997,1998
Spain,131,FC Barcelona,Spanish Cup winner ,1996,1997
Spain,131,FC Barcelona,Spanish Cup winner ,1989,1990
Spain,131,FC Barcelona,Spanish Cup winner ,1987,1988
Spain,131,FC Barcelona,Spanish Cup winner ,1982,1983
Spain,131,FC Barcelona,Spanish Cup winner ,1980,1981
Spain,131,FC Barcelona,Spanish Cup winner ,1977,1978
Spain,131,FC Barcelona,Spanish Cup winner ,1970,1971
Spain,131,FC Barcelona,Spanish Cup winner ,1967,1968
Spain,131,FC Barcelona,Spanish Cup winner ,1962,1963
Spain,131,FC Barcelona,Spanish Cup winner ,1958,1959
Spain,131,FC Barcelona,Spanish Cup winner ,1956,1957
Spain,131,FC Barcelona,Spanish Cup winner ,1952,1953
Spain,131,FC Barcelona,Spanish Cup winner ,1951,1952
Spain,131,FC Barcelona,Spanish Cup winner ,1950,1951
Spain,131,FC Barcelona,Spanish Cup winner ,1941,1942
Spain,131,FC Barcelona,Spanish Cup winner ,1927,1928
Spain,131,FC Barcelona,Spanish Cup winner ,1925,1926
Spain,131,FC Barcelona,Spanish Cup winner ,1924,1925
Spain,131,FC Barcelona,Spanish Cup winner ,1921,1922
Spain,131,FC Barcelona,Spanish Cup winner ,1919,1920
Spain,131,FC Barcelona,Spanish Cup winner ,1912,1913
Spain,131,FC Barcelona,Spanish Cup winner ,1911,1912
Spain,131,FC Barcelona,Spanish Cup winner ,1909,1910
Spain,131,FC Barcelona,Spanish Super Cup winner,2022,2023
Spain,131,FC Barcelona,Spanish Super Cup winner,2018,2019
Spain,131,FC Barcelona,Spanish Super Cup winner,2016,2017
Spain,131,FC Barcelona,Spanish Super Cup winner,2013,2014
Spain,131,FC Barcelona,Spanish Super Cup winner,2011,2012
Spain,131,FC Barcelona,Spanish Super Cup winner,2010,2011
Spain,131,FC Barcelona,Spanish Super Cup winner,2009,2010
Spain,131,FC Barcelona,Spanish Super Cup winner,2006,2007
Spain,131,FC Barcelona,Spanish Super Cup winner,2005,2006
Spain,131,FC Barcelona,Spanish Super Cup winner,1996,1997
Spain,131,FC Barcelona,Spanish Super Cup winner,1994,1995
Spain,131,FC Barcelona,Spanish Super Cup winner,1992,1993
Spain,131,FC Barcelona,Spanish Super Cup winner,1991,1992
Spain,131,FC Barcelona,Spanish Super Cup winner,1983,1984
Spain,131,FC Barcelona,Inter-Cities Fairs Cup winner,1965,1966
Spain,131,FC Barcelona,Inter-Cities Fairs Cup winner,1959,1960
Spain,131,FC Barcelona,Inter-Cities Fairs Cup winner,1957,1958
Spain,13,Atlético de Madrid,Spanish Champion,2020,2021
Spain,13,Atlético de Madrid,Spanish Champion,2013,2014
Spain,13,Atlético de Madrid,Spanish Champion,1995,1996
Spain,13,Atlético de Madrid,Spanish Champion,1976,1977
Spain,13,Atlético de Madrid,Spanish Champion,1972,1973
Spain,13,Atlético de Madrid,Spanish Champion,1969,1970
Spain,13,Atlético de Madrid,Spanish Champion,1965,1966
Spain,13,Atlético de Madrid,Spanish Champion,1950,1951
Spain,13,Atlético de Madrid,Spanish Champion,1949,1950
Spain,13,Atlético de Madrid,Spanish Champion,1940,1941
Spain,13,Atlético de Madrid,Spanish Champion,1939,1940
Spain,13,Atlético de Madrid,UEFA Supercup Winner,2018,2019
Spain,13,Atlético de Madrid,UEFA Supercup Winner,2012,2013
Spain,13,Atlético de Madrid,UEFA Supercup Winner,2010,2011
Spain,13,Atlético de Madrid,Europa League Winner,2017,2018
Spain,13,Atlético de Madrid,Europa League Winner,2011,2012
Spain,13,Atlético de Madrid,Europa League Winner,2009,2010
Spain,13,Atlético de Madrid,Cup Winners Cup Winner,1961,1962
Spain,13,Atlético de Madrid,Spanish Cup winner ,2012,2013
Spain,13,Atlético de Madrid,Spanish Cup winner ,1995,1996
Spain,13,Atlético de Madrid,Spanish Cup winner ,1991,1992
Spain,13,Atlético de Madrid,Spanish Cup winner ,1990,1991
Spain,13,Atlético de Madrid,Spanish Cup winner ,1984,1985
Spain,13,Atlético de Madrid,Spanish Cup winner ,1975,1976
Spain,13,Atlético de Madrid,Spanish Cup winner ,1971,1972
Spain,13,Atlético de Madrid,Spanish Cup winner ,1964,1965
Spain,13,Atlético de Madrid,Spanish Cup winner ,1960,1961
Spain,13,Atlético de Madrid,Spanish Cup winner ,1959,1960
Spain,13,Atlético de Madrid,Spanish Super Cup winner,2013,2014
Spain,13,Atlético de Madrid,Spanish Super Cup winner,1984,1985
Spain,13,Atlético de Madrid,Intercontinental Cup Winner,1974,1975
Spain,13,Atlético de Madrid,Spanish 2nd tier champion,2001,2002
Spain,681,Real Sociedad,Spanish Champion,1981,1982
Spain,681,Real Sociedad,Spanish Champion,1980,1981
Spain,681,Real Sociedad,Spanish Cup winner ,2019,2020
Spain,681,Real Sociedad,Spanish Cup winner ,1986,1987
Spain,681,Real Sociedad,Spanish Cup winner ,1908,1909
Spain,681,Real Sociedad,Spanish Super Cup winner,1982,1983
Spain,681,Real Sociedad,Spanish 2nd tier champion,2009,2010
Spain,681,Real Sociedad,Spanish 2nd tier champion,1966,1967
Spain,681,Real Sociedad,Spanish 2nd tier champion,1948,1949
Spain,681,Real Sociedad,Spanish 2nd tier champion,1942,1943
Spain,681,Real Sociedad,Spanish 2nd tier champion,1940,1941
Spain,681,Real Sociedad,Spanish 2nd tier champion,1939,1940
Spain,1050,Villarreal CF,Europa League Winner,2020,2021
Spain,150,Real Betis Balompié,Spanish Champion,1934,1935
Spain,150,Real Betis Balompié,Spanish Cup winner ,2021,2022
Spain,150,Real Betis Balompié,Spanish Cup winner ,2004,2005
Spain,150,Real Betis Balompié,Spanish Cup winner ,1976,1977
Spain,150,Real Betis Balompié,Spanish 2nd tier champion,2014,2015
Spain,150,Real Betis Balompié,Spanish 2nd tier champion,2010,2011
Spain,150,Real Betis Balompié,Spanish 2nd tier champion,1973,1974
Spain,150,Real Betis Balompié,Spanish 2nd tier champion,1970,1971
Spain,150,Real Betis Balompié,Spanish 2nd tier champion,1957,1958
Spain,150,Real Betis Balompié,Spanish 2nd tier champion,1941,1942
Spain,150,Real Betis Balompié,Spanish 2nd tier champion,1931,1932
Spain,621,Athletic Bilbao,Spanish Champion,1983,1984
Spain,621,Athletic Bilbao,Spanish Champion,1982,1983
Spain,621,Athletic Bilbao,Spanish Champion,1955,1956
Spain,621,Athletic Bilbao,Spanish Champion,1942,1943
Spain,621,Athletic Bilbao,Spanish Champion,1935,1936
Spain,621,Athletic Bilbao,Spanish Champion,1933,1934
Spain,621,Athletic Bilbao,Spanish Champion,1930,1931
Spain,621,Athletic Bilbao,Spanish Champion,1929,1930
Spain,621,Athletic Bilbao,Spanish Cup winner ,1983,1984
Spain,621,Athletic Bilbao,Spanish Cup winner ,1972,1973
Spain,621,Athletic Bilbao,Spanish Cup winner ,1968,1969
Spain,621,Athletic Bilbao,Spanish Cup winner ,1957,1958
Spain,621,Athletic Bilbao,Spanish Cup winner ,1955,1956
Spain,621,Athletic Bilbao,Spanish Cup winner ,1954,1955
Spain,621,Athletic Bilbao,Spanish Cup winner ,1949,1950
Spain,621,Athletic Bilbao,Spanish Cup winner ,1944,1945
Spain,621,Athletic Bilbao,Spanish Cup winner ,1943,1944
Spain,621,Athletic Bilbao,Spanish Cup winner ,1942,1943
Spain,621,Athletic Bilbao,Spanish Cup winner ,1932,1933
Spain,621,Athletic Bilbao,Spanish Cup winner ,1931,1932
Spain,621,Athletic Bilbao,Spanish Cup winner ,1930,1931
Spain,621,Athletic Bilbao,Spanish Cup winner ,1929,1930
Spain,621,Athletic Bilbao,Spanish Cup winner ,1922,1923
Spain,621,Athletic Bilbao,Spanish Cup winner ,1920,1921
Spain,621,Athletic Bilbao,Spanish Cup winner ,1915,1916
Spain,621,Athletic Bilbao,Spanish Cup winner ,1914,1915
Spain,621,Athletic Bilbao,Spanish Cup winner ,1913,1914
Spain,621,Athletic Bilbao,Spanish Cup winner ,1910,1911
Spain,621,Athletic Bilbao,Spanish Cup winner ,1909,1910
Spain,621,Athletic Bilbao,Spanish Cup winner ,1903,1904
Spain,621,Athletic Bilbao,Spanish Cup winner ,1902,1903
Spain,621,Athletic Bilbao,Spanish Cup winner ,1901,1902
Spain,621,Athletic Bilbao,Spanish Super Cup winner,2020,2021
Spain,621,Athletic Bilbao,Spanish Super Cup winner,2015,2016
Spain,621,Athletic Bilbao,Spanish Super Cup winner,1984,1985
Spain,1049,Valencia CF,Spanish Champion,2003,2004
Spain,1049,Valencia CF,Spanish Champion,2001,2002
Spain,1049,Valencia CF,Spanish Champion,1970,1971
Spain,1049,Valencia CF,Spanish Champion,1946,1947
Spain,1049,Valencia CF,Spanish Champion,1943,1944
Spain,1049,Valencia CF,Spanish Champion,1941,1942
Spain,1049,Valencia CF,UEFA Supercup Winner,2004,2005
Spain,1049,Valencia CF,UEFA Supercup Winner,1980,1981
Spain,1049,Valencia CF,UEFA Cup Winner,2003,2004
Spain,1049,Valencia CF,Cup Winners Cup Winner,1979,1980
Spain,1049,Valencia CF,Spanish Cup winner ,2018,2019
Spain,1049,Valencia CF,Spanish Cup winner ,2007,2008
Spain,1049,Valencia CF,Spanish Cup winner ,1998,1999
Spain,1049,Valencia CF,Spanish Cup winner ,1978,1979
Spain,1049,Valencia CF,Spanish Cup winner ,1966,1967
Spain,1049,Valencia CF,Spanish Cup winner ,1953,1954
Spain,1049,Valencia CF,Spanish Cup winner ,1948,1949
Spain,1049,Valencia CF,Spanish Cup winner ,1940,1941
Spain,1049,Valencia CF,Spanish Super Cup winner,1999,2000
Spain,1049,Valencia CF,Inter-Cities Fairs Cup winner,1962,1963
Spain,1049,Valencia CF,Inter-Cities Fairs Cup winner,1961,1962
Spain,1049,Valencia CF,Spanish 2nd tier champion,1986,1987
Spain,1049,Valencia CF,Spanish 2nd tier champion,1930,1931
Spain,368,Sevilla FC,Spanish Champion,1945,1946
Spain,368,Sevilla FC,UEFA Supercup Winner,2006,2007
Spain,368,Sevilla FC,Europa League Winner,2019,2020
Spain,368,Sevilla FC,Europa League Winner,2015,2016
Spain,368,Sevilla FC,Europa League Winner,2014,2015
Spain,368,Sevilla FC,Europa League Winner,2013,2014
Spain,368,Sevilla FC,UEFA Cup Winner,2006,2007
Spain,368,Sevilla FC,UEFA Cup Winner,2005,2006
Spain,368,Sevilla FC,Spanish Cup winner ,2009,2010
Spain,368,Sevilla FC,Spanish Cup winner ,2006,2007
Spain,368,Sevilla FC,Spanish Cup winner ,1947,1948
Spain,368,Sevilla FC,Spanish Cup winner ,1938,1939
Spain,368,Sevilla FC,Spanish Cup winner ,1934,1935
Spain,368,Sevilla FC,Spanish Super Cup winner,2007,2008
Spain,368,Sevilla FC,Spanish 2nd tier champion,2000,2001
Spain,368,Sevilla FC,Spanish 2nd tier champion,1968,1969
Spain,368,Sevilla FC,Spanish 2nd tier champion,1933,1934
Spain,368,Sevilla FC,Spanish 2nd tier champion,1928,1929
Spain,940,Celta de Vigo,Spanish 2nd tier champion,1991,1992
Spain,940,Celta de Vigo,Spanish 2nd tier champion,1981,1982
Spain,940,Celta de Vigo,Spanish 2nd tier champion,1935,1936
Spain,331,CA Osasuna,Spanish 2nd tier champion,2018,2019
Spain,331,CA Osasuna,Spanish 2nd tier champion,1960,1961
Spain,331,CA Osasuna,Spanish 2nd tier champion,1955,1956
Spain,331,CA Osasuna,Spanish 2nd tier champion,1952,1953
Spain,714,RCD Espanyol Barcelona,Spanish Cup winner ,2005,2006
Spain,714,RCD Espanyol Barcelona,Spanish Cup winner ,1999,2000
Spain,714,RCD Espanyol Barcelona,Spanish Cup winner ,1939,1940
Spain,714,RCD Espanyol Barcelona,Spanish Cup winner ,1928,1929
Spain,714,RCD Espanyol Barcelona,Spanish 2nd tier champion,2020,2021
Spain,714,RCD Espanyol Barcelona,Spanish 2nd tier champion,1993,1994
Spain,367,Rayo Vallecano,Spanish 2nd tier champion,2017,2018
Spain,237,RCD Mallorca,Spanish Cup winner ,2002,2003
Spain,237,RCD Mallorca,Spanish Super Cup winner,1998,1999
Spain,237,RCD Mallorca,Spanish 2nd tier champion,1964,1965
Spain,237,RCD Mallorca,Spanish 2nd tier champion,1959,1960
Spain,3302,UD Almería,Spanish 2nd tier champion,2021,2022
Spain,366,Real Valladolid CF,Spanish 2nd tier champion,2006,2007
Spain,366,Real Valladolid CF,Spanish 2nd tier champion,1958,1959
Spain,366,Real Valladolid CF,Spanish 2nd tier champion,1947,1948
Spain,2687,Cádiz CF,Spanish 2nd tier champion,2004,2005
Spain,2687,Cádiz CF,Spanish 2nd tier champion,1939,1940
Spain,1531,Elche CF,Spanish 2nd tier champion,2012,2013
Spain,1531,Elche CF,Spanish 2nd tier champion,1958,1959
