Club,id,Country,link,Season,income,expend,overall_balance,income_arrival,expend_arrival
Chelsea FC,631,England,https://www.transfermarkt.com/fc-chelsea/startseite/verein/631/saison_id/2015,2015,€87.49m,€96.50m ,€-9.01m ,32,37
Manchester City,281,England,https://www.transfermarkt.com/manchester-city/startseite/verein/281/saison_id/2015,2015,€67.44m,€208.47m ,€-141.03m ,23,20
Arsenal FC,11,England,https://www.transfermarkt.com/fc-arsenal/startseite/verein/11/saison_id/2015,2015,€2.50m,€26.50m ,€-24.00m ,11,13
Manchester United,985,England,https://www.transfermarkt.com/manchester-united/startseite/verein/985/saison_id/2015,2015,€100.67m,€156.00m ,€-55.33m ,20,22
Liverpool FC,31,England,https://www.transfermarkt.com/fc-liverpool/startseite/verein/31/saison_id/2015,2015,€90.55m,€126.50m ,€-35.95m ,24,23
Tottenham Hotspur,148,England,https://www.transfermarkt.com/tottenham-hotspur/startseite/verein/148/saison_id/2015,2015,€87.25m,€71.00m ,+€16.25m,21,11
Everton FC,29,England,https://www.transfermarkt.com/fc-everton/startseite/verein/29/saison_id/2015,2015,€11.00m,€48.20m ,€-37.20m ,15,14
Southampton FC,180,England,https://www.transfermarkt.com/fc-southampton/startseite/verein/180/saison_id/2015,2015,€52.70m,€60.10m ,€-7.40m ,16,15
West Ham United,379,England,https://www.transfermarkt.com/west-ham-united/startseite/verein/379/saison_id/2015,2015,€18.52m,€52.70m ,€-34.19m ,24,21
Newcastle United,762,England,https://www.transfermarkt.com/newcastle-united/startseite/verein/762/saison_id/2015,2015,€5.63m,€107.91m ,€-102.28m ,20,24
Leicester City,1003,England,https://www.transfermarkt.com/leicester-city/startseite/verein/1003/saison_id/2015,2015,€9.45m,€49.90m ,€-40.45m ,26,21
Stoke City,512,England,https://www.transfermarkt.com/stoke-city/startseite/verein/512/saison_id/2015,2015,€23.20m,€53.65m ,€-30.45m ,14,13
Swansea City,2288,England,https://www.transfermarkt.com/swansea-city/startseite/verein/2288/saison_id/2015,2015,€16.81m,€21.81m ,€-5.01m ,23,18
Watford FC,1010,England,https://www.transfermarkt.com/fc-watford/startseite/verein/1010/saison_id/2015,2015,€9.75m,€82.80m ,€-73.05m ,27,31
Crystal Palace,873,England,https://www.transfermarkt.com/crystal-palace/startseite/verein/873/saison_id/2015,2015,€5.40m,€28.80m ,€-23.40m ,19,16
Aston Villa,405,England,https://www.transfermarkt.com/aston-villa/startseite/verein/405/saison_id/2015,2015,€64.70m,€66.55m ,€-1.85m ,27,26
Norwich City,1123,England,https://www.transfermarkt.com/norwich-city/startseite/verein/1123/saison_id/2015,2015,€21.49m,€50.50m ,€-29.01m ,25,28
West Bromwich Albion,984,England,https://www.transfermarkt.com/west-bromwich-albion/startseite/verein/984/saison_id/2015,2015,€12.92m,€42.90m ,€-29.98m ,13,11
Sunderland AFC,289,England,https://www.transfermarkt.com/afc-sunderland/startseite/verein/289/saison_id/2015,2015,€11.00m,€66.05m ,€-55.05m ,24,26
AFC Bournemouth,989,England,https://www.transfermarkt.com/afc-bournemouth/startseite/verein/989/saison_id/2015,2015,€650k,€55.11m ,€-54.46m ,28,30
Chelsea FC,631,England,https://www.transfermarkt.com/fc-chelsea/startseite/verein/631/saison_id/2016,2016,€108.90m,€132.80m ,€-23.90m ,29,27
Manchester City,281,England,https://www.transfermarkt.com/manchester-city/startseite/verein/281/saison_id/2016,2016,€35.35m,€216.25m ,€-180.90m ,23,29
Tottenham Hotspur,148,England,https://www.transfermarkt.com/tottenham-hotspur/startseite/verein/148/saison_id/2016,2016,€52.30m,€83.50m ,€-31.20m ,8,8
Arsenal FC,11,England,https://www.transfermarkt.com/fc-arsenal/startseite/verein/11/saison_id/2016,2016,€10.35m,€113.00m ,€-102.65m ,12,11
Manchester United,985,England,https://www.transfermarkt.com/manchester-united/startseite/verein/985/saison_id/2016,2016,€47.25m,€185.00m ,€-137.75m ,14,9
Liverpool FC,31,England,https://www.transfermarkt.com/fc-liverpool/startseite/verein/31/saison_id/2016,2016,€85.38m,€79.90m ,+€5.48m,18,20
Everton FC,29,England,https://www.transfermarkt.com/fc-everton/startseite/verein/29/saison_id/2016,2016,€60.80m,€86.00m ,€-25.20m ,19,18
West Ham United,379,England,https://www.transfermarkt.com/west-ham-united/startseite/verein/379/saison_id/2016,2016,€41.00m,€83.50m ,€-42.50m ,15,22
Southampton FC,180,England,https://www.transfermarkt.com/fc-southampton/startseite/verein/180/saison_id/2016,2016,€85.05m,€68.90m ,+€16.15m,9,12
Crystal Palace,873,England,https://www.transfermarkt.com/crystal-palace/startseite/verein/873/saison_id/2016,2016,€50.20m,€101.20m ,€-51.00m ,21,18
Leicester City,1003,England,https://www.transfermarkt.com/leicester-city/startseite/verein/1003/saison_id/2016,2016,€66.05m,€92.10m ,€-26.05m ,17,15
Stoke City,512,England,https://www.transfermarkt.com/stoke-city/startseite/verein/512/saison_id/2016,2016,€3.80m,€42.17m ,€-38.37m ,12,11
Watford FC,1010,England,https://www.transfermarkt.com/fc-watford/startseite/verein/1010/saison_id/2016,2016,€58.10m,€70.45m ,€-12.35m ,30,28
Swansea City,2288,England,https://www.transfermarkt.com/swansea-city/startseite/verein/2288/saison_id/2016,2016,€49.30m,€58.10m ,€-8.80m ,16,20
Hull City,3008,England,https://www.transfermarkt.com/hull-city/startseite/verein/3008/saison_id/2016,2016,€28.90m,€40.00m ,€-11.10m ,16,22
Sunderland AFC,289,England,https://www.transfermarkt.com/afc-sunderland/startseite/verein/289/saison_id/2016,2016,€23.77m,€41.90m ,€-18.13m ,23,25
AFC Bournemouth,989,England,https://www.transfermarkt.com/afc-bournemouth/startseite/verein/989/saison_id/2016,2016,€23.69m,€40.69m ,€-17.00m ,26,17
Middlesbrough FC,641,England,https://www.transfermarkt.com/fc-middlesbrough/startseite/verein/641/saison_id/2016,2016,€13.50m,€47.95m ,€-34.45m ,19,18
West Bromwich Albion,984,England,https://www.transfermarkt.com/west-bromwich-albion/startseite/verein/984/saison_id/2016,2016,€26.98m,€37.90m ,€-10.93m ,14,12
Burnley FC,1132,England,https://www.transfermarkt.com/fc-burnley/startseite/verein/1132/saison_id/2016,2016,€1.20m,€45.60m ,€-44.40m ,21,22
Manchester City,281,England,https://www.transfermarkt.com/manchester-city/startseite/verein/281/saison_id/2017,2017,€91.35m,€317.50m ,€-226.15m ,30,29
Chelsea FC,631,England,https://www.transfermarkt.com/fc-chelsea/startseite/verein/631/saison_id/2017,2017,€194.60m,€260.50m ,€-65.90m ,29,36
Liverpool FC,31,England,https://www.transfermarkt.com/fc-liverpool/startseite/verein/31/saison_id/2017,2017,€184.50m,€173.65m ,+€10.85m,15,13
Manchester United,985,England,https://www.transfermarkt.com/manchester-united/startseite/verein/985/saison_id/2017,2017,€45.50m,€198.40m ,€-152.90m ,11,13
Tottenham Hotspur,148,England,https://www.transfermarkt.com/tottenham-hotspur/startseite/verein/148/saison_id/2017,2017,€103.80m,€121.00m ,€-17.20m ,10,13
Arsenal FC,11,England,https://www.transfermarkt.com/fc-arsenal/startseite/verein/11/saison_id/2017,2017,€162.00m,€152.85m ,+€9.15m,16,10
Everton FC,29,England,https://www.transfermarkt.com/fc-everton/startseite/verein/29/saison_id/2017,2017,€126.38m,€203.20m ,€-76.82m ,20,22
Leicester City,1003,England,https://www.transfermarkt.com/leicester-city/startseite/verein/1003/saison_id/2017,2017,€50.10m,€83.85m ,€-33.75m ,13,14
Southampton FC,180,England,https://www.transfermarkt.com/fc-southampton/startseite/verein/180/saison_id/2017,2017,€98.35m,€61.25m ,+€37.10m,13,11
West Ham United,379,England,https://www.transfermarkt.com/west-ham-united/startseite/verein/379/saison_id/2017,2017,€69.02m,€56.80m ,+€12.22m,23,14
Crystal Palace,873,England,https://www.transfermarkt.com/crystal-palace/startseite/verein/873/saison_id/2017,2017,€3.00m,€48.95m ,€-45.95m ,17,15
Newcastle United,762,England,https://www.transfermarkt.com/newcastle-united/startseite/verein/762/saison_id/2017,2017,€21.22m,€46.50m ,€-25.28m ,26,25
Watford FC,1010,England,https://www.transfermarkt.com/fc-watford/startseite/verein/1010/saison_id/2017,2017,€18.74m,€73.40m ,€-54.66m ,27,30
Stoke City,512,England,https://www.transfermarkt.com/stoke-city/startseite/verein/512/saison_id/2017,2017,€35.14m,€57.70m ,€-22.56m ,17,17
Burnley FC,1132,England,https://www.transfermarkt.com/fc-burnley/startseite/verein/1132/saison_id/2017,2017,€50.00m,€35.74m ,+€14.26m,18,17
West Bromwich Albion,984,England,https://www.transfermarkt.com/west-bromwich-albion/startseite/verein/984/saison_id/2017,2017,€2.05m,€53.50m ,€-51.45m ,10,14
Swansea City,2288,England,https://www.transfermarkt.com/swansea-city/startseite/verein/2288/saison_id/2017,2017,€81.10m,€73.39m ,+€7.72m,24,19
Brighton & Hove Albion,1237,England,https://www.transfermarkt.com/brighton-amp-hove-albion/startseite/verein/1237/saison_id/2017,2017,€400k,€66.50m ,€-66.10m ,20,21
AFC Bournemouth,989,England,https://www.transfermarkt.com/afc-bournemouth/startseite/verein/989/saison_id/2017,2017,0,€34.30m ,€-34.30m ,11,11
Huddersfield Town,1110,England,https://www.transfermarkt.com/huddersfield-town/startseite/verein/1110/saison_id/2017,2017,€6.46m,€56.75m ,€-50.30m ,15,21
Manchester City,281,England,https://www.transfermarkt.com/manchester-city/startseite/verein/281/saison_id/2018,2018,€57.60m,€78.59m ,€-20.99m ,21,18
Liverpool FC,31,England,https://www.transfermarkt.com/fc-liverpool/startseite/verein/31/saison_id/2018,2018,€41.32m,€182.20m ,€-140.88m ,19,15
Chelsea FC,631,England,https://www.transfermarkt.com/fc-chelsea/startseite/verein/631/saison_id/2018,2018,€83.25m,€208.80m ,€-125.55m ,28,27
Tottenham Hotspur,148,England,https://www.transfermarkt.com/tottenham-hotspur/startseite/verein/148/saison_id/2018,2018,€5.35m,                    0                ,+€5.35m,4,4
Manchester United,985,England,https://www.transfermarkt.com/manchester-united/startseite/verein/985/saison_id/2018,2018,€30.55m,€82.70m ,€-52.15m ,9,9
Arsenal FC,11,England,https://www.transfermarkt.com/fc-arsenal/startseite/verein/11/saison_id/2018,2018,€9.10m,€80.15m ,€-71.05m ,12,17
Everton FC,29,England,https://www.transfermarkt.com/fc-everton/startseite/verein/29/saison_id/2018,2018,€28.65m,€99.80m ,€-71.15m ,21,19
Leicester City,1003,England,https://www.transfermarkt.com/leicester-city/startseite/verein/1003/saison_id/2018,2018,€95.80m,€114.60m ,€-18.80m ,18,15
West Ham United,379,England,https://www.transfermarkt.com/west-ham-united/startseite/verein/379/saison_id/2018,2018,€13.77m,€100.90m ,€-87.14m ,12,18
AFC Bournemouth,989,England,https://www.transfermarkt.com/afc-bournemouth/startseite/verein/989/saison_id/2018,2018,€20.20m,€91.60m ,€-71.40m ,16,14
Southampton FC,180,England,https://www.transfermarkt.com/fc-southampton/startseite/verein/180/saison_id/2018,2018,€26.10m,€62.25m ,€-36.15m ,16,15
Wolverhampton Wanderers,543,England,https://www.transfermarkt.com/wolverhampton-wanderers/startseite/verein/543/saison_id/2018,2018,€23.30m,€112.75m ,€-89.45m ,34,27
Crystal Palace,873,England,https://www.transfermarkt.com/crystal-palace/startseite/verein/873/saison_id/2018,2018,€350k,€11.85m ,€-11.50m ,15,11
Fulham FC,931,England,https://www.transfermarkt.com/fc-fulham/startseite/verein/931/saison_id/2018,2018,€5.35m,€116.50m ,€-111.15m ,10,18
Newcastle United,762,England,https://www.transfermarkt.com/newcastle-united/startseite/verein/762/saison_id/2018,2018,€51.05m,€59.75m ,€-8.70m ,22,21
Watford FC,1010,England,https://www.transfermarkt.com/fc-watford/startseite/verein/1010/saison_id/2018,2018,€51.84m,€30.10m ,+€21.74m,25,25
Burnley FC,1132,England,https://www.transfermarkt.com/fc-burnley/startseite/verein/1132/saison_id/2018,2018,€8.00m,€33.00m ,€-25.00m ,9,8
Brighton & Hove Albion,1237,England,https://www.transfermarkt.com/brighton-amp-hove-albion/startseite/verein/1237/saison_id/2018,2018,€13.62m,€87.12m ,€-73.50m ,27,24
Huddersfield Town,1110,England,https://www.transfermarkt.com/huddersfield-town/startseite/verein/1110/saison_id/2018,2018,€12.33m,€50.70m ,€-38.37m ,16,14
Cardiff City,603,England,https://www.transfermarkt.com/cardiff-city/startseite/verein/603/saison_id/2018,2018,0,€40.20m ,€-40.20m ,17,17
Manchester City,281,England,https://www.transfermarkt.com/manchester-city/startseite/verein/281/saison_id/2019,2019,€71.00m,€166.82m ,€-95.82m ,23,22
Liverpool FC,31,England,https://www.transfermarkt.com/fc-liverpool/startseite/verein/31/saison_id/2019,2019,€48.00m,€10.40m ,+€37.60m,15,14
Tottenham Hotspur,148,England,https://www.transfermarkt.com/tottenham-hotspur/startseite/verein/148/saison_id/2019,2019,€64.50m,€150.50m ,€-86.00m ,12,11
Chelsea FC,631,England,https://www.transfermarkt.com/fc-chelsea/startseite/verein/631/saison_id/2019,2019,€157.27m,€45.00m ,+€112.27m,27,21
Manchester United,985,England,https://www.transfermarkt.com/manchester-united/startseite/verein/985/saison_id/2019,2019,€81.18m,€234.80m ,€-153.62m ,11,12
Arsenal FC,11,England,https://www.transfermarkt.com/fc-arsenal/startseite/verein/11/saison_id/2019,2019,€53.65m,€160.80m ,€-107.15m ,18,16
Everton FC,29,England,https://www.transfermarkt.com/fc-everton/startseite/verein/29/saison_id/2019,2019,€87.80m,€121.00m ,€-33.20m ,21,22
Leicester City,1003,England,https://www.transfermarkt.com/leicester-city/startseite/verein/1003/saison_id/2019,2019,€88.50m,€104.30m ,€-15.80m ,12,13
Wolverhampton Wanderers,543,England,https://www.transfermarkt.com/wolverhampton-wanderers/startseite/verein/543/saison_id/2019,2019,€24.10m,€116.70m ,€-92.60m ,21,24
West Ham United,379,England,https://www.transfermarkt.com/west-ham-united/startseite/verein/379/saison_id/2019,2019,€55.48m,€119.80m ,€-64.32m ,17,10
AFC Bournemouth,989,England,https://www.transfermarkt.com/afc-bournemouth/startseite/verein/989/saison_id/2019,2019,€34.63m,€54.91m ,€-20.29m ,11,12
Newcastle United,762,England,https://www.transfermarkt.com/newcastle-united/startseite/verein/762/saison_id/2019,2019,€35.64m,€72.90m ,€-37.26m ,10,12
Aston Villa,405,England,https://www.transfermarkt.com/aston-villa/startseite/verein/405/saison_id/2019,2019,€3.00m,€159.50m ,€-156.50m ,21,23
Southampton FC,180,England,https://www.transfermarkt.com/fc-southampton/startseite/verein/180/saison_id/2019,2019,€27.30m,€61.50m ,€-34.20m ,17,14
Brighton & Hove Albion,1237,England,https://www.transfermarkt.com/brighton-amp-hove-albion/startseite/verein/1237/saison_id/2019,2019,€8.50m,€61.74m ,€-53.24m ,24,24
Watford FC,1010,England,https://www.transfermarkt.com/fc-watford/startseite/verein/1010/saison_id/2019,2019,€25.40m,€56.00m ,€-30.60m ,19,21
Crystal Palace,873,England,https://www.transfermarkt.com/crystal-palace/startseite/verein/873/saison_id/2019,2019,€55.38m,€7.60m ,+€47.78m,15,12
Burnley FC,1132,England,https://www.transfermarkt.com/fc-burnley/startseite/verein/1132/saison_id/2019,2019,€13.55m,€23.85m ,€-10.30m ,9,8
Norwich City,1123,England,https://www.transfermarkt.com/norwich-city/startseite/verein/1123/saison_id/2019,2019,€2.20m,€8.82m ,€-6.62m ,24,19
Sheffield United,350,England,https://www.transfermarkt.com/sheffield-united/startseite/verein/350/saison_id/2019,2019,€350k,€70.50m ,€-70.15m ,19,22
Manchester City,281,England,https://www.transfermarkt.com/manchester-city/startseite/verein/281/saison_id/2020,2020,€64.00m,€173.40m ,€-109.40m ,21,24
Liverpool FC,31,England,https://www.transfermarkt.com/fc-liverpool/startseite/verein/31/saison_id/2020,2020,€17.20m,€84.05m ,€-66.85m ,13,16
Chelsea FC,631,England,https://www.transfermarkt.com/fc-chelsea/startseite/verein/631/saison_id/2020,2020,€57.15m,€247.20m ,€-190.05m ,26,31
Manchester United,985,England,https://www.transfermarkt.com/manchester-united/startseite/verein/985/saison_id/2020,2020,€19.50m,€83.80m ,€-64.30m ,14,13
Tottenham Hotspur,148,England,https://www.transfermarkt.com/tottenham-hotspur/startseite/verein/148/saison_id/2020,2020,€13.30m,€110.50m ,€-97.20m ,11,15
Arsenal FC,11,England,https://www.transfermarkt.com/fc-arsenal/startseite/verein/11/saison_id/2020,2020,€19.15m,€86.00m ,€-66.85m ,16,16
Everton FC,29,England,https://www.transfermarkt.com/fc-everton/startseite/verein/29/saison_id/2020,2020,€4.43m,€74.37m ,€-69.95m ,20,20
Leicester City,1003,England,https://www.transfermarkt.com/leicester-city/startseite/verein/1003/saison_id/2020,2020,€53.77m,€59.40m ,€-5.63m ,15,16
Wolverhampton Wanderers,543,England,https://www.transfermarkt.com/wolverhampton-wanderers/startseite/verein/543/saison_id/2020,2020,€79.20m,€87.59m ,€-8.39m ,20,18
Aston Villa,405,England,https://www.transfermarkt.com/aston-villa/startseite/verein/405/saison_id/2020,2020,€2.77m,€101.35m ,€-98.58m ,16,12
West Ham United,379,England,https://www.transfermarkt.com/west-ham-united/startseite/verein/379/saison_id/2020,2020,€45.41m,€54.70m ,€-9.29m ,17,14
Brighton & Hove Albion,1237,England,https://www.transfermarkt.com/brighton-amp-hove-albion/startseite/verein/1237/saison_id/2020,2020,€20.60m,€28.50m ,€-7.90m ,20,25
Southampton FC,180,England,https://www.transfermarkt.com/fc-southampton/startseite/verein/180/saison_id/2020,2020,€26.30m,€37.30m ,€-11.00m ,17,21
Newcastle United,762,England,https://www.transfermarkt.com/newcastle-united/startseite/verein/762/saison_id/2020,2020,€275k,€39.00m ,€-38.73m ,15,11
Fulham FC,931,England,https://www.transfermarkt.com/fc-fulham/startseite/verein/931/saison_id/2020,2020,0,€37.25m ,€-37.25m ,19,22
Leeds United,399,England,https://www.transfermarkt.com/leeds-united/startseite/verein/399/saison_id/2020,2020,0,€127.80m ,€-127.80m ,15,14
Crystal Palace,873,England,https://www.transfermarkt.com/crystal-palace/startseite/verein/873/saison_id/2020,2020,€20.00m,€22.40m ,€-2.40m ,7,13
Sheffield United,350,England,https://www.transfermarkt.com/sheffield-united/startseite/verein/350/saison_id/2020,2020,0,€62.70m ,€-62.70m ,17,14
West Bromwich Albion,984,England,https://www.transfermarkt.com/west-bromwich-albion/startseite/verein/984/saison_id/2020,2020,€8.10m,€42.14m ,€-34.04m ,21,21
Burnley FC,1132,England,https://www.transfermarkt.com/fc-burnley/startseite/verein/1132/saison_id/2020,2020,€2.30m,€1.10m ,+€1.20m,6,6
Manchester City,281,England,https://www.transfermarkt.com/manchester-city/startseite/verein/281/saison_id/2021,2021,€93.80m,€138.90m ,€-45.10m ,19,19
Liverpool FC,31,England,https://www.transfermarkt.com/fc-liverpool/startseite/verein/31/saison_id/2021,2021,€29.55m,€87.00m ,€-57.45m ,12,14
Chelsea FC,631,England,https://www.transfermarkt.com/fc-chelsea/startseite/verein/631/saison_id/2021,2021,€148.94m,€118.00m ,+€30.94m,23,21
Manchester United,985,England,https://www.transfermarkt.com/manchester-united/startseite/verein/985/saison_id/2021,2021,€31.10m,€142.00m ,€-110.90m ,12,16
Tottenham Hotspur,148,England,https://www.transfermarkt.com/tottenham-hotspur/startseite/verein/148/saison_id/2021,2021,€34.62m,€95.90m ,€-61.28m ,18,14
Arsenal FC,11,England,https://www.transfermarkt.com/fc-arsenal/startseite/verein/11/saison_id/2021,2021,€31.40m,€167.40m ,€-136.00m ,19,12
Leicester City,1003,England,https://www.transfermarkt.com/leicester-city/startseite/verein/1003/saison_id/2021,2021,€4.00m,€67.60m ,€-63.60m ,10,11
Aston Villa,405,England,https://www.transfermarkt.com/aston-villa/startseite/verein/405/saison_id/2021,2021,€127.00m,€129.80m ,€-2.80m ,17,20
Everton FC,29,England,https://www.transfermarkt.com/fc-everton/startseite/verein/29/saison_id/2021,2021,€46.00m,€39.50m ,+€6.50m,15,14
Wolverhampton Wanderers,543,England,https://www.transfermarkt.com/wolverhampton-wanderers/startseite/verein/543/saison_id/2021,2021,€31.80m,€37.60m ,€-5.80m ,19,23
West Ham United,379,England,https://www.transfermarkt.com/west-ham-united/startseite/verein/379/saison_id/2021,2021,€4.24m,€74.50m ,€-70.27m ,6,9
Brighton & Hove Albion,1237,England,https://www.transfermarkt.com/brighton-amp-hove-albion/startseite/verein/1237/saison_id/2021,2021,€78.50m,€75.00m ,+€3.50m,27,23
Newcastle United,762,England,https://www.transfermarkt.com/newcastle-united/startseite/verein/762/saison_id/2021,2021,0,€130.50m ,€-130.50m ,10,12
Leeds United,399,England,https://www.transfermarkt.com/leeds-united/startseite/verein/399/saison_id/2021,2021,0,€59.30m ,€-59.30m ,14,11
Southampton FC,180,England,https://www.transfermarkt.com/fc-southampton/startseite/verein/180/saison_id/2021,2021,€60.35m,€43.10m ,+€17.25m,13,10
Brentford FC,1148,England,https://www.transfermarkt.com/fc-brentford/startseite/verein/1148/saison_id/2021,2021,€1.00m,€36.70m ,€-35.70m ,13,17
Crystal Palace,873,England,https://www.transfermarkt.com/crystal-palace/startseite/verein/873/saison_id/2021,2021,0,€85.62m ,€-85.62m ,15,11
Norwich City,1123,England,https://www.transfermarkt.com/norwich-city/startseite/verein/1123/saison_id/2021,2021,€38.40m,€63.55m ,€-25.15m ,27,30
Watford FC,1010,England,https://www.transfermarkt.com/fc-watford/startseite/verein/1010/saison_id/2021,2021,€12.85m,€43.50m ,€-30.65m ,27,28
Burnley FC,1132,England,https://www.transfermarkt.com/fc-burnley/startseite/verein/1132/saison_id/2021,2021,€40.50m,€49.40m ,€-8.90m ,6,8
FC Barcelona,131,Spain,https://www.transfermarkt.com/fc-barcelona/startseite/verein/131/saison_id/2015,2015,€38.30m,€51.00m ,€-12.70m ,9,11
Real Madrid,418,Spain,https://www.transfermarkt.com/real-madrid/startseite/verein/418/saison_id/2015,2015,€31.65m,€92.90m ,€-61.25m ,12,12
Atlético de Madrid,13,Spain,https://www.transfermarkt.com/atletico-madrid/startseite/verein/13/saison_id/2015,2015,€152.00m,€119.00m ,+€33.00m,23,21
Valencia CF,1049,Spain,https://www.transfermarkt.com/fc-valencia/startseite/verein/1049/saison_id/2015,2015,€50.00m,€143.90m ,€-93.90m ,15,20
Sevilla FC,368,Spain,https://www.transfermarkt.com/fc-sevilla/startseite/verein/368/saison_id/2015,2015,€61.45m,€44.00m ,+€17.45m,20,22
Athletic Bilbao,621,Spain,https://www.transfermarkt.com/athletic-bilbao/startseite/verein/621/saison_id/2015,2015,0,€10.00m ,€-10.00m ,15,13
Villarreal CF,1050,Spain,https://www.transfermarkt.com/fc-villarreal/startseite/verein/1050/saison_id/2015,2015,€37.56m,€47.20m ,€-9.64m ,18,19
Real Sociedad,681,Spain,https://www.transfermarkt.com/real-sociedad-san-sebastian/startseite/verein/681/saison_id/2015,2015,€1.00m,€26.10m ,€-25.10m ,14,17
Celta de Vigo,940,Spain,https://www.transfermarkt.com/celta-vigo/startseite/verein/940/saison_id/2015,2015,€18.50m,€16.30m ,+€2.20m,12,10
Málaga CF,1084,Spain,https://www.transfermarkt.com/fc-malaga/startseite/verein/1084/saison_id/2015,2015,€46.80m,€8.65m ,+€38.15m,18,20
Granada CF,16795,Spain,https://www.transfermarkt.com/fc-granada/startseite/verein/16795/saison_id/2015,2015,€11.17m,€3.85m ,+€7.32m,40,37
RCD Espanyol Barcelona,714,Spain,https://www.transfermarkt.com/espanyol-barcelona/startseite/verein/714/saison_id/2015,2015,€15.20m,€4.45m ,+€10.75m,18,24
Deportivo de La Coruña,897,Spain,https://www.transfermarkt.com/deportivo-la-coruna/startseite/verein/897/saison_id/2015,2015,0,€8.00m ,€-8.00m ,20,18
SD Eibar,1533,Spain,https://www.transfermarkt.com/sd-eibar/startseite/verein/1533/saison_id/2015,2015,0,€3.70m ,€-3.70m ,26,26
Real Betis Balompié,150,Spain,https://www.transfermarkt.com/real-betis-sevilla/startseite/verein/150/saison_id/2015,2015,€1.05m,€8.85m ,€-7.80m ,18,21
Sporting Gijón,2448,Spain,https://www.transfermarkt.com/sporting-gijon/startseite/verein/2448/saison_id/2015,2015,0,                    0                ,-0,7,9
Levante UD,3368,Spain,https://www.transfermarkt.com/ud-levante/startseite/verein/3368/saison_id/2015,2015,0,€6.55m ,€-6.55m ,15,16
Rayo Vallecano,367,Spain,https://www.transfermarkt.com/rayo-vallecano/startseite/verein/367/saison_id/2015,2015,0,€400k ,€-400k ,17,18
Getafe CF,3709,Spain,https://www.transfermarkt.com/fc-getafe/startseite/verein/3709/saison_id/2015,2015,€4.10m,€270k ,+€3.83m,12,14
UD Las Palmas,472,Spain,https://www.transfermarkt.com/ud-las-palmas/startseite/verein/472/saison_id/2015,2015,0,€6.40m ,€-6.40m ,16,16
Real Madrid,418,Spain,https://www.transfermarkt.com/real-madrid/startseite/verein/418/saison_id/2016,2016,€37.50m,€30.00m ,+€7.50m,12,14
FC Barcelona,131,Spain,https://www.transfermarkt.com/fc-barcelona/startseite/verein/131/saison_id/2016,2016,€33.80m,€124.75m ,€-90.95m ,13,11
Atlético de Madrid,13,Spain,https://www.transfermarkt.com/atletico-madrid/startseite/verein/13/saison_id/2016,2016,€44.00m,€78.80m ,€-34.80m ,21,22
Sevilla FC,368,Spain,https://www.transfermarkt.com/fc-sevilla/startseite/verein/368/saison_id/2016,2016,€93.45m,€81.70m ,+€11.75m,18,17
Valencia CF,1049,Spain,https://www.transfermarkt.com/fc-valencia/startseite/verein/1049/saison_id/2016,2016,€121.90m,€36.00m ,+€85.90m,18,16
Villarreal CF,1050,Spain,https://www.transfermarkt.com/fc-villarreal/startseite/verein/1050/saison_id/2016,2016,€67.25m,€55.95m ,+€11.30m,19,21
Athletic Bilbao,621,Spain,https://www.transfermarkt.com/athletic-bilbao/startseite/verein/621/saison_id/2016,2016,0,                    0                ,-0,13,15
Real Sociedad,681,Spain,https://www.transfermarkt.com/real-sociedad-san-sebastian/startseite/verein/681/saison_id/2016,2016,€11.00m,€18.00m ,€-7.00m ,12,12
Celta de Vigo,940,Spain,https://www.transfermarkt.com/celta-vigo/startseite/verein/940/saison_id/2016,2016,€19.80m,€8.40m ,+€11.40m,7,11
Deportivo de La Coruña,897,Spain,https://www.transfermarkt.com/deportivo-la-coruna/startseite/verein/897/saison_id/2016,2016,€20.00m,€7.00m ,+€13.00m,23,23
Deportivo Alavés,1108,Spain,https://www.transfermarkt.com/deportivo-alaves/startseite/verein/1108/saison_id/2016,2016,0,€6.33m ,€-6.33m ,18,19
Málaga CF,1084,Spain,https://www.transfermarkt.com/fc-malaga/startseite/verein/1084/saison_id/2016,2016,0,€12.54m ,€-12.54m ,16,19
UD Las Palmas,472,Spain,https://www.transfermarkt.com/ud-las-palmas/startseite/verein/472/saison_id/2016,2016,€200k,€2.90m ,€-2.70m ,17,15
Real Betis Balompié,150,Spain,https://www.transfermarkt.com/real-betis-sevilla/startseite/verein/150/saison_id/2016,2016,€8.00m,€20.90m ,€-12.90m ,24,21
RCD Espanyol Barcelona,714,Spain,https://www.transfermarkt.com/espanyol-barcelona/startseite/verein/714/saison_id/2016,2016,€6.00m,€18.40m ,€-12.40m ,22,20
SD Eibar,1533,Spain,https://www.transfermarkt.com/sd-eibar/startseite/verein/1533/saison_id/2016,2016,€5.00m,€8.60m ,€-3.60m ,22,21
Granada CF,16795,Spain,https://www.transfermarkt.com/fc-granada/startseite/verein/16795/saison_id/2016,2016,€31.60m,€11.58m ,+€20.03m,39,38
CD Leganés,1244,Spain,https://www.transfermarkt.com/cd-leganes/startseite/verein/1244/saison_id/2016,2016,€200k,€5.45m ,€-5.25m ,19,22
Sporting Gijón,2448,Spain,https://www.transfermarkt.com/sporting-gijon/startseite/verein/2448/saison_id/2016,2016,0,€1.00m ,€-1.00m ,14,16
CA Osasuna,331,Spain,https://www.transfermarkt.com/ca-osasuna/startseite/verein/331/saison_id/2016,2016,€3.75m,€2.20m ,+€1.55m,9,15
FC Barcelona,131,Spain,https://www.transfermarkt.com/fc-barcelona/startseite/verein/131/saison_id/2017,2017,€232.50m,€380.10m ,€-147.60m ,12,13
Real Madrid,418,Spain,https://www.transfermarkt.com/real-madrid/startseite/verein/418/saison_id/2017,2017,€132.50m,€40.50m ,+€92.00m,10,9
Atlético de Madrid,13,Spain,https://www.transfermarkt.com/atletico-madrid/startseite/verein/13/saison_id/2017,2017,€104.00m,€95.60m ,+€8.40m,20,16
Valencia CF,1049,Spain,https://www.transfermarkt.com/fc-valencia/startseite/verein/1049/saison_id/2017,2017,€16.55m,€55.00m ,€-38.45m ,22,23
Sevilla FC,368,Spain,https://www.transfermarkt.com/fc-sevilla/startseite/verein/368/saison_id/2017,2017,€81.60m,€78.05m ,+€3.55m,15,17
Athletic Bilbao,621,Spain,https://www.transfermarkt.com/athletic-bilbao/startseite/verein/621/saison_id/2017,2017,€65.00m,€32.00m ,+€33.00m,9,9
Real Sociedad,681,Spain,https://www.transfermarkt.com/real-sociedad-san-sebastian/startseite/verein/681/saison_id/2017,2017,€53.00m,€25.50m ,+€27.50m,14,14
Villarreal CF,1050,Spain,https://www.transfermarkt.com/fc-villarreal/startseite/verein/1050/saison_id/2017,2017,€68.00m,€46.10m ,+€21.90m,14,16
Celta de Vigo,940,Spain,https://www.transfermarkt.com/celta-vigo/startseite/verein/940/saison_id/2017,2017,€13.20m,€26.80m ,€-13.60m ,18,15
Real Betis Balompié,150,Spain,https://www.transfermarkt.com/real-betis-sevilla/startseite/verein/150/saison_id/2017,2017,€27.07m,€38.50m ,€-11.43m ,22,21
RCD Espanyol Barcelona,714,Spain,https://www.transfermarkt.com/espanyol-barcelona/startseite/verein/714/saison_id/2017,2017,€10.50m,€17.05m ,€-6.55m ,17,17
UD Las Palmas,472,Spain,https://www.transfermarkt.com/ud-las-palmas/startseite/verein/472/saison_id/2017,2017,€25.70m,€350k ,+€25.35m,21,23
Girona FC,12321,Spain,https://www.transfermarkt.com/fc-girona/startseite/verein/12321/saison_id/2017,2017,0,€8.75m ,€-8.75m ,21,20
Deportivo Alavés,1108,Spain,https://www.transfermarkt.com/deportivo-alaves/startseite/verein/1108/saison_id/2017,2017,€7.50m,€12.33m ,€-4.83m ,21,21
Deportivo de La Coruña,897,Spain,https://www.transfermarkt.com/deportivo-la-coruna/startseite/verein/897/saison_id/2017,2017,€5.50m,€9.50m ,€-4.00m ,19,21
Getafe CF,3709,Spain,https://www.transfermarkt.com/fc-getafe/startseite/verein/3709/saison_id/2017,2017,€1.60m,€12.90m ,€-11.30m ,23,26
Levante UD,3368,Spain,https://www.transfermarkt.com/ud-levante/startseite/verein/3368/saison_id/2017,2017,€13.85m,€10.00m ,+€3.85m,17,23
SD Eibar,1533,Spain,https://www.transfermarkt.com/sd-eibar/startseite/verein/1533/saison_id/2017,2017,€10.00m,€10.25m ,€-250k ,19,22
CD Leganés,1244,Spain,https://www.transfermarkt.com/cd-leganes/startseite/verein/1244/saison_id/2017,2017,€130k,€6.55m ,€-6.42m ,22,19
Málaga CF,1084,Spain,https://www.transfermarkt.com/fc-malaga/startseite/verein/1084/saison_id/2017,2017,€33.40m,€10.50m ,+€22.90m,25,25
FC Barcelona,131,Spain,https://www.transfermarkt.com/fc-barcelona/startseite/verein/131/saison_id/2018,2018,€146.05m,€141.10m ,+€4.95m,18,19
Atlético de Madrid,13,Spain,https://www.transfermarkt.com/atletico-madrid/startseite/verein/13/saison_id/2018,2018,€57.90m,€168.00m ,€-110.10m ,15,19
Real Madrid,418,Spain,https://www.transfermarkt.com/real-madrid/startseite/verein/418/saison_id/2018,2018,€136.10m,€164.75m ,€-28.65m ,14,16
Valencia CF,1049,Spain,https://www.transfermarkt.com/fc-valencia/startseite/verein/1049/saison_id/2018,2018,€68.80m,€129.20m ,€-60.40m ,22,22
Sevilla FC,368,Spain,https://www.transfermarkt.com/fc-sevilla/startseite/verein/368/saison_id/2018,2018,€93.80m,€81.05m ,+€12.75m,21,20
Real Sociedad,681,Spain,https://www.transfermarkt.com/real-sociedad-san-sebastian/startseite/verein/681/saison_id/2018,2018,€32.80m,€12.00m ,+€20.80m,13,12
Real Betis Balompié,150,Spain,https://www.transfermarkt.com/real-betis-sevilla/startseite/verein/150/saison_id/2018,2018,€49.30m,€44.50m ,+€4.80m,19,19
Athletic Bilbao,621,Spain,https://www.transfermarkt.com/athletic-bilbao/startseite/verein/621/saison_id/2018,2018,€80.00m,€32.90m ,+€47.10m,9,11
Celta de Vigo,940,Spain,https://www.transfermarkt.com/celta-vigo/startseite/verein/940/saison_id/2018,2018,€35.70m,€30.00m ,+€5.70m,18,23
Villarreal CF,1050,Spain,https://www.transfermarkt.com/fc-villarreal/startseite/verein/1050/saison_id/2018,2018,€54.80m,€92.90m ,€-38.10m ,21,23
RCD Espanyol Barcelona,714,Spain,https://www.transfermarkt.com/espanyol-barcelona/startseite/verein/714/saison_id/2018,2018,€30.80m,€22.10m ,+€8.70m,13,13
Getafe CF,3709,Spain,https://www.transfermarkt.com/fc-getafe/startseite/verein/3709/saison_id/2018,2018,€5.00m,€27.25m ,€-22.25m ,27,27
CD Leganés,1244,Spain,https://www.transfermarkt.com/cd-leganes/startseite/verein/1244/saison_id/2018,2018,€24.60m,€18.90m ,+€5.70m,26,29
Deportivo Alavés,1108,Spain,https://www.transfermarkt.com/deportivo-alaves/startseite/verein/1108/saison_id/2018,2018,€9.00m,€10.00m ,€-1.00m ,23,24
Levante UD,3368,Spain,https://www.transfermarkt.com/ud-levante/startseite/verein/3368/saison_id/2018,2018,€41.50m,€26.70m ,+€14.80m,21,17
Girona FC,12321,Spain,https://www.transfermarkt.com/fc-girona/startseite/verein/12321/saison_id/2018,2018,€3.30m,€10.20m ,€-6.90m ,11,11
SD Eibar,1533,Spain,https://www.transfermarkt.com/sd-eibar/startseite/verein/1533/saison_id/2018,2018,€7.75m,€8.00m ,€-250k ,17,15
Rayo Vallecano,367,Spain,https://www.transfermarkt.com/rayo-vallecano/startseite/verein/367/saison_id/2018,2018,€13.00m,€12.30m ,+€700k,27,27
Real Valladolid CF,366,Spain,https://www.transfermarkt.com/real-valladolid/startseite/verein/366/saison_id/2018,2018,0,€10.10m ,€-10.10m ,22,21
SD Huesca,5358,Spain,https://www.transfermarkt.com/sd-huesca/startseite/verein/5358/saison_id/2018,2018,€400k,€9.30m ,€-8.90m ,22,21
FC Barcelona,131,Spain,https://www.transfermarkt.com/fc-barcelona/startseite/verein/131/saison_id/2019,2019,€152.90m,€298.50m ,€-145.60m ,22,20
Real Madrid,418,Spain,https://www.transfermarkt.com/real-madrid/startseite/verein/418/saison_id/2019,2019,€136.80m,€355.50m ,€-218.70m ,19,22
Atlético de Madrid,13,Spain,https://www.transfermarkt.com/atletico-madrid/startseite/verein/13/saison_id/2019,2019,€316.30m,€247.35m ,+€68.95m,19,20
Valencia CF,1049,Spain,https://www.transfermarkt.com/fc-valencia/startseite/verein/1049/saison_id/2019,2019,€56.30m,€75.00m ,€-18.70m ,19,24
Real Sociedad,681,Spain,https://www.transfermarkt.com/real-sociedad-san-sebastian/startseite/verein/681/saison_id/2019,2019,€9.50m,€31.75m ,€-22.25m ,14,13
Sevilla FC,368,Spain,https://www.transfermarkt.com/fc-sevilla/startseite/verein/368/saison_id/2019,2019,€131.45m,€188.73m ,€-57.28m ,29,30
Real Betis Balompié,150,Spain,https://www.transfermarkt.com/real-betis-sevilla/startseite/verein/150/saison_id/2019,2019,€72.00m,€96.45m ,€-24.45m ,18,21
Athletic Bilbao,621,Spain,https://www.transfermarkt.com/athletic-bilbao/startseite/verein/621/saison_id/2019,2019,0,                    0                ,-0,12,10
Villarreal CF,1050,Spain,https://www.transfermarkt.com/fc-villarreal/startseite/verein/1050/saison_id/2019,2019,€69.30m,€43.80m ,+€25.50m,20,19
Getafe CF,3709,Spain,https://www.transfermarkt.com/fc-getafe/startseite/verein/3709/saison_id/2019,2019,€11.25m,€21.50m ,€-10.25m ,19,21
Celta de Vigo,940,Spain,https://www.transfermarkt.com/celta-vigo/startseite/verein/940/saison_id/2019,2019,€40.65m,€24.60m ,+€16.05m,16,18
RCD Espanyol Barcelona,714,Spain,https://www.transfermarkt.com/espanyol-barcelona/startseite/verein/714/saison_id/2019,2019,€60.00m,€61.50m ,€-1.50m ,15,18
CD Leganés,1244,Spain,https://www.transfermarkt.com/cd-leganes/startseite/verein/1244/saison_id/2019,2019,€40.82m,€16.45m ,+€24.37m,33,30
Deportivo Alavés,1108,Spain,https://www.transfermarkt.com/deportivo-alaves/startseite/verein/1108/saison_id/2019,2019,€22.50m,€11.77m ,+€10.73m,26,27
Levante UD,3368,Spain,https://www.transfermarkt.com/ud-levante/startseite/verein/3368/saison_id/2019,2019,€14.90m,€14.60m ,+€300k,20,21
Real Valladolid CF,366,Spain,https://www.transfermarkt.com/real-valladolid/startseite/verein/366/saison_id/2019,2019,€8.00m,€1.40m ,+€6.60m,22,21
RCD Mallorca,237,Spain,https://www.transfermarkt.com/rcd-mallorca/startseite/verein/237/saison_id/2019,2019,0,€7.50m ,€-7.50m ,26,31
CA Osasuna,331,Spain,https://www.transfermarkt.com/ca-osasuna/startseite/verein/331/saison_id/2019,2019,€300k,€14.45m ,€-14.15m ,16,21
Granada CF,16795,Spain,https://www.transfermarkt.com/fc-granada/startseite/verein/16795/saison_id/2019,2019,€300k,€11.24m ,€-10.94m ,16,20
SD Eibar,1533,Spain,https://www.transfermarkt.com/sd-eibar/startseite/verein/1533/saison_id/2019,2019,€27.00m,€17.30m ,+€9.70m,16,18
FC Barcelona,131,Spain,https://www.transfermarkt.com/fc-barcelona/startseite/verein/131/saison_id/2020,2020,€149.80m,€112.00m ,+€37.80m,14,18
Real Madrid,418,Spain,https://www.transfermarkt.com/real-madrid/startseite/verein/418/saison_id/2020,2020,€104.20m,                    0                ,+€104.20m,18,14
Atlético de Madrid,13,Spain,https://www.transfermarkt.com/atletico-madrid/startseite/verein/13/saison_id/2020,2020,€83.30m,€91.00m ,€-7.70m ,14,14
Sevilla FC,368,Spain,https://www.transfermarkt.com/fc-sevilla/startseite/verein/368/saison_id/2020,2020,€19.68m,€74.35m ,€-54.67m ,19,22
Real Sociedad,681,Spain,https://www.transfermarkt.com/real-sociedad-san-sebastian/startseite/verein/681/saison_id/2020,2020,€28.25m,€10.00m ,+€18.25m,7,11
Villarreal CF,1050,Spain,https://www.transfermarkt.com/fc-villarreal/startseite/verein/1050/saison_id/2020,2020,€26.65m,€36.50m ,€-9.85m ,20,24
Valencia CF,1049,Spain,https://www.transfermarkt.com/fc-valencia/startseite/verein/1049/saison_id/2020,2020,€87.85m,€50k ,+€87.80m,13,14
Real Betis Balompié,150,Spain,https://www.transfermarkt.com/real-betis-sevilla/startseite/verein/150/saison_id/2020,2020,€43.70m,                    0                ,+€43.70m,14,16
Athletic Bilbao,621,Spain,https://www.transfermarkt.com/athletic-bilbao/startseite/verein/621/saison_id/2020,2020,0,€12.00m ,€-12.00m ,9,12
Getafe CF,3709,Spain,https://www.transfermarkt.com/fc-getafe/startseite/verein/3709/saison_id/2020,2020,€9.75m,€22.05m ,€-12.30m ,23,21
Celta de Vigo,940,Spain,https://www.transfermarkt.com/celta-vigo/startseite/verein/940/saison_id/2020,2020,€2.50m,€3.00m ,€-500k ,12,10
Granada CF,16795,Spain,https://www.transfermarkt.com/fc-granada/startseite/verein/16795/saison_id/2020,2020,0,€20.50m ,€-20.50m ,13,13
Levante UD,3368,Spain,https://www.transfermarkt.com/ud-levante/startseite/verein/3368/saison_id/2020,2020,€5.00m,€4.00m ,+€1.00m,14,15
CA Osasuna,331,Spain,https://www.transfermarkt.com/ca-osasuna/startseite/verein/331/saison_id/2020,2020,€3.45m,€9.15m ,€-5.70m ,15,15
SD Eibar,1533,Spain,https://www.transfermarkt.com/sd-eibar/startseite/verein/1533/saison_id/2020,2020,€150k,€2.00m ,€-1.85m ,13,13
Deportivo Alavés,1108,Spain,https://www.transfermarkt.com/deportivo-alaves/startseite/verein/1108/saison_id/2020,2020,€4.88m,                    0                ,+€4.88m,24,23
SD Huesca,5358,Spain,https://www.transfermarkt.com/sd-huesca/startseite/verein/5358/saison_id/2020,2020,0,€4.65m ,€-4.65m ,18,20
Real Valladolid CF,366,Spain,https://www.transfermarkt.com/real-valladolid/startseite/verein/366/saison_id/2020,2020,€12.10m,€9.85m ,+€2.25m,22,28
Cádiz CF,2687,Spain,https://www.transfermarkt.com/fc-cadiz/startseite/verein/2687/saison_id/2020,2020,0,€10.10m ,€-10.10m ,29,30
Elche CF,1531,Spain,https://www.transfermarkt.com/fc-elche/startseite/verein/1531/saison_id/2020,2020,€7.30m,€6.10m ,+€1.20m,19,21
Real Madrid,418,Spain,https://www.transfermarkt.com/real-madrid/startseite/verein/418/saison_id/2021,2021,€78.00m,€31.00m ,+€47.00m,7,10
FC Barcelona,131,Spain,https://www.transfermarkt.com/fc-barcelona/startseite/verein/131/saison_id/2021,2021,€70.76m,€69.50m ,+€1.26m,17,19
Atlético de Madrid,13,Spain,https://www.transfermarkt.com/atletico-madrid/startseite/verein/13/saison_id/2021,2021,€22.75m,€80.70m ,€-57.95m ,18,18
Villarreal CF,1050,Spain,https://www.transfermarkt.com/fc-villarreal/startseite/verein/1050/saison_id/2021,2021,€10.38m,€54.50m ,€-44.13m ,18,20
Sevilla FC,368,Spain,https://www.transfermarkt.com/fc-sevilla/startseite/verein/368/saison_id/2021,2021,€28.50m,€41.50m ,€-13.00m ,17,17
Real Sociedad,681,Spain,https://www.transfermarkt.com/real-sociedad-san-sebastian/startseite/verein/681/saison_id/2021,2021,0,€2.50m ,€-2.50m ,9,7
Valencia CF,1049,Spain,https://www.transfermarkt.com/fc-valencia/startseite/verein/1049/saison_id/2021,2021,€2.70m,€13.35m ,€-10.65m ,15,15
Real Betis Balompié,150,Spain,https://www.transfermarkt.com/real-betis-sevilla/startseite/verein/150/saison_id/2021,2021,€14.00m,€3.25m ,+€10.75m,8,9
Athletic Bilbao,621,Spain,https://www.transfermarkt.com/athletic-bilbao/startseite/verein/621/saison_id/2021,2021,0,                    0                ,-0,9,6
Getafe CF,3709,Spain,https://www.transfermarkt.com/fc-getafe/startseite/verein/3709/saison_id/2021,2021,€21.00m,€16.00m ,+€5.00m,19,22
RCD Espanyol Barcelona,714,Spain,https://www.transfermarkt.com/espanyol-barcelona/startseite/verein/714/saison_id/2021,2021,0,€6.00m ,€-6.00m ,8,11
Celta de Vigo,940,Spain,https://www.transfermarkt.com/celta-vigo/startseite/verein/940/saison_id/2021,2021,€1.80m,€10.02m ,€-8.22m ,16,13
CA Osasuna,331,Spain,https://www.transfermarkt.com/ca-osasuna/startseite/verein/331/saison_id/2021,2021,0,€8.70m ,€-8.70m ,15,14
Granada CF,16795,Spain,https://www.transfermarkt.com/fc-granada/startseite/verein/16795/saison_id/2021,2021,€3.00m,€17.45m ,€-14.45m ,17,20
Levante UD,3368,Spain,https://www.transfermarkt.com/ud-levante/startseite/verein/3368/saison_id/2021,2021,0,€875k ,€-875k ,10,13
RCD Mallorca,237,Spain,https://www.transfermarkt.com/rcd-mallorca/startseite/verein/237/saison_id/2021,2021,€9.00m,€10.00m ,€-1.00m ,22,21
Elche CF,1531,Spain,https://www.transfermarkt.com/fc-elche/startseite/verein/1531/saison_id/2021,2021,€2.10m,€8.20m ,€-6.10m ,19,19
Cádiz CF,2687,Spain,https://www.transfermarkt.com/fc-cadiz/startseite/verein/2687/saison_id/2021,2021,0,€6.10m ,€-6.10m ,22,24
Rayo Vallecano,367,Spain,https://www.transfermarkt.com/rayo-vallecano/startseite/verein/367/saison_id/2021,2021,€2.20m,€4.30m ,€-2.10m ,19,16
Deportivo Alavés,1108,Spain,https://www.transfermarkt.com/deportivo-alaves/startseite/verein/1108/saison_id/2021,2021,€3.50m,€1.15m ,+€2.35m,22,24
Juventus FC,506,Italy,https://www.transfermarkt.com/juventus-turin/startseite/verein/506/saison_id/2015,2015,€81.28m,€185.50m ,€-104.22m ,72,78
AS Roma,12,Italy,https://www.transfermarkt.com/as-rom/startseite/verein/12/saison_id/2015,2015,€134.25m,€60.85m ,+€73.40m,55,58
SSC Napoli,6195,Italy,https://www.transfermarkt.com/ssc-neapel/startseite/verein/6195/saison_id/2015,2015,€18.29m,€42.70m ,€-24.41m ,33,34
Inter Milan,46,Italy,https://www.transfermarkt.com/inter-mailand/startseite/verein/46/saison_id/2015,2015,€115.32m,€102.45m ,+€12.87m,68,58
AC Milan,5,Italy,https://www.transfermarkt.com/ac-mailand/startseite/verein/5/saison_id/2015,2015,€11.16m,€102.28m ,€-91.12m ,51,48
ACF Fiorentina,430,Italy,https://www.transfermarkt.com/ac-florenz/startseite/verein/430/saison_id/2015,2015,€26.85m,€24.90m ,+€1.95m,48,42
SS Lazio,398,Italy,https://www.transfermarkt.com/lazio-rom/startseite/verein/398/saison_id/2015,2015,€2.37m,€31.25m ,€-28.88m ,33,35
UC Sampdoria,1038,Italy,https://www.transfermarkt.com/sampdoria-genua/startseite/verein/1038/saison_id/2015,2015,€16.82m,€34.67m ,€-17.85m ,57,59
Genoa CFC,252,Italy,https://www.transfermarkt.com/genua-cfc/startseite/verein/252/saison_id/2015,2015,€43.15m,€16.70m ,+€26.45m,47,51
US Sassuolo,6574,Italy,https://www.transfermarkt.com/us-sassuolo/startseite/verein/6574/saison_id/2015,2015,€25.00m,€30.70m ,€-5.70m ,27,21
Udinese Calcio,410,Italy,https://www.transfermarkt.com/udinese-calcio/startseite/verein/410/saison_id/2015,2015,€74.12m,€21.42m ,+€52.70m,56,61
Torino FC,416,Italy,https://www.transfermarkt.com/fc-turin/startseite/verein/416/saison_id/2015,2015,€19.75m,€28.05m ,€-8.30m ,38,40
Atalanta BC,800,Italy,https://www.transfermarkt.com/atalanta-bergamo/startseite/verein/800/saison_id/2015,2015,€37.95m,€26.68m ,+€11.27m,63,72
Bologna FC 1909,1025,Italy,https://www.transfermarkt.com/fc-bologna/startseite/verein/1025/saison_id/2015,2015,€800k,€26.63m ,€-25.83m ,42,44
Empoli FC ,749,Italy,https://www.transfermarkt.com/fc-empoli/startseite/verein/749/saison_id/2015,2015,€11.50m,€6.35m ,+€5.15m,32,33
US Palermo,458,Italy,https://www.transfermarkt.com/palermo-fc/startseite/verein/458/saison_id/2015,2015,€52.90m,€12.25m ,+€40.65m,41,41
Carpi FC 1909,4102,Italy,https://www.transfermarkt.com/carpi-fc-1909/startseite/verein/4102/saison_id/2015,2015,€275k,€300k ,€-25k ,39,41
Chievo Verona,862,Italy,https://www.transfermarkt.com/chievo-verona/startseite/verein/862/saison_id/2015,2015,€15.40m,€6.13m ,+€9.27m,64,70
Hellas Verona,276,Italy,https://www.transfermarkt.com/hellas-verona/startseite/verein/276/saison_id/2015,2015,€2.05m,€6.30m ,€-4.25m ,51,48
Frosinone Calcio,8970,Italy,https://www.transfermarkt.com/frosinone-calcio/startseite/verein/8970/saison_id/2015,2015,€200k,€400k ,€-200k ,22,22
Juventus FC,506,Italy,https://www.transfermarkt.com/juventus-turin/startseite/verein/506/saison_id/2016,2016,€176.93m,€170.23m ,+€6.70m,72,78
SSC Napoli,6195,Italy,https://www.transfermarkt.com/ssc-neapel/startseite/verein/6195/saison_id/2016,2016,€116.81m,€99.09m ,+€17.72m,35,38
AS Roma,12,Italy,https://www.transfermarkt.com/as-rom/startseite/verein/12/saison_id/2016,2016,€43.43m,€102.50m ,€-59.07m ,52,54
Inter Milan,46,Italy,https://www.transfermarkt.com/inter-mailand/startseite/verein/46/saison_id/2016,2016,€18.50m,€164.63m ,€-146.13m ,48,59
AC Milan,5,Italy,https://www.transfermarkt.com/ac-mailand/startseite/verein/5/saison_id/2016,2016,€25.15m,€29.56m ,€-4.41m ,28,31
SS Lazio,398,Italy,https://www.transfermarkt.com/lazio-rom/startseite/verein/398/saison_id/2016,2016,€28.70m,€32.70m ,€-4.00m ,33,27
ACF Fiorentina,430,Italy,https://www.transfermarkt.com/ac-florenz/startseite/verein/430/saison_id/2016,2016,€31.05m,€15.73m ,+€15.32m,42,44
Torino FC,416,Italy,https://www.transfermarkt.com/fc-turin/startseite/verein/416/saison_id/2016,2016,€26.43m,€28.77m ,€-2.35m ,42,46
Atalanta BC,800,Italy,https://www.transfermarkt.com/atalanta-bergamo/startseite/verein/800/saison_id/2016,2016,€41.33m,€15.94m ,+€25.39m,62,68
US Sassuolo,6574,Italy,https://www.transfermarkt.com/us-sassuolo/startseite/verein/6574/saison_id/2016,2016,€27.80m,€27.51m ,+€292k,22,25
UC Sampdoria,1038,Italy,https://www.transfermarkt.com/sampdoria-genua/startseite/verein/1038/saison_id/2016,2016,€80.70m,€39.65m ,+€41.05m,53,50
Genoa CFC,252,Italy,https://www.transfermarkt.com/genua-cfc/startseite/verein/252/saison_id/2016,2016,€50.30m,€27.20m ,+€23.10m,54,52
Udinese Calcio,410,Italy,https://www.transfermarkt.com/udinese-calcio/startseite/verein/410/saison_id/2016,2016,€32.23m,€26.50m ,+€5.73m,55,60
Bologna FC 1909,1025,Italy,https://www.transfermarkt.com/fc-bologna/startseite/verein/1025/saison_id/2016,2016,€16.98m,€31.30m ,€-14.32m ,37,36
Cagliari Calcio,1390,Italy,https://www.transfermarkt.com/cagliari-calcio/startseite/verein/1390/saison_id/2016,2016,€11.62m,€9.72m ,+€1.90m,34,39
Empoli FC ,749,Italy,https://www.transfermarkt.com/fc-empoli/startseite/verein/749/saison_id/2016,2016,€15.00m,€7.00m ,+€8.00m,30,33
Delfino Pescara 1936,2921,Italy,https://www.transfermarkt.com/delfino-pescara-1936/startseite/verein/2921/saison_id/2016,2016,€22.27m,€14.29m ,+€7.98m,56,66
Chievo Verona,862,Italy,https://www.transfermarkt.com/chievo-verona/startseite/verein/862/saison_id/2016,2016,€6.28m,€12.57m ,€-6.29m ,51,53
US Palermo,458,Italy,https://www.transfermarkt.com/palermo-fc/startseite/verein/458/saison_id/2016,2016,€29.25m,€8.48m ,+€20.78m,33,37
FC Crotone,4083,Italy,https://www.transfermarkt.com/fc-crotone/startseite/verein/4083/saison_id/2016,2016,€7.75m,€5.95m ,+€1.80m,37,36
Juventus FC,506,Italy,https://www.transfermarkt.com/juventus-turin/startseite/verein/506/saison_id/2017,2017,€145.65m,€177.60m ,€-31.95m ,59,67
SSC Napoli,6195,Italy,https://www.transfermarkt.com/ssc-neapel/startseite/verein/6195/saison_id/2017,2017,€17.45m,€68.00m ,€-50.55m ,30,33
Inter Milan,46,Italy,https://www.transfermarkt.com/inter-mailand/startseite/verein/46/saison_id/2017,2017,€79.24m,€137.63m ,€-58.39m ,63,58
AS Roma,12,Italy,https://www.transfermarkt.com/as-rom/startseite/verein/12/saison_id/2017,2017,€156.50m,€91.30m ,+€65.20m,51,58
SS Lazio,398,Italy,https://www.transfermarkt.com/lazio-rom/startseite/verein/398/saison_id/2017,2017,€73.92m,€28.25m ,+€45.67m,23,29
AC Milan,5,Italy,https://www.transfermarkt.com/ac-mailand/startseite/verein/5/saison_id/2017,2017,€39.70m,€186.48m ,€-146.78m ,32,35
ACF Fiorentina,430,Italy,https://www.transfermarkt.com/ac-florenz/startseite/verein/430/saison_id/2017,2017,€93.58m,€79.50m ,+€14.08m,42,45
Atalanta BC,800,Italy,https://www.transfermarkt.com/atalanta-bergamo/startseite/verein/800/saison_id/2017,2017,€78.04m,€66.59m ,+€11.45m,71,77
UC Sampdoria,1038,Italy,https://www.transfermarkt.com/sampdoria-genua/startseite/verein/1038/saison_id/2017,2017,€71.46m,€51.00m ,+€20.46m,38,41
Torino FC,416,Italy,https://www.transfermarkt.com/fc-turin/startseite/verein/416/saison_id/2017,2017,€79.80m,€26.38m ,+€53.42m,38,37
Genoa CFC,252,Italy,https://www.transfermarkt.com/genua-cfc/startseite/verein/252/saison_id/2017,2017,€46.72m,€14.17m ,+€32.55m,51,56
US Sassuolo,6574,Italy,https://www.transfermarkt.com/us-sassuolo/startseite/verein/6574/saison_id/2017,2017,€19.25m,€37.10m ,€-17.85m ,28,31
Udinese Calcio,410,Italy,https://www.transfermarkt.com/udinese-calcio/startseite/verein/410/saison_id/2017,2017,€17.70m,€22.59m ,€-4.89m ,36,35
Bologna FC 1909,1025,Italy,https://www.transfermarkt.com/fc-bologna/startseite/verein/1025/saison_id/2017,2017,0,€13.00m ,€-13.00m ,29,36
Cagliari Calcio,1390,Italy,https://www.transfermarkt.com/cagliari-calcio/startseite/verein/1390/saison_id/2017,2017,€19.88m,€31.09m ,€-11.22m ,34,34
SPAL 2013,2722,Italy,https://www.transfermarkt.com/spal/startseite/verein/2722/saison_id/2017,2017,€574k,€8.74m ,€-8.16m ,30,31
Benevento Calcio,4171,Italy,https://www.transfermarkt.com/benevento-calcio/startseite/verein/4171/saison_id/2017,2017,€3.98m,€23.48m ,€-19.50m ,34,36
Hellas Verona,276,Italy,https://www.transfermarkt.com/hellas-verona/startseite/verein/276/saison_id/2017,2017,€8.05m,€3.05m ,+€5.00m,32,36
Chievo Verona,862,Italy,https://www.transfermarkt.com/chievo-verona/startseite/verein/862/saison_id/2017,2017,€17.67m,€2.95m ,+€14.72m,53,57
FC Crotone,4083,Italy,https://www.transfermarkt.com/fc-crotone/startseite/verein/4083/saison_id/2017,2017,0,€3.00m ,€-3.00m ,32,34
Juventus FC,506,Italy,https://www.transfermarkt.com/juventus-turin/startseite/verein/506/saison_id/2018,2018,€112.54m,€263.20m ,€-150.66m ,32,41
SSC Napoli,6195,Italy,https://www.transfermarkt.com/ssc-neapel/startseite/verein/6195/saison_id/2018,2018,€100.80m,€71.00m ,+€29.80m,29,28
Inter Milan,46,Italy,https://www.transfermarkt.com/inter-mailand/startseite/verein/46/saison_id/2018,2018,€91.17m,€97.60m ,€-6.43m ,50,51
AC Milan,5,Italy,https://www.transfermarkt.com/ac-mailand/startseite/verein/5/saison_id/2018,2018,€88.10m,€194.64m ,€-106.54m ,28,26
AS Roma,12,Italy,https://www.transfermarkt.com/as-rom/startseite/verein/12/saison_id/2018,2018,€150.47m,€166.35m ,€-15.88m ,43,45
Atalanta BC,800,Italy,https://www.transfermarkt.com/atalanta-bergamo/startseite/verein/800/saison_id/2018,2018,€25.06m,€60.80m ,€-35.74m ,71,76
ACF Fiorentina,430,Italy,https://www.transfermarkt.com/ac-florenz/startseite/verein/430/saison_id/2018,2018,€43.39m,€60.77m ,€-17.38m ,40,41
SS Lazio,398,Italy,https://www.transfermarkt.com/lazio-rom/startseite/verein/398/saison_id/2018,2018,€38.60m,€51.28m ,€-12.68m ,29,27
US Sassuolo,6574,Italy,https://www.transfermarkt.com/us-sassuolo/startseite/verein/6574/saison_id/2018,2018,€50.38m,€53.97m ,€-3.59m ,39,41
Torino FC,416,Italy,https://www.transfermarkt.com/fc-turin/startseite/verein/416/saison_id/2018,2018,€17.20m,€53.15m ,€-35.95m ,44,47
UC Sampdoria,1038,Italy,https://www.transfermarkt.com/sampdoria-genua/startseite/verein/1038/saison_id/2018,2018,€90.12m,€56.45m ,+€33.67m,42,45
Udinese Calcio,410,Italy,https://www.transfermarkt.com/udinese-calcio/startseite/verein/410/saison_id/2018,2018,€13.53m,€52.90m ,€-39.37m ,40,44
Genoa CFC,252,Italy,https://www.transfermarkt.com/genua-cfc/startseite/verein/252/saison_id/2018,2018,€84.36m,€59.07m ,+€25.29m,65,67
Cagliari Calcio,1390,Italy,https://www.transfermarkt.com/cagliari-calcio/startseite/verein/1390/saison_id/2018,2018,€7.85m,€22.50m ,€-14.65m ,29,31
Bologna FC 1909,1025,Italy,https://www.transfermarkt.com/fc-bologna/startseite/verein/1025/saison_id/2018,2018,€44.99m,€31.22m ,+€13.78m,32,38
Empoli FC ,749,Italy,https://www.transfermarkt.com/fc-empoli/startseite/verein/749/saison_id/2018,2018,€22.90m,€17.30m ,+€5.60m,38,42
SPAL,2722,Italy,https://www.transfermarkt.com/spal/startseite/verein/2722/saison_id/2018,2018,€1.85m,€21.90m ,€-20.05m ,38,38
Parma Calcio 1913,130,Italy,https://www.transfermarkt.com/parma-calcio-1913/startseite/verein/130/saison_id/2018,2018,€596k,€20.40m ,€-19.81m ,43,49
Chievo Verona,862,Italy,https://www.transfermarkt.com/chievo-verona/startseite/verein/862/saison_id/2018,2018,€17.62m,€9.47m ,+€8.15m,49,52
Frosinone Calcio,8970,Italy,https://www.transfermarkt.com/frosinone-calcio/startseite/verein/8970/saison_id/2018,2018,€800k,€9.56m ,€-8.76m ,24,25
Juventus FC,506,Italy,https://www.transfermarkt.com/juventus-turin/startseite/verein/506/saison_id/2019,2019,€203.14m,€230.50m ,€-27.36m ,24,23
Inter Milan,46,Italy,https://www.transfermarkt.com/inter-mailand/startseite/verein/46/saison_id/2019,2019,€66.74m,€191.72m ,€-124.98m ,45,49
SSC Napoli,6195,Italy,https://www.transfermarkt.com/ssc-neapel/startseite/verein/6195/saison_id/2019,2019,€48.72m,€206.52m ,€-157.80m ,39,45
AC Milan,5,Italy,https://www.transfermarkt.com/ac-mailand/startseite/verein/5/saison_id/2019,2019,€59.23m,€124.08m ,€-64.85m ,27,25
AS Roma,12,Italy,https://www.transfermarkt.com/as-rom/startseite/verein/12/saison_id/2019,2019,€106.38m,€117.40m ,€-11.03m ,37,39
SS Lazio,398,Italy,https://www.transfermarkt.com/lazio-rom/startseite/verein/398/saison_id/2019,2019,€35.35m,€49.95m ,€-14.60m ,34,37
ACF Fiorentina,430,Italy,https://www.transfermarkt.com/ac-florenz/startseite/verein/430/saison_id/2019,2019,€15.32m,€56.54m ,€-41.22m ,46,48
Atalanta BC,800,Italy,https://www.transfermarkt.com/atalanta-bergamo/startseite/verein/800/saison_id/2019,2019,€105.10m,€60.06m ,+€45.04m,70,78
US Sassuolo,6574,Italy,https://www.transfermarkt.com/us-sassuolo/startseite/verein/6574/saison_id/2019,2019,€51.95m,€66.34m ,€-14.38m ,49,53
Cagliari Calcio,1390,Italy,https://www.transfermarkt.com/cagliari-calcio/startseite/verein/1390/saison_id/2019,2019,€18.86m,€40.10m ,€-21.24m ,30,34
Torino FC,416,Italy,https://www.transfermarkt.com/fc-turin/startseite/verein/416/saison_id/2019,2019,€24.40m,€28.80m ,€-4.40m ,40,41
Genoa CFC,252,Italy,https://www.transfermarkt.com/genua-cfc/startseite/verein/252/saison_id/2019,2019,€66.35m,€50.37m ,+€15.98m,67,72
UC Sampdoria,1038,Italy,https://www.transfermarkt.com/sampdoria-genua/startseite/verein/1038/saison_id/2019,2019,€74.59m,€65.25m ,+€9.34m,40,47
Bologna FC 1909,1025,Italy,https://www.transfermarkt.com/fc-bologna/startseite/verein/1025/saison_id/2019,2019,€28.68m,€67.04m ,€-38.36m ,40,38
Parma Calcio 1913,130,Italy,https://www.transfermarkt.com/parma-calcio-1913/startseite/verein/130/saison_id/2019,2019,€18.16m,€23.31m ,€-5.15m ,64,65
Udinese Calcio,410,Italy,https://www.transfermarkt.com/udinese-calcio/startseite/verein/410/saison_id/2019,2019,€60.27m,€12.60m ,+€47.67m,38,38
Hellas Verona,276,Italy,https://www.transfermarkt.com/hellas-verona/startseite/verein/276/saison_id/2019,2019,€43.67m,€21.19m ,+€22.48m,53,53
Brescia Calcio,19,Italy,https://www.transfermarkt.com/brescia-calcio/startseite/verein/19/saison_id/2019,2019,€100k,€18.65m ,€-18.55m ,20,18
SPAL,2722,Italy,https://www.transfermarkt.com/spal/startseite/verein/2722/saison_id/2019,2019,€39.70m,€26.15m ,+€13.55m,34,39
US Lecce,1005,Italy,https://www.transfermarkt.com/us-lecce/startseite/verein/1005/saison_id/2019,2019,€450k,€6.20m ,€-5.75m ,37,35
Inter Milan,46,Italy,https://www.transfermarkt.com/inter-mailand/startseite/verein/46/saison_id/2020,2020,€82.95m,€126.50m ,€-43.55m ,39,34
Juventus FC,506,Italy,https://www.transfermarkt.com/juventus-turin/startseite/verein/506/saison_id/2020,2020,€110.56m,€158.01m ,€-47.45m ,17,19
AC Milan,5,Italy,https://www.transfermarkt.com/ac-mailand/startseite/verein/5/saison_id/2020,2020,€52.09m,€31.92m ,+€20.17m,26,28
SSC Napoli,6195,Italy,https://www.transfermarkt.com/ssc-neapel/startseite/verein/6195/saison_id/2020,2020,€123.06m,€77.25m ,+€45.81m,37,36
Atalanta BC,800,Italy,https://www.transfermarkt.com/atalanta-bergamo/startseite/verein/800/saison_id/2020,2020,€75.40m,€62.04m ,+€13.37m,57,61
AS Roma,12,Italy,https://www.transfermarkt.com/as-rom/startseite/verein/12/saison_id/2020,2020,€49.00m,€72.10m ,€-23.10m ,30,33
SS Lazio,398,Italy,https://www.transfermarkt.com/lazio-rom/startseite/verein/398/saison_id/2020,2020,€7.85m,€41.70m ,€-33.85m ,27,27
ACF Fiorentina,430,Italy,https://www.transfermarkt.com/ac-florenz/startseite/verein/430/saison_id/2020,2020,€59.89m,€55.30m ,+€4.59m,43,45
US Sassuolo,6574,Italy,https://www.transfermarkt.com/us-sassuolo/startseite/verein/6574/saison_id/2020,2020,€62.36m,€29.66m ,+€32.70m,36,37
Cagliari Calcio,1390,Italy,https://www.transfermarkt.com/cagliari-calcio/startseite/verein/1390/saison_id/2020,2020,€42.66m,€34.18m ,+€8.48m,33,31
Torino FC,416,Italy,https://www.transfermarkt.com/fc-turin/startseite/verein/416/saison_id/2020,2020,€27.00m,€46.70m ,€-19.70m ,30,34
Udinese Calcio,410,Italy,https://www.transfermarkt.com/udinese-calcio/startseite/verein/410/saison_id/2020,2020,€31.55m,€21.50m ,+€10.05m,27,31
Hellas Verona,276,Italy,https://www.transfermarkt.com/hellas-verona/startseite/verein/276/saison_id/2020,2020,€5.40m,€18.95m ,€-13.55m ,49,51
Bologna FC 1909,1025,Italy,https://www.transfermarkt.com/fc-bologna/startseite/verein/1025/saison_id/2020,2020,€5.00m,€3.15m ,+€1.85m,28,29
Parma Calcio 1913,130,Italy,https://www.transfermarkt.com/parma-calcio-1913/startseite/verein/130/saison_id/2020,2020,€4.00m,€104.33m ,€-100.33m ,45,57
UC Sampdoria,1038,Italy,https://www.transfermarkt.com/sampdoria-genua/startseite/verein/1038/saison_id/2020,2020,€12.10m,€17.75m ,€-5.65m ,33,32
Genoa CFC,252,Italy,https://www.transfermarkt.com/genua-cfc/startseite/verein/252/saison_id/2020,2020,€67.29m,€64.68m ,+€2.61m,58,56
Spezia Calcio,3522,Italy,https://www.transfermarkt.com/spezia-calcio/startseite/verein/3522/saison_id/2020,2020,€1.96m,€5.14m ,€-3.18m ,28,35
FC Crotone,4083,Italy,https://www.transfermarkt.com/fc-crotone/startseite/verein/4083/saison_id/2020,2020,0,€5.49m ,€-5.49m ,28,34
Benevento Calcio,4171,Italy,https://www.transfermarkt.com/benevento-calcio/startseite/verein/4171/saison_id/2020,2020,€1.00m,€11.60m ,€-10.60m ,20,26
Juventus FC,506,Italy,https://www.transfermarkt.com/juventus-turin/startseite/verein/506/saison_id/2021,2021,€64.03m,€129.50m ,€-65.47m ,15,18
Inter Milan,46,Italy,https://www.transfermarkt.com/inter-mailand/startseite/verein/46/saison_id/2021,2021,€205.05m,€42.55m ,+€162.50m,35,34
AC Milan,5,Italy,https://www.transfermarkt.com/ac-mailand/startseite/verein/5/saison_id/2021,2021,€5.12m,€93.11m ,€-87.99m ,24,28
SSC Napoli,6195,Italy,https://www.transfermarkt.com/ssc-neapel/startseite/verein/6195/saison_id/2021,2021,€3.20m,€23.30m ,€-20.10m ,25,26
Atalanta BC,800,Italy,https://www.transfermarkt.com/atalanta-bergamo/startseite/verein/800/saison_id/2021,2021,€48.99m,€65.20m ,€-16.21m ,62,68
AS Roma,12,Italy,https://www.transfermarkt.com/as-rom/startseite/verein/12/saison_id/2021,2021,€17.24m,€127.65m ,€-110.42m ,36,36
ACF Fiorentina,430,Italy,https://www.transfermarkt.com/ac-florenz/startseite/verein/430/saison_id/2021,2021,€112.20m,€64.40m ,+€47.80m,40,42
SS Lazio,398,Italy,https://www.transfermarkt.com/lazio-rom/startseite/verein/398/saison_id/2021,2021,€8.90m,€13.80m ,€-4.90m ,33,33
US Sassuolo,6574,Italy,https://www.transfermarkt.com/us-sassuolo/startseite/verein/6574/saison_id/2021,2021,€22.80m,€37.12m ,€-14.33m ,45,46
Torino FC,416,Italy,https://www.transfermarkt.com/fc-turin/startseite/verein/416/saison_id/2021,2021,€16.50m,€13.40m ,+€3.10m,30,31
Bologna FC 1909,1025,Italy,https://www.transfermarkt.com/fc-bologna/startseite/verein/1025/saison_id/2021,2021,€25.00m,€32.31m ,€-7.31m ,34,35
Hellas Verona,276,Italy,https://www.transfermarkt.com/hellas-verona/startseite/verein/276/saison_id/2021,2021,€37.52m,€42.27m ,€-4.76m ,41,36
Udinese Calcio,410,Italy,https://www.transfermarkt.com/udinese-calcio/startseite/verein/410/saison_id/2021,2021,€79.63m,€9.40m ,+€70.23m,28,26
Cagliari Calcio,1390,Italy,https://www.transfermarkt.com/cagliari-calcio/startseite/verein/1390/saison_id/2021,2021,€7.37m,€15.20m ,€-7.83m ,29,29
UC Sampdoria,1038,Italy,https://www.transfermarkt.com/sampdoria-genua/startseite/verein/1038/saison_id/2021,2021,€9.70m,€14.51m ,€-4.81m ,40,40
FC Empoli,749,Italy,https://www.transfermarkt.com/fc-empoli/startseite/verein/749/saison_id/2021,2021,€28.20m,€10.50m ,+€17.70m,35,40
Genoa CFC,252,Italy,https://www.transfermarkt.com/genua-cfc/startseite/verein/252/saison_id/2021,2021,€18.62m,€39.10m ,€-20.49m ,61,70
Venezia FC,607,Italy,https://www.transfermarkt.com/venezia-fc/startseite/verein/607/saison_id/2021,2021,€200k,€22.09m ,€-21.89m ,30,35
Spezia Calcio,3522,Italy,https://www.transfermarkt.com/spezia-calcio/startseite/verein/3522/saison_id/2021,2021,€2.20m,€27.79m ,€-25.58m ,40,36
US Salernitana 1919,380,Italy,https://www.transfermarkt.com/us-salernitana-1919/startseite/verein/380/saison_id/2021,2021,0,€14.35m ,€-14.35m ,47,52
Bayern Munich,27,Germany,https://www.transfermarkt.com/fc-bayern-munchen/startseite/verein/27/saison_id/2015,2015,€33.00m,€90.75m ,€-57.75m ,10,10
Borussia Dortmund,16,Germany,https://www.transfermarkt.com/borussia-dortmund/startseite/verein/16/saison_id/2015,2015,€42.55m,€20.00m ,+€22.55m,15,12
VfL Wolfsburg,82,Germany,https://www.transfermarkt.com/vfl-wolfsburg/startseite/verein/82/saison_id/2015,2015,€111.30m,€68.10m ,+€43.20m,12,13
Bayer 04 Leverkusen,15,Germany,https://www.transfermarkt.com/bayer-04-leverkusen/startseite/verein/15/saison_id/2015,2015,€63.25m,€58.00m ,+€5.25m,18,23
FC Schalke 04,33,Germany,https://www.transfermarkt.com/fc-schalke-04/startseite/verein/33/saison_id/2015,2015,€57.20m,€37.10m ,+€20.10m,17,16
Borussia Mönchengladbach,18,Germany,https://www.transfermarkt.com/borussia-monchengladbach/startseite/verein/18/saison_id/2015,2015,€15.70m,€38.00m ,€-22.30m ,10,11
TSG 1899 Hoffenheim,533,Germany,https://www.transfermarkt.com/tsg-1899-hoffenheim/startseite/verein/533/saison_id/2015,2015,€57.15m,€23.40m ,+€33.75m,28,29
1.FSV Mainz 05,39,Germany,https://www.transfermarkt.com/1-fsv-mainz-05/startseite/verein/39/saison_id/2015,2015,€34.20m,€13.85m ,+€20.35m,23,23
VfB Stuttgart,79,Germany,https://www.transfermarkt.com/vfb-stuttgart/startseite/verein/79/saison_id/2015,2015,€20.55m,€15.67m ,+€4.88m,19,19
Hertha BSC,44,Germany,https://www.transfermarkt.com/hertha-bsc/startseite/verein/44/saison_id/2015,2015,€4.92m,€7.30m ,€-2.38m ,11,13
Eintracht Frankfurt,24,Germany,https://www.transfermarkt.com/eintracht-frankfurt/startseite/verein/24/saison_id/2015,2015,€12.10m,€11.82m ,+€280k,13,15
FC Augsburg,167,Germany,https://www.transfermarkt.com/fc-augsburg/startseite/verein/167/saison_id/2015,2015,€26.90m,€16.70m ,+€10.20m,9,14
1.FC Köln,3,Germany,https://www.transfermarkt.com/1-fc-koln/startseite/verein/3/saison_id/2015,2015,€13.05m,€14.78m ,€-1.73m ,15,12
SV Werder Bremen,86,Germany,https://www.transfermarkt.com/sv-werder-bremen/startseite/verein/86/saison_id/2015,2015,€19.45m,€12.88m ,+€6.57m,16,23
Hamburger SV,41,Germany,https://www.transfermarkt.com/hamburger-sv/startseite/verein/41/saison_id/2015,2015,€13.20m,€21.85m ,€-8.65m ,19,19
Hannover 96,42,Germany,https://www.transfermarkt.com/hannover-96/startseite/verein/42/saison_id/2015,2015,€13.50m,€18.40m ,€-4.90m ,18,21
FC Ingolstadt 04,4795,Germany,https://www.transfermarkt.com/fc-ingolstadt-04/startseite/verein/4795/saison_id/2015,2015,0,€6.20m ,€-6.20m ,9,6
SV Darmstadt 98,105,Germany,https://www.transfermarkt.com/sv-darmstadt-98/startseite/verein/105/saison_id/2015,2015,0,€1.10m ,€-1.10m ,11,16
Bayern Munich,27,Germany,https://www.transfermarkt.com/fc-bayern-munchen/startseite/verein/27/saison_id/2016,2016,€52.30m,€70.00m ,€-17.70m ,8,5
Borussia Dortmund,16,Germany,https://www.transfermarkt.com/borussia-dortmund/startseite/verein/16/saison_id/2016,2016,€111.00m,€141.10m ,€-30.10m ,8,12
Bayer 04 Leverkusen,15,Germany,https://www.transfermarkt.com/bayer-04-leverkusen/startseite/verein/15/saison_id/2016,2016,€23.70m,€63.30m ,€-39.60m ,18,19
FC Schalke 04,33,Germany,https://www.transfermarkt.com/fc-schalke-04/startseite/verein/33/saison_id/2016,2016,€61.30m,€43.30m ,+€18.00m,15,19
VfL Wolfsburg,82,Germany,https://www.transfermarkt.com/vfl-wolfsburg/startseite/verein/82/saison_id/2016,2016,€94.45m,€81.05m ,+€13.40m,19,20
RB Leipzig,23826,Germany,https://www.transfermarkt.com/rasenballsport-leipzig/startseite/verein/23826/saison_id/2016,2016,€100k,€95.95m ,€-95.85m ,13,12
Borussia Mönchengladbach,18,Germany,https://www.transfermarkt.com/borussia-monchengladbach/startseite/verein/18/saison_id/2016,2016,€45.10m,€41.25m ,+€3.85m,10,14
TSG 1899 Hoffenheim,533,Germany,https://www.transfermarkt.com/tsg-1899-hoffenheim/startseite/verein/533/saison_id/2016,2016,€37.00m,€27.44m ,+€9.56m,24,24
1.FC Köln,3,Germany,https://www.transfermarkt.com/1-fc-koln/startseite/verein/3/saison_id/2016,2016,€19.00m,€8.35m ,+€10.65m,8,11
1.FSV Mainz 05,39,Germany,https://www.transfermarkt.com/1-fsv-mainz-05/startseite/verein/39/saison_id/2016,2016,€25.70m,€29.21m ,€-3.51m ,16,16
Hertha BSC,44,Germany,https://www.transfermarkt.com/hertha-bsc/startseite/verein/44/saison_id/2016,2016,€5.00m,€6.70m ,€-1.70m ,10,7
SV Werder Bremen,86,Germany,https://www.transfermarkt.com/sv-werder-bremen/startseite/verein/86/saison_id/2016,2016,€27.20m,€23.70m ,+€3.50m,20,18
SC Freiburg,60,Germany,https://www.transfermarkt.com/sc-freiburg/startseite/verein/60/saison_id/2016,2016,€5.15m,€16.78m ,€-11.63m ,19,15
Hamburger SV,41,Germany,https://www.transfermarkt.com/hamburger-sv/startseite/verein/41/saison_id/2016,2016,€8.75m,€43.95m ,€-35.20m ,17,18
Eintracht Frankfurt,24,Germany,https://www.transfermarkt.com/eintracht-frankfurt/startseite/verein/24/saison_id/2016,2016,€12.05m,€3.80m ,+€8.25m,16,16
FC Augsburg,167,Germany,https://www.transfermarkt.com/fc-augsburg/startseite/verein/167/saison_id/2016,2016,€15.05m,€23.70m ,€-8.65m ,18,13
FC Ingolstadt 04,4795,Germany,https://www.transfermarkt.com/fc-ingolstadt-04/startseite/verein/4795/saison_id/2016,2016,€4.55m,€7.95m ,€-3.40m ,10,10
SV Darmstadt 98,105,Germany,https://www.transfermarkt.com/sv-darmstadt-98/startseite/verein/105/saison_id/2016,2016,€5.20m,€4.10m ,+€1.10m,24,24
Bayern Munich,27,Germany,https://www.transfermarkt.com/fc-bayern-munchen/startseite/verein/27/saison_id/2017,2017,€32.25m,€116.50m ,€-84.25m ,11,14
Borussia Dortmund,16,Germany,https://www.transfermarkt.com/borussia-dortmund/startseite/verein/16/saison_id/2017,2017,€275.95m,€122.59m ,+€153.36m,15,15
RB Leipzig,23826,Germany,https://www.transfermarkt.com/rasenballsport-leipzig/startseite/verein/23826/saison_id/2017,2017,€24.54m,€63.50m ,€-38.96m ,13,15
Bayer 04 Leverkusen,15,Germany,https://www.transfermarkt.com/bayer-04-leverkusen/startseite/verein/15/saison_id/2017,2017,€91.10m,€51.00m ,+€40.10m,18,14
FC Schalke 04,33,Germany,https://www.transfermarkt.com/fc-schalke-04/startseite/verein/33/saison_id/2017,2017,€7.10m,€49.30m ,€-42.20m ,24,18
TSG 1899 Hoffenheim,533,Germany,https://www.transfermarkt.com/tsg-1899-hoffenheim/startseite/verein/533/saison_id/2017,2017,€45.75m,€14.70m ,+€31.05m,16,20
Borussia Mönchengladbach,18,Germany,https://www.transfermarkt.com/borussia-monchengladbach/startseite/verein/18/saison_id/2017,2017,€31.08m,€37.25m ,€-6.17m ,13,9
VfL Wolfsburg,82,Germany,https://www.transfermarkt.com/vfl-wolfsburg/startseite/verein/82/saison_id/2017,2017,€36.00m,€72.75m ,€-36.75m ,21,20
VfB Stuttgart,79,Germany,https://www.transfermarkt.com/vfb-stuttgart/startseite/verein/79/saison_id/2017,2017,€7.60m,€30.90m ,€-23.30m ,16,16
Hertha BSC,44,Germany,https://www.transfermarkt.com/hertha-bsc/startseite/verein/44/saison_id/2017,2017,€18.00m,€14.00m ,+€4.00m,9,10
Eintracht Frankfurt,24,Germany,https://www.transfermarkt.com/eintracht-frankfurt/startseite/verein/24/saison_id/2017,2017,€4.92m,€19.20m ,€-14.29m ,13,17
SV Werder Bremen,86,Germany,https://www.transfermarkt.com/sv-werder-bremen/startseite/verein/86/saison_id/2017,2017,€8.90m,€18.60m ,€-9.70m ,18,16
SC Freiburg,60,Germany,https://www.transfermarkt.com/sc-freiburg/startseite/verein/60/saison_id/2017,2017,€27.80m,€19.65m ,+€8.15m,13,18
FC Augsburg,167,Germany,https://www.transfermarkt.com/fc-augsburg/startseite/verein/167/saison_id/2017,2017,€7.90m,€7.55m ,+€350k,18,13
1.FSV Mainz 05,39,Germany,https://www.transfermarkt.com/1-fsv-mainz-05/startseite/verein/39/saison_id/2017,2017,€24.85m,€16.55m ,+€8.30m,19,14
Hannover 96,42,Germany,https://www.transfermarkt.com/hannover-96/startseite/verein/42/saison_id/2017,2017,€250k,€19.00m ,€-18.75m ,14,14
1.FC Köln,3,Germany,https://www.transfermarkt.com/1-fc-koln/startseite/verein/3/saison_id/2017,2017,€7.45m,€40.00m ,€-32.55m ,5,10
Hamburger SV,41,Germany,https://www.transfermarkt.com/hamburger-sv/startseite/verein/41/saison_id/2017,2017,€5.55m,€19.00m ,€-13.45m ,14,15
Bayern Munich,27,Germany,https://www.transfermarkt.com/fc-bayern-munchen/startseite/verein/27/saison_id/2018,2018,€84.00m,€14.00m ,+€70.00m,9,6
Borussia Dortmund,16,Germany,https://www.transfermarkt.com/borussia-dortmund/startseite/verein/16/saison_id/2018,2018,€114.20m,€90.50m ,+€23.70m,17,14
RB Leipzig,23826,Germany,https://www.transfermarkt.com/rasenballsport-leipzig/startseite/verein/23826/saison_id/2018,2018,€72.75m,€65.63m ,+€7.12m,16,19
Bayer 04 Leverkusen,15,Germany,https://www.transfermarkt.com/bayer-04-leverkusen/startseite/verein/15/saison_id/2018,2018,€45.00m,€31.50m ,+€13.50m,8,10
TSG 1899 Hoffenheim,533,Germany,https://www.transfermarkt.com/tsg-1899-hoffenheim/startseite/verein/533/saison_id/2018,2018,€6.12m,€32.00m ,€-25.88m ,18,16
Eintracht Frankfurt,24,Germany,https://www.transfermarkt.com/eintracht-frankfurt/startseite/verein/24/saison_id/2018,2018,€18.90m,€28.95m ,€-10.05m ,23,24
Borussia Mönchengladbach,18,Germany,https://www.transfermarkt.com/borussia-monchengladbach/startseite/verein/18/saison_id/2018,2018,€32.95m,€32.55m ,+€400k,10,11
VfL Wolfsburg,82,Germany,https://www.transfermarkt.com/vfl-wolfsburg/startseite/verein/82/saison_id/2018,2018,€800k,€36.00m ,€-35.20m ,13,14
FC Schalke 04,33,Germany,https://www.transfermarkt.com/fc-schalke-04/startseite/verein/33/saison_id/2018,2018,€46.15m,€62.20m ,€-16.05m ,15,18
Hertha BSC,44,Germany,https://www.transfermarkt.com/hertha-bsc/startseite/verein/44/saison_id/2018,2018,€16.90m,€16.00m ,+€900k,10,14
SV Werder Bremen,86,Germany,https://www.transfermarkt.com/sv-werder-bremen/startseite/verein/86/saison_id/2018,2018,€26.85m,€25.80m ,+€1.05m,20,21
1.FSV Mainz 05,39,Germany,https://www.transfermarkt.com/1-fsv-mainz-05/startseite/verein/39/saison_id/2018,2018,€56.10m,€30.00m ,+€26.10m,12,19
VfB Stuttgart,79,Germany,https://www.transfermarkt.com/vfb-stuttgart/startseite/verein/79/saison_id/2018,2018,€13.25m,€45.76m ,€-32.51m ,17,18
FC Augsburg,167,Germany,https://www.transfermarkt.com/fc-augsburg/startseite/verein/167/saison_id/2018,2018,€2.85m,€6.65m ,€-3.80m ,11,17
SC Freiburg,60,Germany,https://www.transfermarkt.com/sc-freiburg/startseite/verein/60/saison_id/2018,2018,€22.68m,€18.40m ,+€4.28m,21,16
Fortuna Düsseldorf,38,Germany,https://www.transfermarkt.com/fortuna-dusseldorf/startseite/verein/38/saison_id/2018,2018,€600k,€7.50m ,€-6.90m ,19,21
Hannover 96,42,Germany,https://www.transfermarkt.com/hannover-96/startseite/verein/42/saison_id/2018,2018,€13.54m,€18.52m ,€-4.98m ,17,20
1.FC Nuremberg,4,Germany,https://www.transfermarkt.com/1-fc-nurnberg/startseite/verein/4/saison_id/2018,2018,0,€4.85m ,€-4.85m ,9,11
Bayern Munich,27,Germany,https://www.transfermarkt.com/fc-bayern-munchen/startseite/verein/27/saison_id/2019,2019,€54.00m,€139.50m ,€-85.50m ,8,10
Borussia Dortmund,16,Germany,https://www.transfermarkt.com/borussia-dortmund/startseite/verein/16/saison_id/2019,2019,€132.25m,€148.50m ,€-16.25m ,16,17
RB Leipzig,23826,Germany,https://www.transfermarkt.com/rasenballsport-leipzig/startseite/verein/23826/saison_id/2019,2019,€45.25m,€86.50m ,€-41.25m ,12,15
Bayer 04 Leverkusen,15,Germany,https://www.transfermarkt.com/bayer-04-leverkusen/startseite/verein/15/saison_id/2019,2019,€33.50m,€98.20m ,€-64.70m ,10,9
Borussia Mönchengladbach,18,Germany,https://www.transfermarkt.com/borussia-monchengladbach/startseite/verein/18/saison_id/2019,2019,€34.10m,€40.50m ,€-6.40m ,9,6
TSG 1899 Hoffenheim,533,Germany,https://www.transfermarkt.com/tsg-1899-hoffenheim/startseite/verein/533/saison_id/2019,2019,€121.40m,€55.85m ,+€65.55m,22,22
FC Schalke 04,33,Germany,https://www.transfermarkt.com/fc-schalke-04/startseite/verein/33/saison_id/2019,2019,€19.45m,€29.50m ,€-10.05m ,16,13
Hertha BSC,44,Germany,https://www.transfermarkt.com/hertha-bsc/startseite/verein/44/saison_id/2019,2019,€23.45m,€110.70m ,€-87.26m ,16,15
Eintracht Frankfurt,24,Germany,https://www.transfermarkt.com/eintracht-frankfurt/startseite/verein/24/saison_id/2019,2019,€114.80m,€82.64m ,+€32.17m,26,22
VfL Wolfsburg,82,Germany,https://www.transfermarkt.com/vfl-wolfsburg/startseite/verein/82/saison_id/2019,2019,€14.30m,€34.80m ,€-20.50m ,15,14
SV Werder Bremen,86,Germany,https://www.transfermarkt.com/sv-werder-bremen/startseite/verein/86/saison_id/2019,2019,0,€13.95m ,€-13.95m ,14,17
SC Freiburg,60,Germany,https://www.transfermarkt.com/sc-freiburg/startseite/verein/60/saison_id/2019,2019,€8.10m,€17.50m ,€-9.40m ,15,15
1.FSV Mainz 05,39,Germany,https://www.transfermarkt.com/1-fsv-mainz-05/startseite/verein/39/saison_id/2019,2019,€27.00m,€29.70m ,€-2.70m ,16,15
FC Augsburg,167,Germany,https://www.transfermarkt.com/fc-augsburg/startseite/verein/167/saison_id/2019,2019,€20.00m,€33.00m ,€-13.00m ,19,20
1.FC Köln,3,Germany,https://www.transfermarkt.com/1-fc-koln/startseite/verein/3/saison_id/2019,2019,€6.85m,€20.25m ,€-13.40m ,18,18
Fortuna Düsseldorf,38,Germany,https://www.transfermarkt.com/fortuna-dusseldorf/startseite/verein/38/saison_id/2019,2019,€11.60m,€11.15m ,+€450k,16,18
1.FC Union Berlin,89,Germany,https://www.transfermarkt.com/1-fc-union-berlin/startseite/verein/89/saison_id/2019,2019,€1.25m,€10.05m ,€-8.80m ,16,22
SC Paderborn 07,127,Germany,https://www.transfermarkt.com/sc-paderborn-07/startseite/verein/127/saison_id/2019,2019,€5.80m,€750k ,+€5.05m,21,21
Bayern Munich,27,Germany,https://www.transfermarkt.com/fc-bayern-munchen/startseite/verein/27/saison_id/2020,2020,€22.25m,€66.25m ,€-44.00m ,13,12
Borussia Dortmund,16,Germany,https://www.transfermarkt.com/borussia-dortmund/startseite/verein/16/saison_id/2020,2020,€5.50m,€50.00m ,€-44.50m ,10,12
RB Leipzig,23826,Germany,https://www.transfermarkt.com/rasenballsport-leipzig/startseite/verein/23826/saison_id/2020,2020,€77.50m,€58.00m ,+€19.50m,13,11
Bayer 04 Leverkusen,15,Germany,https://www.transfermarkt.com/bayer-04-leverkusen/startseite/verein/15/saison_id/2020,2020,€91.00m,€46.20m ,+€44.80m,7,13
Borussia Mönchengladbach,18,Germany,https://www.transfermarkt.com/borussia-monchengladbach/startseite/verein/18/saison_id/2020,2020,0,€13.50m ,€-13.50m ,8,13
Eintracht Frankfurt,24,Germany,https://www.transfermarkt.com/eintracht-frankfurt/startseite/verein/24/saison_id/2020,2020,€17.70m,€10.75m ,+€6.95m,22,20
VfL Wolfsburg,82,Germany,https://www.transfermarkt.com/vfl-wolfsburg/startseite/verein/82/saison_id/2020,2020,€11.10m,€22.00m ,€-10.90m ,13,12
Hertha BSC,44,Germany,https://www.transfermarkt.com/hertha-bsc/startseite/verein/44/saison_id/2020,2020,€10.45m,€31.25m ,€-20.80m ,18,18
TSG 1899 Hoffenheim,533,Germany,https://www.transfermarkt.com/tsg-1899-hoffenheim/startseite/verein/533/saison_id/2020,2020,€17.75m,€4.00m ,+€13.75m,12,18
VfB Stuttgart,79,Germany,https://www.transfermarkt.com/vfb-stuttgart/startseite/verein/79/saison_id/2020,2020,€7.50m,€14.95m ,€-7.45m ,13,16
1.FSV Mainz 05,39,Germany,https://www.transfermarkt.com/1-fsv-mainz-05/startseite/verein/39/saison_id/2020,2020,€13.70m,€2.00m ,+€11.70m,15,14
SC Freiburg,60,Germany,https://www.transfermarkt.com/sc-freiburg/startseite/verein/60/saison_id/2020,2020,€37.95m,€14.35m ,+€23.60m,17,14
FC Schalke 04,33,Germany,https://www.transfermarkt.com/fc-schalke-04/startseite/verein/33/saison_id/2020,2020,€8.00m,€2.00m ,+€6.00m,19,24
1.FC Köln,3,Germany,https://www.transfermarkt.com/1-fc-koln/startseite/verein/3/saison_id/2020,2020,€15.00m,€18.50m ,€-3.50m ,19,21
SV Werder Bremen,86,Germany,https://www.transfermarkt.com/sv-werder-bremen/startseite/verein/86/saison_id/2020,2020,€11.70m,€11.00m ,+€700k,22,19
FC Augsburg,167,Germany,https://www.transfermarkt.com/fc-augsburg/startseite/verein/167/saison_id/2020,2020,€8.40m,€10.30m ,€-1.90m ,17,11
1.FC Union Berlin,89,Germany,https://www.transfermarkt.com/1-fc-union-berlin/startseite/verein/89/saison_id/2020,2020,€6.92m,€1.70m ,+€5.22m,25,22
Arminia Bielefeld,10,Germany,https://www.transfermarkt.com/arminia-bielefeld/startseite/verein/10/saison_id/2020,2020,€100k,€500k ,€-400k ,16,15
Bayern Munich,27,Germany,https://www.transfermarkt.com/fc-bayern-munchen/startseite/verein/27/saison_id/2021,2021,€4.00m,€57.50m ,€-53.50m ,12,15
Borussia Dortmund,16,Germany,https://www.transfermarkt.com/borussia-dortmund/startseite/verein/16/saison_id/2021,2021,€109.50m,€45.00m ,+€64.50m,9,10
RB Leipzig,23826,Germany,https://www.transfermarkt.com/rasenballsport-leipzig/startseite/verein/23826/saison_id/2021,2021,€113.50m,€107.62m ,+€5.88m,18,17
Bayer 04 Leverkusen,15,Germany,https://www.transfermarkt.com/bayer-04-leverkusen/startseite/verein/15/saison_id/2021,2021,€43.10m,€55.35m ,€-12.25m ,16,12
VfL Wolfsburg,82,Germany,https://www.transfermarkt.com/vfl-wolfsburg/startseite/verein/82/saison_id/2021,2021,€22.70m,€76.18m ,€-53.48m ,21,24
Borussia Mönchengladbach,18,Germany,https://www.transfermarkt.com/borussia-monchengladbach/startseite/verein/18/saison_id/2021,2021,€10.20m,€17.00m ,€-6.80m ,15,10
Eintracht Frankfurt,24,Germany,https://www.transfermarkt.com/eintracht-frankfurt/startseite/verein/24/saison_id/2021,2021,€28.40m,€13.45m ,+€14.95m,20,22
TSG 1899 Hoffenheim,533,Germany,https://www.transfermarkt.com/tsg-1899-hoffenheim/startseite/verein/533/saison_id/2021,2021,€850k,                    0                ,+€850k,14,14
SC Freiburg,60,Germany,https://www.transfermarkt.com/sc-freiburg/startseite/verein/60/saison_id/2021,2021,€14.55m,€9.50m ,+€5.05m,12,14
VfB Stuttgart,79,Germany,https://www.transfermarkt.com/vfb-stuttgart/startseite/verein/79/saison_id/2021,2021,€40.92m,€14.85m ,+€26.07m,15,15
Hertha BSC,44,Germany,https://www.transfermarkt.com/hertha-bsc/startseite/verein/44/saison_id/2021,2021,€52.50m,€27.40m ,+€25.10m,19,18
1.FSV Mainz 05,39,Germany,https://www.transfermarkt.com/1-fsv-mainz-05/startseite/verein/39/saison_id/2021,2021,€18.05m,€6.90m ,+€11.15m,18,15
1.FC Union Berlin,89,Germany,https://www.transfermarkt.com/1-fc-union-berlin/startseite/verein/89/saison_id/2021,2021,€19.55m,€20.10m ,€-550k ,26,23
1.FC Köln,3,Germany,https://www.transfermarkt.com/1-fc-koln/startseite/verein/3/saison_id/2021,2021,€23.45m,€550k ,+€22.90m,23,21
FC Augsburg,167,Germany,https://www.transfermarkt.com/fc-augsburg/startseite/verein/167/saison_id/2021,2021,€12.80m,€24.06m ,€-11.26m ,11,13
Arminia Bielefeld,10,Germany,https://www.transfermarkt.com/arminia-bielefeld/startseite/verein/10/saison_id/2021,2021,€500k,€9.44m ,€-8.94m ,25,23
VfL Bochum,80,Germany,https://www.transfermarkt.com/vfl-bochum/startseite/verein/80/saison_id/2021,2021,€350k,                    0                ,+€350k,9,13
SpVgg Greuther Fürth,65,Germany,https://www.transfermarkt.com/spvgg-greuther-furth/startseite/verein/65/saison_id/2021,2021,€3.55m,€1.40m ,+€2.15m,15,18
Paris Saint-Germain,583,France,https://www.transfermarkt.com/fc-paris-saint-germain/startseite/verein/583/saison_id/2015,2015,€22.90m,€116.10m ,€-93.20m ,11,9
AS Monaco,162,France,https://www.transfermarkt.com/as-monaco/startseite/verein/162/saison_id/2015,2015,€175.40m,€101.00m ,+€74.40m,28,30
Olympique Lyon,1041,France,https://www.transfermarkt.com/olympique-lyon/startseite/verein/1041/saison_id/2015,2015,€26.80m,€41.10m ,€-14.30m ,13,11
Olympique Marseille,244,France,https://www.transfermarkt.com/olympique-marseille/startseite/verein/244/saison_id/2015,2015,€54.45m,€19.75m ,+€34.70m,18,23
AS Saint-Étienne,618,France,https://www.transfermarkt.com/as-saint-etienne/startseite/verein/618/saison_id/2015,2015,€23.20m,€20.30m ,+€2.90m,13,16
Stade Rennais FC,273,France,https://www.transfermarkt.com/fc-stade-rennes/startseite/verein/273/saison_id/2015,2015,€10.60m,€5.64m ,+€4.96m,19,18
FC Girondins Bordeaux,40,France,https://www.transfermarkt.com/fc-girondins-bordeaux/startseite/verein/40/saison_id/2015,2015,€22.30m,€11.00m ,+€11.30m,13,13
OGC Nice,417,France,https://www.transfermarkt.com/ogc-nizza/startseite/verein/417/saison_id/2015,2015,€14.00m,€4.10m ,+€9.90m,19,21
LOSC Lille,1082,France,https://www.transfermarkt.com/losc-lille/startseite/verein/1082/saison_id/2015,2015,€35.25m,€12.90m ,+€22.35m,18,23
FC Lorient,1158,France,https://www.transfermarkt.com/fc-lorient/startseite/verein/1158/saison_id/2015,2015,€18.50m,€9.93m ,+€8.58m,15,14
Montpellier HSC,969,France,https://www.transfermarkt.com/montpellier-hsc/startseite/verein/969/saison_id/2015,2015,€4.00m,€2.73m ,+€1.28m,8,11
Stade Reims,1421,France,https://www.transfermarkt.com/stade-reims/startseite/verein/1421/saison_id/2015,2015,€1.50m,€2.40m ,€-900k ,10,13
FC Toulouse,415,France,https://www.transfermarkt.com/fc-toulouse/startseite/verein/415/saison_id/2015,2015,€10.50m,€2.90m ,+€7.60m,12,10
FC Nantes,995,France,https://www.transfermarkt.com/fc-nantes/startseite/verein/995/saison_id/2015,2015,€17.55m,€7.00m ,+€10.55m,14,14
SM Caen,1162,France,https://www.transfermarkt.com/sm-caen/startseite/verein/1162/saison_id/2015,2015,€14.00m,€6.05m ,+€7.95m,16,21
EA Guingamp,855,France,https://www.transfermarkt.com/ea-guingamp/startseite/verein/855/saison_id/2015,2015,€6.00m,€1.95m ,+€4.05m,12,15
Angers SCO,1420,France,https://www.transfermarkt.com/sco-angers/startseite/verein/1420/saison_id/2015,2015,€5.90m,                    0                ,+€5.90m,20,23
ESTAC Troyes,1095,France,https://www.transfermarkt.com/es-troyes-ac/startseite/verein/1095/saison_id/2015,2015,€7.30m,€300k ,+€7.00m,16,16
SC Bastia,595,France,https://www.transfermarkt.com/sc-bastia/startseite/verein/595/saison_id/2015,2015,€1.70m,                    0                ,+€1.70m,16,13
GFC Ajaccio,3558,France,https://www.transfermarkt.com/gfc-ajaccio/startseite/verein/3558/saison_id/2015,2015,0,                    0                ,-0,10,9
Paris Saint-Germain,583,France,https://www.transfermarkt.com/fc-paris-saint-germain/startseite/verein/583/saison_id/2016,2016,€59.80m,€134.50m ,€-74.70m ,14,14
AS Monaco,162,France,https://www.transfermarkt.com/as-monaco/startseite/verein/162/saison_id/2016,2016,€18.45m,€50.50m ,€-32.05m ,25,25
Olympique Lyon,1041,France,https://www.transfermarkt.com/olympique-lyon/startseite/verein/1041/saison_id/2016,2016,€27.30m,€28.60m ,€-1.30m ,13,12
OGC Nice,417,France,https://www.transfermarkt.com/ogc-nizza/startseite/verein/417/saison_id/2016,2016,€15.80m,€15.25m ,+€550k,19,21
Olympique Marseille,244,France,https://www.transfermarkt.com/olympique-marseille/startseite/verein/244/saison_id/2016,2016,€81.49m,€53.00m ,+€28.49m,24,26
FC Girondins Bordeaux,40,France,https://www.transfermarkt.com/fc-girondins-bordeaux/startseite/verein/40/saison_id/2016,2016,€2.60m,€11.85m ,€-9.25m ,14,13
AS Saint-Étienne,618,France,https://www.transfermarkt.com/as-saint-etienne/startseite/verein/618/saison_id/2016,2016,€2.25m,€7.00m ,€-4.75m ,14,15
LOSC Lille,1082,France,https://www.transfermarkt.com/losc-lille/startseite/verein/1082/saison_id/2016,2016,€47.00m,€20.70m ,+€26.30m,25,21
Stade Rennais FC,273,France,https://www.transfermarkt.com/fc-stade-rennes/startseite/verein/273/saison_id/2016,2016,€55.30m,€2.27m ,+€53.03m,21,23
FC Toulouse,415,France,https://www.transfermarkt.com/fc-toulouse/startseite/verein/415/saison_id/2016,2016,€10.00m,€13.00m ,€-3.00m ,15,19
FC Lorient,1158,France,https://www.transfermarkt.com/fc-lorient/startseite/verein/1158/saison_id/2016,2016,€32.15m,€8.60m ,+€23.55m,20,25
Montpellier HSC,969,France,https://www.transfermarkt.com/montpellier-hsc/startseite/verein/969/saison_id/2016,2016,€19.40m,€6.40m ,+€13.00m,16,14
FC Nantes,995,France,https://www.transfermarkt.com/fc-nantes/startseite/verein/995/saison_id/2016,2016,€2.65m,€5.00m ,€-2.36m ,12,13
Angers SCO,1420,France,https://www.transfermarkt.com/sco-angers/startseite/verein/1420/saison_id/2016,2016,€4.40m,€5.20m ,€-800k ,20,22
EA Guingamp,855,France,https://www.transfermarkt.com/ea-guingamp/startseite/verein/855/saison_id/2016,2016,€2.50m,                    0                ,+€2.50m,17,16
FC Metz,347,France,https://www.transfermarkt.com/fc-metz/startseite/verein/347/saison_id/2016,2016,€775k,€400k ,+€375k,27,26
SM Caen,1162,France,https://www.transfermarkt.com/sm-caen/startseite/verein/1162/saison_id/2016,2016,€11.00m,€4.25m ,+€6.75m,11,11
SC Bastia,595,France,https://www.transfermarkt.com/sc-bastia/startseite/verein/595/saison_id/2016,2016,€7.00m,€250k ,+€6.75m,17,17
AS Nancy-Lorraine,1159,France,https://www.transfermarkt.com/as-nancy-lorraine/startseite/verein/1159/saison_id/2016,2016,€10.90m,€2.30m ,+€8.60m,9,14
Dijon FCO,2969,France,https://www.transfermarkt.com/dijon-fco/startseite/verein/2969/saison_id/2016,2016,€1.25m,€3.15m ,€-1.90m ,15,14
Paris Saint-Germain,583,France,https://www.transfermarkt.com/fc-paris-saint-germain/startseite/verein/583/saison_id/2017,2017,€98.40m,€238.00m ,€-139.60m ,14,11
AS Monaco,162,France,https://www.transfermarkt.com/as-monaco/startseite/verein/162/saison_id/2017,2017,€199.50m,€122.40m ,+€77.10m,21,25
Olympique Lyon,1041,France,https://www.transfermarkt.com/olympique-lyon/startseite/verein/1041/saison_id/2017,2017,€119.55m,€58.05m ,+€61.50m,19,20
Olympique Marseille,244,France,https://www.transfermarkt.com/olympique-marseille/startseite/verein/244/saison_id/2017,2017,€2.75m,€62.00m ,€-59.25m ,21,17
OGC Nice,417,France,https://www.transfermarkt.com/ogc-nizza/startseite/verein/417/saison_id/2017,2017,€27.50m,€26.30m ,+€1.20m,19,15
FC Girondins Bordeaux,40,France,https://www.transfermarkt.com/fc-girondins-bordeaux/startseite/verein/40/saison_id/2017,2017,€28.25m,€32.60m ,€-4.35m ,23,25
Stade Rennais FC,273,France,https://www.transfermarkt.com/fc-stade-rennes/startseite/verein/273/saison_id/2017,2017,€15.80m,€53.90m ,€-38.10m ,21,19
FC Toulouse,415,France,https://www.transfermarkt.com/fc-toulouse/startseite/verein/415/saison_id/2017,2017,€13.00m,€3.50m ,+€9.50m,15,11
AS Saint-Étienne,618,France,https://www.transfermarkt.com/as-saint-etienne/startseite/verein/618/saison_id/2017,2017,€15.50m,€19.30m ,€-3.80m ,22,19
FC Nantes,995,France,https://www.transfermarkt.com/fc-nantes/startseite/verein/995/saison_id/2017,2017,€10.00m,€11.30m ,€-1.30m ,11,14
LOSC Lille,1082,France,https://www.transfermarkt.com/losc-lille/startseite/verein/1082/saison_id/2017,2017,€31.10m,€76.50m ,€-45.40m ,27,31
Montpellier HSC,969,France,https://www.transfermarkt.com/montpellier-hsc/startseite/verein/969/saison_id/2017,2017,€20.80m,€5.70m ,+€15.10m,16,13
Dijon FCO,2969,France,https://www.transfermarkt.com/dijon-fco/startseite/verein/2969/saison_id/2017,2017,€15.00m,€5.50m ,+€9.50m,13,12
Amiens SC,1416,France,https://www.transfermarkt.com/amiens-sc/startseite/verein/1416/saison_id/2017,2017,€8.00m,€6.63m ,+€1.37m,15,18
Angers SCO,1420,France,https://www.transfermarkt.com/sco-angers/startseite/verein/1420/saison_id/2017,2017,€26.00m,€12.40m ,+€13.60m,20,18
SM Caen,1162,France,https://www.transfermarkt.com/sm-caen/startseite/verein/1162/saison_id/2017,2017,€6.00m,€6.95m ,€-950k ,16,16
EA Guingamp,855,France,https://www.transfermarkt.com/ea-guingamp/startseite/verein/855/saison_id/2017,2017,€5.95m,€1.38m ,+€4.58m,16,15
FC Metz,347,France,https://www.transfermarkt.com/fc-metz/startseite/verein/347/saison_id/2017,2017,€22.85m,€3.60m ,+€19.25m,20,23
RC Strasbourg Alsace,667,France,https://www.transfermarkt.com/rc-strassburg-alsace/startseite/verein/667/saison_id/2017,2017,€2.00m,€5.40m ,€-3.40m ,15,15
ESTAC Troyes,1095,France,https://www.transfermarkt.com/es-troyes-ac/startseite/verein/1095/saison_id/2017,2017,0,                    0                ,-0,11,9
Paris Saint-Germain,583,France,https://www.transfermarkt.com/fc-paris-saint-germain/startseite/verein/583/saison_id/2018,2018,€114.00m,€262.00m ,€-148.00m ,18,20
Olympique Lyon,1041,France,https://www.transfermarkt.com/olympique-lyon/startseite/verein/1041/saison_id/2018,2018,€90.10m,€46.45m ,+€43.65m,17,18
AS Monaco,162,France,https://www.transfermarkt.com/as-monaco/startseite/verein/162/saison_id/2018,2018,€367.25m,€145.85m ,+€221.40m,27,37
LOSC Lille,1082,France,https://www.transfermarkt.com/losc-lille/startseite/verein/1082/saison_id/2018,2018,€69.70m,€8.90m ,+€60.80m,19,15
Olympique Marseille,244,France,https://www.transfermarkt.com/olympique-marseille/startseite/verein/244/saison_id/2018,2018,€32.85m,€66.00m ,€-33.15m ,10,13
OGC Nice,417,France,https://www.transfermarkt.com/ogc-nizza/startseite/verein/417/saison_id/2018,2018,€61.70m,€28.00m ,+€33.70m,12,13
FC Girondins Bordeaux,40,France,https://www.transfermarkt.com/fc-girondins-bordeaux/startseite/verein/40/saison_id/2018,2018,€50.70m,€21.46m ,+€29.25m,19,17
Stade Rennais FC,273,France,https://www.transfermarkt.com/fc-stade-rennes/startseite/verein/273/saison_id/2018,2018,€18.50m,€18.00m ,+€500k,15,19
AS Saint-Étienne,618,France,https://www.transfermarkt.com/as-saint-etienne/startseite/verein/618/saison_id/2018,2018,€18.70m,€15.00m ,+€3.70m,20,18
FC Nantes,995,France,https://www.transfermarkt.com/fc-nantes/startseite/verein/995/saison_id/2018,2018,€11.20m,€14.35m ,€-3.15m ,18,16
FC Toulouse,415,France,https://www.transfermarkt.com/fc-toulouse/startseite/verein/415/saison_id/2018,2018,€35.50m,€18.45m ,+€17.05m,19,18
Montpellier HSC,969,France,https://www.transfermarkt.com/montpellier-hsc/startseite/verein/969/saison_id/2018,2018,€25.50m,€10.15m ,+€15.35m,10,13
RC Strasbourg Alsace,667,France,https://www.transfermarkt.com/rc-strassburg-alsace/startseite/verein/667/saison_id/2018,2018,€14.00m,€15.75m ,€-1.75m ,12,16
Nîmes Olympique,1160,France,https://www.transfermarkt.com/nimes-olympique/startseite/verein/1160/saison_id/2018,2018,0,€3.15m ,€-3.15m ,8,13
Stade Reims,1421,France,https://www.transfermarkt.com/stade-reims/startseite/verein/1421/saison_id/2018,2018,€11.00m,€15.50m ,€-4.50m ,14,15
Angers SCO,1420,France,https://www.transfermarkt.com/sco-angers/startseite/verein/1420/saison_id/2018,2018,€21.00m,€4.45m ,+€16.55m,19,20
EA Guingamp,855,France,https://www.transfermarkt.com/ea-guingamp/startseite/verein/855/saison_id/2018,2018,€4.00m,€3.50m ,+€500k,13,13
Amiens SC,1416,France,https://www.transfermarkt.com/amiens-sc/startseite/verein/1416/saison_id/2018,2018,€10.00m,€7.49m ,+€2.51m,27,21
SM Caen,1162,France,https://www.transfermarkt.com/sm-caen/startseite/verein/1162/saison_id/2018,2018,€14.50m,€9.95m ,+€4.55m,24,25
Dijon FCO,2969,France,https://www.transfermarkt.com/dijon-fco/startseite/verein/2969/saison_id/2018,2018,€4.00m,€9.20m ,€-5.20m ,15,15
Paris Saint-Germain,583,France,https://www.transfermarkt.com/fc-paris-saint-germain/startseite/verein/583/saison_id/2019,2019,€105.90m,€95.00m ,+€10.90m,18,21
Olympique Lyon,1041,France,https://www.transfermarkt.com/olympique-lyon/startseite/verein/1041/saison_id/2019,2019,€160.32m,€126.00m ,+€34.32m,14,16
AS Monaco,162,France,https://www.transfermarkt.com/as-monaco/startseite/verein/162/saison_id/2019,2019,€83.75m,€200.00m ,€-116.25m ,37,33
LOSC Lille,1082,France,https://www.transfermarkt.com/losc-lille/startseite/verein/1082/saison_id/2019,2019,€151.00m,€99.40m ,+€51.60m,17,18
Olympique Marseille,244,France,https://www.transfermarkt.com/olympique-marseille/startseite/verein/244/saison_id/2019,2019,€27.25m,€27.00m ,+€250k,12,10
OGC Nice,417,France,https://www.transfermarkt.com/ogc-nizza/startseite/verein/417/saison_id/2019,2019,€23.11m,€52.20m ,€-29.09m ,16,15
Stade Rennais FC,273,France,https://www.transfermarkt.com/fc-stade-rennes/startseite/verein/273/saison_id/2019,2019,€54.50m,€58.10m ,€-3.60m ,21,22
FC Girondins Bordeaux,40,France,https://www.transfermarkt.com/fc-girondins-bordeaux/startseite/verein/40/saison_id/2019,2019,€62.25m,€17.00m ,+€45.25m,19,18
FC Nantes,995,France,https://www.transfermarkt.com/fc-nantes/startseite/verein/995/saison_id/2019,2019,€38.50m,€18.75m ,+€19.75m,20,22
AS Saint-Étienne,618,France,https://www.transfermarkt.com/as-saint-etienne/startseite/verein/618/saison_id/2019,2019,€45.85m,€13.45m ,+€32.40m,17,25
RC Strasbourg Alsace,667,France,https://www.transfermarkt.com/rc-strassburg-alsace/startseite/verein/667/saison_id/2019,2019,€21.50m,€11.00m ,+€10.50m,13,8
Angers SCO,1420,France,https://www.transfermarkt.com/sco-angers/startseite/verein/1420/saison_id/2019,2019,€34.00m,€10.40m ,+€23.60m,17,16
Montpellier HSC,969,France,https://www.transfermarkt.com/montpellier-hsc/startseite/verein/969/saison_id/2019,2019,€40.00m,€20.30m ,+€19.70m,16,15
Stade Reims,1421,France,https://www.transfermarkt.com/stade-reims/startseite/verein/1421/saison_id/2019,2019,€26.60m,€18.70m ,+€7.90m,20,19
FC Toulouse,415,France,https://www.transfermarkt.com/fc-toulouse/startseite/verein/415/saison_id/2019,2019,€17.15m,€14.00m ,+€3.15m,18,23
Amiens SC,1416,France,https://www.transfermarkt.com/amiens-sc/startseite/verein/1416/saison_id/2019,2019,€5.44m,€18.15m ,€-12.72m ,20,26
FC Metz,347,France,https://www.transfermarkt.com/fc-metz/startseite/verein/347/saison_id/2019,2019,€2.60m,€14.35m ,€-11.75m ,16,19
Dijon FCO,2969,France,https://www.transfermarkt.com/dijon-fco/startseite/verein/2969/saison_id/2019,2019,€24.50m,€10.47m ,+€14.04m,16,15
Nîmes Olympique,1160,France,https://www.transfermarkt.com/nimes-olympique/startseite/verein/1160/saison_id/2019,2019,€20.50m,€9.85m ,+€10.65m,17,17
Stade Brestois 29,3911,France,https://www.transfermarkt.com/stade-brest-29/startseite/verein/3911/saison_id/2019,2019,€500k,€7.50m ,€-7.00m ,13,13
Paris Saint-Germain,583,France,https://www.transfermarkt.com/fc-paris-saint-germain/startseite/verein/583/saison_id/2020,2020,€400k,€62.00m ,€-61.60m ,15,15
Olympique Lyon,1041,France,https://www.transfermarkt.com/olympique-lyon/startseite/verein/1041/saison_id/2020,2020,€50.60m,€36.69m ,+€13.91m,20,14
AS Monaco,162,France,https://www.transfermarkt.com/as-monaco/startseite/verein/162/saison_id/2020,2020,€13.53m,€52.70m ,€-39.17m ,32,32
LOSC Lille,1082,France,https://www.transfermarkt.com/losc-lille/startseite/verein/1082/saison_id/2020,2020,€104.18m,€40.43m ,+€63.75m,14,15
Stade Rennais FC,273,France,https://www.transfermarkt.com/fc-stade-rennes/startseite/verein/273/saison_id/2020,2020,€55.42m,€70.56m ,€-15.14m ,22,16
Olympique Marseille,244,France,https://www.transfermarkt.com/olympique-marseille/startseite/verein/244/saison_id/2020,2020,€32.05m,€17.42m ,+€14.63m,12,11
OGC Nice,417,France,https://www.transfermarkt.com/ogc-nizza/startseite/verein/417/saison_id/2020,2020,€20.51m,€29.23m ,€-8.72m ,25,25
AS Saint-Étienne,618,France,https://www.transfermarkt.com/as-saint-etienne/startseite/verein/618/saison_id/2020,2020,€44.10m,€5.60m ,+€38.50m,23,23
Montpellier HSC,969,France,https://www.transfermarkt.com/montpellier-hsc/startseite/verein/969/saison_id/2020,2020,0,€13.10m ,€-13.10m ,8,10
Angers SCO,1420,France,https://www.transfermarkt.com/sco-angers/startseite/verein/1420/saison_id/2020,2020,€10.70m,€11.25m ,€-550k ,14,17
RC Strasbourg Alsace,667,France,https://www.transfermarkt.com/rc-strassburg-alsace/startseite/verein/667/saison_id/2020,2020,€500k,€12.00m ,€-11.50m ,7,8
FC Girondins Bordeaux,40,France,https://www.transfermarkt.com/fc-girondins-bordeaux/startseite/verein/40/saison_id/2020,2020,€17.00m,                    0                ,+€17.00m,13,14
Stade Reims,1421,France,https://www.transfermarkt.com/stade-reims/startseite/verein/1421/saison_id/2020,2020,€17.00m,€11.20m ,+€5.80m,14,7
RC Lens,826,France,https://www.transfermarkt.com/rc-lens/startseite/verein/826/saison_id/2020,2020,0,€19.00m ,€-19.00m ,14,15
FC Metz,347,France,https://www.transfermarkt.com/fc-metz/startseite/verein/347/saison_id/2020,2020,€10.00m,€14.70m ,€-4.70m ,20,24
Stade Brestois 29,3911,France,https://www.transfermarkt.com/stade-brest-29/startseite/verein/3911/saison_id/2020,2020,€12.00m,€16.10m ,€-4.10m ,15,16
FC Nantes,995,France,https://www.transfermarkt.com/fc-nantes/startseite/verein/995/saison_id/2020,2020,€2.00m,€5.00m ,€-3.00m ,13,11
FC Lorient,1158,France,https://www.transfermarkt.com/fc-lorient/startseite/verein/1158/saison_id/2020,2020,€6.50m,€26.50m ,€-20.00m ,19,21
Dijon FCO,2969,France,https://www.transfermarkt.com/dijon-fco/startseite/verein/2969/saison_id/2020,2020,€17.00m,€15.80m ,+€1.20m,15,18
Nîmes Olympique,1160,France,https://www.transfermarkt.com/nimes-olympique/startseite/verein/1160/saison_id/2020,2020,€2.50m,€11.25m ,€-8.75m ,7,12
Paris Saint-Germain,583,France,https://www.transfermarkt.com/fc-paris-saint-germain/startseite/verein/583/saison_id/2021,2021,€11.00m,€91.00m ,€-80.00m ,17,23
Olympique Lyon,1041,France,https://www.transfermarkt.com/olympique-lyon/startseite/verein/1041/saison_id/2021,2021,€95.60m,€22.92m ,+€72.68m,15,22
AS Monaco,162,France,https://www.transfermarkt.com/as-monaco/startseite/verein/162/saison_id/2021,2021,€34.64m,€45.50m ,€-10.86m ,23,22
LOSC Lille,1082,France,https://www.transfermarkt.com/losc-lille/startseite/verein/1082/saison_id/2021,2021,€76.85m,€25.60m ,+€51.25m,16,16
Stade Rennais FC,273,France,https://www.transfermarkt.com/fc-stade-rennes/startseite/verein/273/saison_id/2021,2021,€45.40m,€81.50m ,€-36.10m ,20,23
Olympique Marseille,244,France,https://www.transfermarkt.com/olympique-marseille/startseite/verein/244/saison_id/2021,2021,€8.00m,€54.12m ,€-46.12m ,20,22
OGC Nice,417,France,https://www.transfermarkt.com/ogc-nizza/startseite/verein/417/saison_id/2021,2021,€26.05m,€55.00m ,€-28.95m ,23,22
RC Lens,826,France,https://www.transfermarkt.com/rc-lens/startseite/verein/826/saison_id/2021,2021,€18.00m,€20.60m ,€-2.60m ,18,17
Stade Reims,1421,France,https://www.transfermarkt.com/stade-reims/startseite/verein/1421/saison_id/2021,2021,€15.05m,€16.00m ,€-950k ,15,21
Montpellier HSC,969,France,https://www.transfermarkt.com/montpellier-hsc/startseite/verein/969/saison_id/2021,2021,€25.00m,€200k ,+€24.80m,14,12
RC Strasbourg Alsace,667,France,https://www.transfermarkt.com/rc-strassburg-alsace/startseite/verein/667/saison_id/2021,2021,€16.00m,€4.50m ,+€11.50m,19,16
FC Girondins Bordeaux,40,France,https://www.transfermarkt.com/fc-girondins-bordeaux/startseite/verein/40/saison_id/2021,2021,€18.60m,€9.80m ,+€8.80m,19,24
FC Nantes,995,France,https://www.transfermarkt.com/fc-nantes/startseite/verein/995/saison_id/2021,2021,€15.80m,€7.50m ,+€8.30m,15,12
AS Saint-Étienne,618,France,https://www.transfermarkt.com/as-saint-etienne/startseite/verein/618/saison_id/2021,2021,0,€600k ,€-600k ,15,13
Stade Brestois 29,3911,France,https://www.transfermarkt.com/stade-brest-29/startseite/verein/3911/saison_id/2021,2021,€28.20m,€9.25m ,+€18.95m,15,14
FC Metz,347,France,https://www.transfermarkt.com/fc-metz/startseite/verein/347/saison_id/2021,2021,€23.50m,€2.50m ,+€21.00m,19,19
Angers SCO,1420,France,https://www.transfermarkt.com/sco-angers/startseite/verein/1420/saison_id/2021,2021,€18.10m,€1.87m ,+€16.23m,15,10
ESTAC Troyes,1095,France,https://www.transfermarkt.com/es-troyes-ac/startseite/verein/1095/saison_id/2021,2021,0,€21.80m ,€-21.80m ,23,23
FC Lorient,1158,France,https://www.transfermarkt.com/fc-lorient/startseite/verein/1158/saison_id/2021,2021,€10.00m,€10.50m ,€-500k ,17,14
Clermont Foot 63,3524,France,https://www.transfermarkt.com/clermont-foot-63/startseite/verein/3524/saison_id/2021,2021,0,                    0                ,-0,16,17
